Countries,ISO3,Ore,1938,1939,1940,1941,1942,1943,1944,1945,1946,1947,1948,1949,1950,1951,1952,1953,1954,1955,1956,1957,1958,1959,1960,1961,1962,1963,1964,1965,1966,1967,1968,1969,1970,1971,1972,1973,1974,1975,1976,1977,1978,1979,1980,1981,1982,1983,1984,1985,1986,1987,1988,1989,1990,1991,1992,1993,1994,1995,1996,1997,1998,1999,2000,2001,2002,2003,2004,2005,2006,2007,2008,2009,2010,2011,2012,2013,2014,2015,2016,2017,2018,2019
Argentina,ARG,amblygonite,0.00,0.00,0.00,0.00,0.00,0.00,0.00,0.00,0.00,0.00,0.00,0.00,0.00,0.00,0.00,0.00,0.00,0.00,0.00,0.00,0.00,535.43,49.78,0.00,0.00,0.00,0.00,0.00,0.00,0.00,0.00,0.00,0.00,0.00,0.00,0.00,0.00,0.00,0.00,0.00,0.00,0.00,0.00,0.00,0.00,0.00,0.00,0.00,0.00,0.00,0.00,0.00,0.00,0.00,0.00,0.00,0.00,0.00,0.00,0.00,0.00,0.00,0.00,0.00,0.00,0.00,0.00,0.00,0.00,0.00,0.00,0.00,0.00,0.00,0.00,0.00,0.00,0.00,0.00,0.00,0.00,0.00
Argentina,ARG,non descript lithium minerals,0.00,0.00,0.00,0.00,0.00,0.00,0.00,0.00,0.00,0.00,0.00,0.00,0.00,0.00,0.00,0.00,0.00,0.00,0.00,0.00,0.00,0.00,0.00,0.00,0.00,0.00,724.41,621.79,270.26,246.89,127.00,0.00,0.00,0.00,0.00,0.00,0.00,487.00,675.00,412.00,950.00,900.00,80.00,25.00,113.00,152.00,145.00,35.00,184.00,178.00,119.00,104.00,69.00,287.00,620.00,300.00,400.00,400.00,0.00,1876.00,16760.00,0.00,7343.00,4512.00,5635.00,7550.00,11273.00,15700.00,16560.00,6691.00,6783.00,5016.00,17822.00,14017.00,13942.00,13200.00,16000.00,0.00,20073.00,30877.00,31060.00,34712.00
Argentina,ARG,spudomene,0.00,0.00,0.00,49.78,0.00,75.18,0.00,0.00,0.00,0.00,0.00,0.00,0.00,0.00,0.00,0.00,0.00,37.59,140.21,0.00,158.50,169.67,139.19,402.34,450.09,0.00,0.00,0.00,0.00,0.00,0.00,0.00,0.00,0.00,0.00,0.00,0.00,0.00,0.00,0.00,0.00,0.00,0.00,0.00,80.00,2492.00,6500.00,12009.00,8530.00,16621.00,27396.00,30000.00,0.00,0.00,0.00,0.00,0.00,0.00,0.00,0.00,0.00,0.00,0.00,0.00,0.00,0.00,0.00,0.00,0.00,0.00,0.00,0.00,0.00,0.00,0.00,0.00,0.00,0.00,0.00,0.00,0.00,0.00
Australia,AUS,amblygonite,0.00,0.00,0.00,0.00,0.00,8.13,0.00,0.00,0.00,0.00,0.00,0.00,0.00,0.00,0.00,0.00,0.00,0.00,0.00,0.00,0.00,0.00,15.24,24.38,138.18,438.91,0.00,0.00,0.00,677.67,749.81,721.36,0.00,0.00,0.00,0.00,0.00,0.00,0.00,0.00,0.00,0.00,0.00,0.00,0.00,0.00,0.00,0.00,0.00,0.00,0.00,0.00,0.00,0.00,0.00,0.00,0.00,0.00,0.00,0.00,0.00,0.00,0.00,0.00,0.00,0.00,0.00,0.00,0.00,0.00,0.00,0.00,0.00,0.00,0.00,0.00,0.00,0.00,0.00,0.00,0.00,0.00
Australia,AUS,petalite,0.00,0.00,0.00,0.00,0.00,0.00,0.00,0.00,0.00,0.00,0.00,5.08,0.00,0.00,0.00,0.00,15.24,0.00,0.00,0.00,69.09,0.00,1.02,97.54,0.00,0.00,211.33,314.96,947.93,0.00,0.00,0.00,0.00,0.00,0.00,0.00,0.00,0.00,0.00,0.00,0.00,0.00,0.00,0.00,0.00,0.00,0.00,0.00,0.00,0.00,0.00,0.00,0.00,0.00,0.00,0.00,0.00,0.00,0.00,0.00,0.00,0.00,0.00,0.00,0.00,0.00,0.00,0.00,0.00,0.00,0.00,0.00,0.00,0.00,0.00,0.00,0.00,0.00,0.00,0.00,0.00,0.00
Australia,AUS,spudomene,0.00,0.00,0.00,0.00,0.00,0.00,0.00,0.00,0.00,0.00,0.00,0.00,0.00,0.00,0.00,0.00,0.00,4.06,0.00,0.00,0.00,0.00,0.00,5.08,0.00,0.00,52.83,0.00,0.00,0.00,0.00,0.00,0.00,0.00,0.00,0.00,0.00,0.00,0.00,0.00,0.00,0.00,0.00,0.00,0.00,0.00,0.00,0.00,0.00,0.00,0.00,0.00,50576.00,43281.00,39980.00,40490.00,40000.00,80135.00,139287.00,56567.00,42337.00,54023.00,64983.00,56370.00,101212.00,124410.00,125000.00,173635.00,222101.00,245279.00,239528.00,197482.00,303729.00,421228.00,452921.00,363000.00,444000.00,439514.00,522181.00,1706619.00,1965944.00,1616764.00
"Rwanda, Burundi",BDI,amblygonite,0.00,0.00,0.00,0.00,0.00,0.00,0.00,0.00,0.00,0.00,0.00,0.00,0.00,0.00,0.00,0.00,0.00,0.00,0.00,0.00,10.16,2690.37,2330.70,1681.48,326.14,0.00,294.64,0.00,0.00,0.00,0.00,0.00,0.00,0.00,0.00,0.00,0.00,0.00,0.00,0.00,0.00,0.00,0.00,0.00,0.00,0.00,0.00,0.00,0.00,0.00,0.00,0.00,0.00,0.00,0.00,0.00,0.00,0.00,0.00,0.00,0.00,0.00,0.00,0.00,0.00,0.00,0.00,0.00,0.00,0.00,0.00,0.00,0.00,0.00,0.00,0.00,0.00,0.00,0.00,0.00,0.00,0.00
Bolivia,BOL,non descript lithium minerals,0.00,0.00,0.00,0.00,0.00,0.00,0.00,0.00,0.00,0.00,0.00,0.00,0.00,0.00,0.00,0.00,0.00,0.00,0.00,0.00,0.00,0.00,0.00,0.00,0.00,0.00,0.00,0.00,0.00,0.00,0.00,0.00,0.00,0.00,0.00,0.00,0.00,0.00,0.00,0.00,0.00,0.00,0.00,0.00,0.00,0.00,0.00,0.00,0.00,0.00,0.00,0.00,0.00,0.00,0.00,0.00,0.00,0.00,0.00,0.00,0.00,0.00,0.00,0.00,0.00,0.00,0.00,0.00,0.00,0.00,0.00,0.00,0.00,0.00,0.00,0.00,0.00,0.00,162.00,60.00,230.00,400.00
Brazil,BRA,amblygonite,0.00,0.00,0.00,0.00,0.00,0.00,0.00,0.00,0.00,0.00,0.00,0.00,0.00,0.00,0.00,0.00,0.00,0.00,0.00,0.00,0.00,0.00,0.00,0.00,0.00,0.00,0.00,25.40,0.00,6118.35,0.00,0.00,0.00,0.00,0.00,0.00,0.00,156.00,185.00,489.00,434.00,450.00,182.00,277.00,66.00,113.00,115.00,118.00,49.00,52.00,0.00,0.00,38.00,28.00,0.00,0.00,0.00,29.00,41.00,24.00,0.00,0.00,0.00,0.00,0.00,0.00,0.00,0.00,0.00,0.00,0.00,0.00,0.00,0.00,0.00,0.00,0.00,0.00,0.00,0.00,0.00,0.00
Brazil,BRA,lepidolite,0.00,0.00,0.00,0.00,0.00,0.00,0.00,0.00,0.00,0.00,0.00,0.00,0.00,0.00,0.00,0.00,0.00,0.00,0.00,0.00,0.00,0.00,0.00,0.00,0.00,0.00,0.00,0.00,0.00,0.00,0.00,0.00,0.00,0.00,0.00,0.00,0.00,468.00,1332.00,579.00,320.00,550.00,51.00,2.00,74.00,1.00,5.00,26.00,30.00,0.00,0.00,0.00,0.00,0.00,0.00,0.00,0.00,0.00,0.00,0.00,0.00,0.00,0.00,0.00,0.00,0.00,0.00,0.00,0.00,0.00,0.00,0.00,0.00,0.00,0.00,0.00,0.00,0.00,0.00,0.00,0.00,0.00
Brazil,BRA,petalite,0.00,0.00,0.00,0.00,0.00,0.00,0.00,0.00,0.00,0.00,0.00,0.00,0.00,0.00,0.00,0.00,0.00,0.00,0.00,0.00,0.00,0.00,0.00,0.00,0.00,0.00,0.00,0.00,0.00,0.00,0.00,0.00,0.00,0.00,0.00,0.00,0.00,3697.00,968.00,1028.00,1996.00,1000.00,2487.00,2080.00,2293.00,1892.00,2000.00,1323.00,1614.00,2946.00,3500.00,1471.00,334.00,212.00,0.00,0.00,0.00,137.00,30.00,386.00,260.00,493.00,1077.00,187.00,0.00,0.00,0.00,0.00,0.00,0.00,0.00,0.00,0.00,0.00,0.00,0.00,0.00,0.00,0.00,0.00,0.00,0.00
Brazil,BRA,spudomene,0.00,0.00,0.00,0.00,0.00,0.00,0.00,0.00,0.00,0.00,0.00,0.00,0.00,0.00,0.00,0.00,0.00,0.00,0.00,0.00,0.00,0.00,0.00,0.00,0.00,0.00,0.00,6814.31,99.57,49.78,0.00,0.00,0.00,0.00,0.00,0.00,0.00,792.00,413.00,112.00,885.00,100.00,98.00,243.00,341.00,116.00,120.00,0.00,0.00,0.00,0.00,0.00,103.00,1721.00,3056.00,0.00,0.00,7005.00,6500.00,6523.00,9225.00,10629.00,9796.00,8897.00,12046.00,9755.00,9064.00,8924.00,8585.00,7991.00,14460.00,15000.00,15733.00,7820.00,7084.00,7982.00,8000.00,5781.00,8804.00,9000.00,9000.00,9000.00
Canada,CAN,non descript lithium minerals,0.00,0.00,0.00,0.00,0.00,0.00,0.00,0.00,0.00,0.00,0.00,0.00,0.00,0.00,0.00,0.00,8.13,51.82,2172.21,2437.38,1747.52,1249.68,92.46,242.82,226.57,300.74,479.55,459.23,114.81,198.12,0.00,0.00,0.00,0.00,0.00,0.00,0.00,0.00,0.00,0.00,0.00,0.00,0.00,0.00,0.00,0.00,0.00,4500.00,7500.00,10000.00,15000.00,15000.00,9200.00,11300.00,10000.00,0.00,0.00,21000.00,22000.00,22500.00,22500.00,22500.00,22500.00,22500.00,22500.00,22500.00,22500.00,22500.00,22500.00,23000.00,22000.00,22000.00,0.00,0.00,0.00,0.00,108.00,0.00,0.00,0.00,0.00,0.00
Canada,CAN,spudomene,0.00,0.00,0.00,0.00,0.00,0.00,0.00,0.00,0.00,0.00,0.00,0.00,0.00,0.00,0.00,0.00,0.00,0.00,0.00,0.00,0.00,0.00,0.00,0.00,0.00,0.00,0.00,0.00,0.00,0.00,0.00,0.00,0.00,0.00,0.00,0.00,0.00,0.00,0.00,0.00,0.00,0.00,0.00,0.00,0.00,0.00,0.00,0.00,0.00,0.00,0.00,0.00,0.00,0.00,0.00,0.00,0.00,0.00,0.00,0.00,0.00,0.00,0.00,0.00,0.00,0.00,0.00,0.00,0.00,0.00,0.00,0.00,0.00,0.00,0.00,0.00,0.00,0.00,0.00,1100.00,140000.00,0.00
Chile,CHL,non descript lithium minerals,0.00,0.00,0.00,0.00,0.00,0.00,0.00,0.00,0.00,0.00,0.00,0.00,0.00,0.00,0.00,0.00,0.00,0.00,0.00,0.00,0.00,0.00,0.00,0.00,0.00,0.00,0.00,0.00,0.00,0.00,0.00,0.00,0.00,0.00,0.00,0.00,0.00,0.00,0.00,0.00,0.00,0.00,0.00,0.00,0.00,0.00,2110.00,4508.00,4458.00,6139.00,7332.00,7508.00,9082.00,8575.00,10823.00,10369.00,10439.00,12943.00,14180.00,24246.00,28377.00,28000.00,35869.00,31320.00,35242.00,41667.00,43971.00,43595.00,50035.00,59637.00,56881.00,30538.00,52851.00,69597.00,71594.00,60646.00,62253.00,56375.00,78182.00,81378.00,97323.00,112607.00
Chile,CHL,spudomene,0.00,0.00,0.00,0.00,0.00,0.00,0.00,0.00,0.00,0.00,0.00,0.00,0.00,0.00,0.00,0.00,0.00,0.00,0.00,0.00,0.00,0.00,0.00,0.00,0.00,0.00,0.00,0.00,0.00,0.00,0.00,0.00,0.00,0.00,0.00,0.00,0.00,0.00,0.00,0.00,0.00,0.00,0.00,0.00,0.00,0.00,0.00,0.00,0.00,0.00,0.00,0.00,0.00,0.00,0.00,0.00,0.00,0.00,0.00,0.00,0.00,0.00,0.00,0.00,0.00,0.00,0.00,0.00,0.00,0.00,0.00,0.00,0.00,0.00,0.00,0.00,0.00,0.00,0.00,0.00,0.00,0.00
China,CHN,non descript lithium minerals,0.00,0.00,0.00,0.00,0.00,0.00,0.00,0.00,0.00,0.00,0.00,0.00,0.00,0.00,0.00,0.00,0.00,0.00,0.00,0.00,0.00,0.00,0.00,0.00,0.00,0.00,0.00,0.00,0.00,0.00,0.00,0.00,0.00,0.00,0.00,0.00,0.00,9000.00,9000.00,10000.00,10000.00,10000.00,14000.00,14000.00,14000.00,15000.00,15000.00,15000.00,15000.00,15000.00,15000.00,15000.00,15000.00,15500.00,15500.00,15500.00,16000.00,49897.00,40640.00,66909.00,43122.00,46198.00,31967.00,34276.00,34000.00,35000.00,36000.00,37499.00,37000.00,38000.00,40000.00,40000.00,55000.00,58000.00,60000.00,61000.00,61000.00,3900.00,4800.00,7000.00,7100.00,7500.00
Belgian Congo,COD,amblygonite,0.00,0.00,0.00,0.00,0.00,0.00,0.00,0.00,0.00,0.00,0.00,0.00,0.00,0.00,0.00,0.00,370.84,1353.31,1810.51,2103.12,0.00,0.00,0.00,0.00,0.00,0.00,0.00,0.00,0.00,0.00,0.00,0.00,0.00,0.00,0.00,0.00,0.00,0.00,0.00,0.00,0.00,0.00,0.00,0.00,0.00,0.00,0.00,0.00,0.00,0.00,0.00,0.00,0.00,0.00,0.00,0.00,0.00,0.00,0.00,0.00,0.00,0.00,0.00,0.00,0.00,0.00,0.00,0.00,0.00,0.00,0.00,0.00,0.00,0.00,0.00,0.00,0.00,0.00,0.00,0.00,0.00,0.00
Spain,ESP,amblygonite,0.00,0.00,0.00,0.00,0.00,0.00,0.00,0.00,0.00,0.00,0.00,0.00,0.00,0.00,10.16,31.50,134.11,112.78,51.82,6.10,0.00,0.00,25.40,17.27,0.00,0.00,0.00,0.00,0.00,0.00,0.00,0.00,0.00,0.00,0.00,0.00,0.00,0.00,0.00,0.00,0.00,0.00,0.00,0.00,0.00,0.00,0.00,0.00,0.00,0.00,0.00,0.00,0.00,0.00,0.00,0.00,0.00,0.00,0.00,0.00,0.00,0.00,0.00,0.00,0.00,0.00,0.00,0.00,0.00,0.00,0.00,0.00,0.00,0.00,0.00,0.00,0.00,0.00,0.00,0.00,0.00,0.00
Spain,ESP,lepidolite,0.00,0.00,0.00,0.00,0.00,0.00,0.00,0.00,0.00,0.00,0.00,0.00,0.00,0.00,0.00,0.00,0.00,0.00,0.00,0.00,0.00,0.00,0.00,0.00,0.00,0.00,0.00,0.00,0.00,0.00,0.00,0.00,0.00,0.00,0.00,0.00,0.00,0.00,0.00,0.00,0.00,0.00,0.00,0.00,0.00,0.00,0.00,0.00,0.00,0.00,0.00,0.00,0.00,0.00,0.00,0.00,0.00,0.00,0.00,0.00,0.00,0.00,0.00,0.00,0.00,0.00,0.00,6751.00,8339.00,10326.00,9342.00,7000.00,7824.00,0.00,0.00,0.00,0.00,0.00,0.00,0.00,0.00,0.00
Mozambique,MOZ,amblygonite,0.00,0.00,0.00,0.00,0.00,0.00,0.00,0.00,0.00,0.00,0.00,0.00,0.00,0.00,0.00,0.00,0.00,0.00,34.54,0.00,0.00,0.00,0.00,0.00,0.00,0.00,0.00,0.00,0.00,5.08,5.08,1.02,0.00,0.00,0.00,0.00,0.00,0.00,0.00,0.00,0.00,0.00,0.00,0.00,0.00,0.00,0.00,0.00,0.00,0.00,0.00,0.00,0.00,0.00,0.00,0.00,0.00,0.00,0.00,0.00,0.00,0.00,0.00,0.00,0.00,0.00,0.00,0.00,0.00,0.00,0.00,0.00,0.00,0.00,0.00,0.00,0.00,0.00,0.00,0.00,0.00,0.00
Mozambique,MOZ,lepidolite,0.00,0.00,0.00,0.00,0.00,0.00,0.00,0.00,0.00,0.00,0.00,599.44,221.49,279.40,1100.33,5711.95,0.00,0.00,1001.78,0.00,87.38,90.42,0.00,153.42,274.32,103.63,0.00,76.20,0.00,249.94,600.46,391.16,0.00,0.00,0.00,0.00,0.00,730.00,730.00,0.00,0.00,0.00,0.00,0.00,0.00,0.00,0.00,0.00,0.00,0.00,0.00,0.00,0.00,0.00,0.00,0.00,0.00,0.00,0.00,0.00,0.00,0.00,0.00,0.00,0.00,0.00,0.00,0.00,0.00,0.00,0.00,0.00,0.00,0.00,0.00,0.00,0.00,0.00,0.00,0.00,0.00,0.00
Mozambique,MOZ,spudomene,0.00,0.00,0.00,0.00,0.00,0.00,0.00,0.00,0.00,0.00,0.00,0.00,0.00,0.00,0.00,0.00,0.00,0.00,0.00,0.00,0.00,0.00,0.00,0.00,0.00,0.00,0.00,0.00,0.00,0.00,0.00,0.00,0.00,0.00,0.00,0.00,0.00,25.00,25.00,0.00,0.00,0.00,0.00,0.00,0.00,0.00,0.00,0.00,0.00,0.00,0.00,0.00,0.00,0.00,0.00,0.00,0.00,0.00,0.00,0.00,0.00,0.00,0.00,0.00,0.00,0.00,0.00,0.00,0.00,0.00,0.00,0.00,0.00,0.00,0.00,0.00,0.00,0.00,0.00,0.00,0.00,0.00
South West Africa,NAM,amblygonite,776.22,814.83,256.03,207.26,22.35,0.00,0.00,0.00,0.00,30.48,159.51,117.86,265.18,524.26,647.19,306.83,1062.74,1282.19,753.87,485.65,484.63,219.46,145.29,122.94,128.02,116.84,12.19,35.56,27.43,0.00,0.00,0.00,0.00,0.00,0.00,0.00,0.00,0.00,0.00,0.00,0.00,0.00,0.00,0.00,0.00,0.00,0.00,0.00,0.00,0.00,0.00,0.00,0.00,0.00,0.00,0.00,0.00,0.00,0.00,0.00,0.00,0.00,0.00,0.00,0.00,0.00,0.00,0.00,0.00,0.00,0.00,0.00,0.00,0.00,0.00,0.00,0.00,0.00,0.00,0.00,0.00,0.00
South West Africa,NAM,lepidolite,0.00,436.88,904.24,0.00,401.32,731.52,1671.32,1153.16,1706.88,2997.20,1234.44,811.78,8453.12,10060.43,7179.06,7658.61,3789.68,1662.18,1033.27,799.59,945.90,1966.98,881.89,1286.26,1615.44,78.23,368.81,270.26,331.22,0.00,0.00,0.00,0.00,0.00,0.00,0.00,0.00,0.00,0.00,0.00,0.00,0.00,0.00,0.00,0.00,0.00,0.00,0.00,0.00,0.00,0.00,0.00,0.00,0.00,0.00,0.00,0.00,0.00,0.00,0.00,0.00,0.00,0.00,0.00,0.00,0.00,0.00,0.00,0.00,0.00,0.00,0.00,0.00,0.00,0.00,0.00,0.00,0.00,0.00,0.00,0.00,0.00
Namibia,NAM,lepidolite,0.00,0.00,0.00,0.00,0.00,0.00,0.00,0.00,0.00,0.00,0.00,0.00,0.00,0.00,0.00,0.00,0.00,0.00,0.00,0.00,0.00,0.00,0.00,0.00,0.00,0.00,0.00,0.00,0.00,0.00,0.00,0.00,0.00,0.00,0.00,0.00,0.00,0.00,0.00,0.00,0.00,0.00,0.00,0.00,0.00,0.00,0.00,0.00,0.00,0.00,0.00,0.00,0.00,0.00,0.00,0.00,0.00,0.00,0.00,0.00,0.00,0.00,0.00,0.00,0.00,0.00,0.00,0.00,0.00,0.00,0.00,0.00,0.00,0.00,0.00,0.00,0.00,0.00,0.00,0.00,30000.00,0.00
Namibia,NAM,nondescript non descript lithium minerals,0.00,0.00,0.00,0.00,0.00,0.00,0.00,0.00,0.00,0.00,0.00,0.00,0.00,0.00,0.00,0.00,0.00,0.00,0.00,0.00,0.00,0.00,0.00,0.00,0.00,0.00,0.00,0.00,0.00,0.00,0.00,0.00,0.00,0.00,0.00,0.00,0.00,51373.00,5892.00,2548.00,0.00,2700.00,0.00,1263.00,1040.00,780.00,800.00,1873.00,855.00,927.00,1642.00,1398.00,1268.00,1152.00,1162.00,739.00,1362.00,2611.00,1971.00,632.00,247.00,0.00,0.00,0.00,0.00,0.00,0.00,0.00,0.00,0.00,0.00,0.00,0.00,0.00,0.00,0.00,0.00,0.00,0.00,0.00,0.00,0.00
'South West Africa-,NAM,petalite,0.00,0.00,40.64,10.16,15.24,0.00,0.00,0.00,0.00,101.60,162.56,121.92,163.58,157.48,1064.77,1449.83,1756.66,4787.39,3333.50,4830.06,6717.79,2527.81,3741.93,2304.29,913.38,784.35,723.39,1208.02,1219.20,0.00,0.00,0.00,0.00,0.00,0.00,0.00,0.00,0.00,0.00,0.00,0.00,0.00,0.00,0.00,0.00,0.00,0.00,0.00,0.00,0.00,0.00,0.00,0.00,0.00,0.00,0.00,0.00,0.00,0.00,0.00,0.00,0.00,0.00,0.00,0.00,0.00,0.00,0.00,0.00,0.00,0.00,0.00,0.00,0.00,0.00,0.00,0.00,0.00,0.00,0.00,0.00,0.00
South West Africa,NAM,spudomene,0.00,0.00,0.00,0.00,0.00,0.00,0.00,0.00,0.00,0.00,0.00,0.00,0.00,0.00,0.00,1.02,1.02,0.00,0.00,0.00,0.00,0.00,0.00,0.00,0.00,0.00,162.56,868.68,305.82,0.00,36.58,35.56,0.00,0.00,0.00,0.00,0.00,0.00,0.00,0.00,0.00,0.00,0.00,0.00,0.00,0.00,0.00,0.00,0.00,0.00,0.00,0.00,0.00,0.00,0.00,0.00,0.00,0.00,0.00,0.00,0.00,0.00,0.00,0.00,0.00,0.00,0.00,0.00,0.00,0.00,0.00,0.00,0.00,0.00,0.00,0.00,0.00,0.00,0.00,0.00,0.00,0.00
Nigeria,NGA,nondescript non descript lithium minerals,0.00,0.00,0.00,0.00,0.00,0.00,0.00,0.00,0.00,0.00,0.00,0.00,0.00,0.00,0.00,0.00,0.00,0.00,0.00,0.00,0.00,0.00,0.00,0.00,0.00,0.00,0.00,0.00,0.00,0.00,0.00,0.00,0.00,0.00,0.00,0.00,0.00,0.00,0.00,0.00,0.00,0.00,0.00,0.00,0.00,0.00,0.00,0.00,0.00,0.00,0.00,0.00,0.00,0.00,0.00,0.00,0.00,0.00,0.00,0.00,0.00,0.00,0.00,0.00,0.00,0.00,0.00,0.00,0.00,0.00,0.00,0.00,0.00,0.00,0.00,0.00,0.00,0.00,0.00,0.00,1567.00,133.00
Portugal,PRT,amblygonite,0.00,0.00,0.00,20.32,0.00,90.42,99.57,2.03,0.00,0.00,0.00,18.29,10.16,17.27,10.16,16.26,9.14,4.06,0.00,0.00,0.00,0.00,0.00,0.00,0.00,0.00,0.00,0.00,0.00,0.00,0.00,0.00,0.00,0.00,0.00,0.00,0.00,0.00,0.00,0.00,0.00,0.00,0.00,0.00,0.00,0.00,0.00,0.00,0.00,0.00,0.00,0.00,0.00,0.00,0.00,0.00,0.00,0.00,0.00,0.00,0.00,0.00,0.00,0.00,0.00,0.00,0.00,0.00,0.00,0.00,0.00,0.00,0.00,0.00,0.00,0.00,0.00,0.00,0.00,0.00,0.00,0.00
Portugal,PRT,lepidolite,0.00,0.00,0.00,0.00,0.00,0.00,0.00,0.00,0.00,0.00,0.00,0.00,0.00,0.00,0.00,0.00,0.00,0.00,0.00,0.00,0.00,0.00,0.00,0.00,0.00,0.00,0.00,0.00,0.00,0.00,0.00,0.00,0.00,0.00,0.00,0.00,0.00,1100.00,1100.00,1000.00,800.00,1000.00,1200.00,1200.00,905.00,700.00,600.00,130.00,1800.00,9380.00,14109.00,18264.00,20775.00,18970.00,15904.00,13289.00,14000.00,8740.00,7626.00,6838.00,13306.00,0.00,9352.00,11571.00,16325.00,24606.00,28696.00,26185.00,28497.00,34755.00,34888.00,38500.00,40109.00,37534.00,20698.00,19940.00,17459.00,19275.00,40785.00,65743.00,76818.00,59912.00
Portugal,PRT,phyllite,0.00,0.00,0.00,0.00,0.00,0.00,0.00,6.10,49.78,0.00,0.00,0.00,0.00,0.00,0.00,0.00,0.00,0.00,0.00,0.00,0.00,0.00,0.00,0.00,0.00,0.00,0.00,0.00,0.00,0.00,0.00,0.00,0.00,0.00,0.00,0.00,0.00,0.00,0.00,0.00,0.00,0.00,0.00,0.00,0.00,0.00,0.00,0.00,0.00,0.00,0.00,0.00,0.00,0.00,0.00,0.00,0.00,0.00,0.00,0.00,0.00,0.00,0.00,0.00,0.00,0.00,0.00,0.00,0.00,0.00,0.00,0.00,0.00,0.00,0.00,0.00,0.00,0.00,0.00,0.00,0.00,0.00
Russia,RUS,nondescript non descript lithium minerals,0.00,0.00,0.00,0.00,0.00,0.00,0.00,0.00,0.00,0.00,0.00,0.00,0.00,0.00,0.00,0.00,0.00,0.00,0.00,0.00,0.00,0.00,0.00,0.00,0.00,0.00,0.00,0.00,0.00,0.00,0.00,0.00,0.00,0.00,0.00,0.00,0.00,45000.00,45000.00,50000.00,50000.00,50000.00,55000.00,55000.00,55000.00,55000.00,55000.00,55000.00,55000.00,55000.00,55000.00,55000.00,55000.00,50000.00,45000.00,40000.00,40000.00,0.00,0.00,0.00,0.00,0.00,0.00,0.00,0.00,0.00,0.00,0.00,0.00,0.00,0.00,0.00,0.00,0.00,0.00,0.00,0.00,0.00,0.00,0.00,0.00,0.00
"Rwanda, Burundi",RWA,amblygonite,0.00,0.00,0.00,0.00,0.00,0.00,0.00,0.00,0.00,0.00,0.00,0.00,0.00,0.00,0.00,0.00,0.00,0.00,0.00,0.00,0.00,0.00,0.00,0.00,0.00,0.00,0.00,0.00,0.00,0.00,0.00,0.00,0.00,0.00,0.00,0.00,0.00,0.00,0.00,0.00,0.00,0.00,0.00,0.00,0.00,0.00,0.00,0.00,0.00,0.00,0.00,0.00,0.00,0.00,0.00,0.00,0.00,0.00,0.00,0.00,0.00,0.00,0.00,0.00,0.00,0.00,0.00,0.00,0.00,0.00,0.00,0.00,0.00,0.00,0.00,0.00,0.00,0.00,0.00,0.00,0.00,0.00
Rwanda,RWA,amblygonite,0.00,0.00,0.00,0.00,0.00,0.00,0.00,0.00,0.00,0.00,0.00,0.00,0.00,0.00,0.00,0.00,0.00,0.00,0.00,0.00,0.00,0.00,0.00,0.00,0.00,0.00,0.00,0.00,0.00,0.00,0.00,0.00,0.00,0.00,0.00,0.00,0.00,30.00,30.00,30.00,30.00,30.00,30.00,25.00,0.00,0.00,0.00,0.00,0.00,0.00,0.00,0.00,0.00,0.00,0.00,0.00,0.00,0.00,0.00,0.00,0.00,0.00,0.00,0.00,0.00,0.00,0.00,0.00,0.00,0.00,0.00,0.00,0.00,0.00,0.00,0.00,0.00,0.00,0.00,0.00,0.00,0.00
Surinam,SUR,amblygonite,0.00,0.00,0.00,0.00,0.00,0.00,0.00,0.00,0.00,0.00,0.00,0.00,0.00,0.00,0.00,0.00,0.00,0.00,0.00,0.00,0.00,0.00,0.00,430.78,749.81,0.00,0.00,0.00,0.00,0.00,0.00,0.00,0.00,0.00,0.00,0.00,0.00,0.00,0.00,0.00,0.00,0.00,0.00,0.00,0.00,0.00,0.00,0.00,0.00,0.00,0.00,0.00,0.00,0.00,0.00,0.00,0.00,0.00,0.00,0.00,0.00,0.00,0.00,0.00,0.00,0.00,0.00,0.00,0.00,0.00,0.00,0.00,0.00,0.00,0.00,0.00,0.00,0.00,0.00,0.00,0.00,0.00
Surinam,SUR,spudomene,0.00,0.00,0.00,0.00,0.00,0.00,0.00,0.00,0.00,0.00,0.00,0.00,0.00,0.00,0.00,0.00,0.00,0.00,0.00,0.00,159.51,424.69,0.00,0.00,150.37,25.40,0.00,0.00,0.00,0.00,0.00,0.00,0.00,0.00,0.00,0.00,0.00,0.00,0.00,0.00,0.00,0.00,0.00,0.00,0.00,0.00,0.00,107.00,366.00,505.00,0.00,0.00,0.00,0.00,0.00,0.00,0.00,0.00,0.00,0.00,0.00,0.00,0.00,0.00,0.00,0.00,0.00,0.00,0.00,0.00,0.00,0.00,0.00,0.00,0.00,0.00,0.00,0.00,0.00,0.00,0.00,0.00
Sweden,SWE,petalite,0.00,0.00,219.46,421.64,221.49,311.91,147.32,0.00,0.00,0.00,0.00,0.00,0.00,0.00,0.00,0.00,0.00,0.00,0.00,0.00,0.00,0.00,0.00,0.00,0.00,0.00,0.00,0.00,0.00,0.00,0.00,0.00,0.00,0.00,0.00,0.00,0.00,0.00,0.00,0.00,0.00,0.00,0.00,0.00,0.00,0.00,0.00,0.00,0.00,0.00,0.00,0.00,0.00,0.00,0.00,0.00,0.00,0.00,0.00,0.00,0.00,0.00,0.00,0.00,0.00,0.00,0.00,0.00,0.00,0.00,0.00,0.00,0.00,0.00,0.00,0.00,0.00,0.00,0.00,0.00,0.00,0.00
Uganda,UGA,amblygonite,0.00,0.00,0.00,0.00,0.00,0.00,0.00,0.00,0.00,0.00,0.00,203.20,264.16,19.30,0.00,16.26,7.11,0.00,0.00,0.00,0.00,0.00,0.00,23.37,20.32,47.75,0.00,76.20,0.00,50.80,44.70,6.10,0.00,0.00,0.00,0.00,0.00,0.00,0.00,0.00,0.00,0.00,0.00,0.00,0.00,0.00,0.00,0.00,0.00,0.00,0.00,0.00,0.00,0.00,0.00,0.00,0.00,0.00,0.00,0.00,0.00,0.00,0.00,0.00,0.00,0.00,0.00,0.00,0.00,0.00,0.00,0.00,0.00,0.00,0.00,0.00,0.00,0.00,0.00,0.00,0.00,0.00
United States,USA,nondescript,808.74,1805.43,1824.74,3476.75,4903.22,7397.50,12082.27,2218.94,2780.79,2213.86,3520.44,4389.12,8441.94,10871.20,14161.01,24710.14,34317.43,0.00,0.00,0.00,0.00,0.00,0.00,0.00,0.00,0.00,0.00,0.00,0.00,0.00,0.00,0.00,0.00,0.00,0.00,0.00,0.00,4000.00,4000.00,4000.00,4000.00,4000.00,5000.00,5000.00,3500.00,4500.00,5000.00,4500.00,4000.00,4000.00,4000.00,4500.00,4000.00,4000.00,3500.00,3500.00,0.00,3500.00,4000.00,4000.00,0.00,0.00,1500.00,1500.00,1500.00,1500.00,1500.00,500.00,500.00,500.00,500.00,1500.00,1000.00,1000.00,1000.00,870.00,900.00,900.00,900.00,900.00,900.00,900.00
Sweden,SWE,spudomene,0.00,0.00,191.01,113.79,34.54,84.33,110.74,20.32,48.77,0.00,0.00,0.00,0.00,0.00,0.00,0.00,0.00,0.00,0.00,0.00,0.00,0.00,0.00,0.00,0.00,0.00,0.00,0.00,0.00,0.00,0.00,0.00,0.00,0.00,0.00,0.00,0.00,0.00,0.00,0.00,0.00,0.00,0.00,0.00,0.00,0.00,0.00,0.00,0.00,0.00,0.00,0.00,0.00,0.00,0.00,0.00,0.00,0.00,0.00,0.00,0.00,0.00,0.00,0.00,0.00,0.00,0.00,0.00,0.00,0.00,0.00,0.00,0.00,0.00,0.00,0.00,0.00,0.00,0.00,0.00,0.00,0.00
Union of South Africa,ZAF,amblygonite,0.00,0.00,0.00,0.00,0.00,0.00,0.00,0.00,0.00,0.00,0.00,0.00,13.21,0.00,0.00,54.86,51.82,386.08,647.19,27.43,0.00,0.00,0.00,0.00,0.00,0.00,0.00,0.00,0.00,0.00,0.00,0.00,0.00,0.00,0.00,0.00,0.00,0.00,0.00,0.00,0.00,0.00,0.00,0.00,0.00,0.00,0.00,0.00,0.00,0.00,0.00,0.00,0.00,0.00,0.00,0.00,0.00,0.00,0.00,0.00,0.00,0.00,0.00,0.00,0.00,0.00,0.00,0.00,0.00,0.00,0.00,0.00,0.00,0.00,0.00,0.00,0.00,0.00,0.00,0.00,0.00,0.00
South Africa,ZAF,amblygonite,0.00,0.00,0.00,0.00,0.00,0.00,0.00,0.00,0.00,0.00,0.00,0.00,0.00,0.00,0.00,0.00,0.00,0.00,0.00,0.00,0.00,9.14,156.46,235.71,1146.05,377.95,0.00,0.00,0.00,0.00,0.00,0.00,0.00,0.00,0.00,0.00,0.00,0.00,0.00,0.00,0.00,0.00,0.00,0.00,0.00,0.00,0.00,0.00,0.00,0.00,0.00,0.00,0.00,0.00,0.00,0.00,0.00,0.00,0.00,0.00,0.00,0.00,0.00,0.00,0.00,0.00,0.00,0.00,0.00,0.00,0.00,0.00,0.00,0.00,0.00,0.00,0.00,0.00,0.00,0.00,0.00,0.00
Southern Rhodesia,ZWE,amblygonite,0.00,0.00,0.00,0.00,0.00,0.00,0.00,0.00,0.00,0.00,0.00,0.00,181.86,172.72,81.28,304.80,393.19,163.58,586.23,110.74,1664.21,0.00,0.00,78.23,31.50,46.74,0.00,0.00,0.00,0.00,0.00,0.00,0.00,0.00,0.00,0.00,0.00,0.00,0.00,0.00,0.00,0.00,0.00,0.00,0.00,0.00,0.00,0.00,0.00,0.00,0.00,0.00,0.00,0.00,0.00,0.00,0.00,0.00,0.00,0.00,0.00,0.00,0.00,0.00,0.00,0.00,0.00,0.00,0.00,0.00,0.00,0.00,0.00,0.00,0.00,0.00,0.00,0.00,0.00,0.00,0.00,0.00
Southern Rhodesia,ZWE,eucryptite,0.00,0.00,0.00,0.00,0.00,0.00,0.00,0.00,0.00,0.00,0.00,0.00,0.00,0.00,0.00,0.00,0.00,0.00,0.00,0.00,360.68,0.00,1210.06,1704.85,785.37,1055.62,731.52,483.62,0.00,0.00,0.00,0.00,0.00,0.00,0.00,0.00,0.00,0.00,0.00,0.00,0.00,0.00,0.00,0.00,0.00,0.00,0.00,0.00,0.00,0.00,0.00,0.00,0.00,0.00,0.00,0.00,0.00,0.00,0.00,0.00,0.00,0.00,0.00,0.00,0.00,0.00,0.00,0.00,0.00,0.00,0.00,0.00,0.00,0.00,0.00,0.00,0.00,0.00,0.00,0.00,0.00,0.00
'Southern Rhodesia-,ZWE,lepidolite,0.00,0.00,0.00,0.00,0.00,0.00,0.00,0.00,0.00,0.00,0.00,0.00,0.00,1592.07,1118.62,6968.74,24410.42,52354.48,76743.56,84858.35,58691.27,0.00,14047.22,21805.39,19270.47,14656.82,20812.76,12056.87,0.00,0.00,0.00,0.00,0.00,0.00,0.00,0.00,0.00,0.00,0.00,0.00,0.00,0.00,0.00,0.00,0.00,0.00,0.00,0.00,0.00,0.00,0.00,0.00,0.00,0.00,0.00,0.00,0.00,0.00,0.00,0.00,0.00,0.00,0.00,0.00,0.00,0.00,0.00,0.00,0.00,0.00,0.00,0.00,0.00,0.00,0.00,0.00,0.00,0.00,0.00,0.00,0.00,0.00
Zimbabwe,ZWE,nondescript non descript lithium minerals,0.00,0.00,0.00,0.00,0.00,0.00,0.00,0.00,0.00,0.00,0.00,0.00,0.00,0.00,0.00,0.00,0.00,0.00,0.00,0.00,0.00,0.00,0.00,0.00,0.00,0.00,0.00,0.00,0.00,0.00,0.00,0.00,0.00,0.00,0.00,0.00,0.00,883.00,40722.00,8050.00,16688.00,13197.00,21030.00,16444.00,9786.00,19193.00,22548.00,27910.00,32760.00,14959.00,15073.00,20647.00,19053.00,9186.00,12837.00,18064.00,25279.00,33498.00,30929.00,49833.00,28055.00,36671.00,37914.00,36103.00,29320.00,12131.00,13710.00,0.00,0.00,0.00,0.00,0.00,42000.00,44000.00,47000.00,44000.00,44000.00,44000.00,48000.00,51000.00,70000.00,65000.00
Southern Rhodesia,ZWE,petalite,0.00,0.00,0.00,0.00,0.00,0.00,0.00,0.00,0.00,0.00,0.00,0.00,0.00,0.00,101.60,10504.42,24227.54,21961.86,12268.20,9011.92,11943.08,0.00,57727.09,25125.68,19689.06,27165.81,33064.70,20354.54,0.00,0.00,0.00,0.00,0.00,0.00,0.00,0.00,0.00,0.00,0.00,0.00,0.00,0.00,0.00,0.00,0.00,0.00,0.00,0.00,0.00,0.00,0.00,0.00,0.00,0.00,0.00,0.00,0.00,0.00,0.00,0.00,0.00,0.00,0.00,0.00,0.00,0.00,0.00,0.00,0.00,0.00,0.00,0.00,0.00,0.00,0.00,0.00,0.00,0.00,0.00,0.00,0.00,0.00
Southern Rhodesia,ZWE,spudomene,0.00,0.00,0.00,0.00,0.00,0.00,0.00,0.00,0.00,0.00,0.00,0.00,0.00,0.00,40.64,40.64,0.00,45.72,4032.50,5078.98,4751.83,0.00,6975.86,1476.25,1357.38,2027.94,6318.50,10442.45,0.00,0.00,0.00,0.00,0.00,0.00,0.00,0.00,0.00,0.00,0.00,0.00,0.00,0.00,0.00,0.00,0.00,0.00,0.00,0.00,0.00,0.00,0.00,0.00,0.00,0.00,0.00,0.00,0.00,0.00,0.00,0.00,0.00,0.00,0.00,0.00,0.00,0.00,0.00,0.00,0.00,0.00,0.00,0.00,0.00,0.00,0.00,0.00,0.00,0.00,0.00,0.00,0.00,0.00
Zimbabwe,ZWE,total lithium ore ,0,0,0,0,0,0,0,0,0,0,0,0,181.864,1764.792,1342.136,17818.608,49031.144,74525.632,93630.496,99060,77411.072,0,79960.216,50190.4,41133.776,44952.92,60927.488,43337.48,0,0,0,0,0,0,0,0,0,883,40722,8050,16688,13197,21030,16444,9786,19193,22548,27910,32760,14959,15073,20647,19053,9186,12837,18064,25279,33498,30929,49833,28055,36671,37914,36103,29320,12131,13710,0,0,0,0,0,42000,44000,47000,44000,44000,44000,48000,51000,70000,65000
South Africa,ZAF,total lithium ore ,0,0,0,0,0,0,0,0,0,0,0,0,13.208,0,0,54.864,51.816,386.08,647.192,27.432,0,9.144,156.464,235.712,1146.048,377.952,0,0,0,0,0,0,0,0,0,0,0,0,0,0,0,0,0,0,0,0,0,0,0,0,0,0,0,0,0,0,0,0,0,0,0,0,0,0,0,0,0,0,0,0,0,0,0,0,0,0,0,0,0,0,0,0
Surinam,SUR,total lithium ore ,0,0,0,0,0,0,0,0,0,0,0,0,0,0,0,0,0,0,0,0,159.512,424.688,0,430.784,900.176,25.4,0,0,0,0,0,0,0,0,0,0,0,0,0,0,0,0,0,0,0,0,0,107,366,505,0,0,0,0,0,0,0,0,0,0,0,0,0,0,0,0,0,0,0,0,0,0,0,0,0,0,0,0,0,0,0,0
Rwanda & Burundi,RWA,total lithium ore ,0,0,0,0,0,0,0,0,0,0,0,0,0,0,0,0,0,0,0,0,0,0,0,0,0,0,0,0,0,0,0,0,0,0,0,0,0,30,30,30,30,30,30,25,0,0,0,0,0,0,0,0,0,0,0,0,0,0,0,0,0,0,0,0,0,0,0,0,0,0,0,0,0,0,0,0,0,0,0,0,0,0
Portugal,PRT,total lithium ore ,0,0,0,20.32,0,90.424,99.568,8.128,49.784,0,0,18.288,10.16,17.272,10.16,16.256,9.144,4.064,0,0,0,0,0,0,0,0,0,0,0,0,0,0,0,0,0,0,0,1100,1100,1000,800,1000,1200,1200,905,700,600,130,1800,9380,14109,18264,20775,18970,15904,13289,14000,8740,7626,6838,13306,0,9352,11571,16325,24606,28696,26185,28497,34755,34888,38500,40109,37534,20698,19940,17459,19275,40785,65743,76818,59912
Namibia,NAM,total lithium ore ,776.224,1251.712,1200.912,217.424,438.912,731.52,1671.32,1153.16,1706.88,3129.28,1556.512,1051.56,8881.872,10742.168,8891.016,9416.288,6610.096,7731.76,5120.64,6115.304,8148.32,4714.24,4769.104,3713.48,2656.84,979.424,1266.952,2382.52,1883.664,0,36.576,35.56,0,0,0,0,0,51373,5892,2548,0,2700,0,1263,1040,780,800,1873,855,927,1642,1398,1268,1152,1162,739,1362,2611,1971,632,247,0,0,0,0,0,0,0,0,0,0,0,0,0,0,0,0,0,0,0,30000,0
Mozambique,MOZ,total lithium ore ,0,0,0,0,0,0,0,0,0,0,0,599.44,221.488,279.4,1100.328,5711.952,0,0,1036.32,0,87.376,90.424,0,153.416,274.32,103.632,0,76.2,0,255.016,605.536,392.176,0,0,0,0,0,755,755,0,0,0,0,0,0,0,0,0,0,0,0,0,0,0,0,0,0,0,0,0,0,0,0,0,0,0,0,0,0,0,0,0,0,0,0,0,0,0,0,0,0,0
Spain,ESP,total lithium ore ,0,0,0,0,0,0,0,0,0,0,0,0,0,0,10.16,31.496,134.112,112.776,51.816,6.096,0,0,25.4,17.272,0,0,0,0,0,0,0,0,0,0,0,0,0,0,0,0,0,0,0,0,0,0,0,0,0,0,0,0,0,0,0,0,0,0,0,0,0,0,0,0,0,0,0,6751,8339,10326,9342,7000,7824,0,0,0,0,0,0,0,0,0
Chile,CHL,total lithium ore ,0,0,0,0,0,0,0,0,0,0,0,0,0,0,0,0,0,0,0,0,0,0,0,0,0,0,0,0,0,0,0,0,0,0,0,0,0,0,0,0,0,0,0,0,0,0,2110,4508,4458,6139,7332,7508,9082,8575,10823,10369,10439,12943,14180,24246,28377,28000,35869,31320,35242,41667,43971,43595,50035,59637,56881,30538,52851,69597,71594,60646,62253,56375,78182,81378,97323,112607
Canada,CAN,total lithium ore ,0,0,0,0,0,0,0,0,0,0,0,0,0,0,0,0,8.128,51.816,2172.208,2437.384,1747.52,1249.68,92.456,242.824,226.568,300.736,479.552,459.232,114.808,198.12,0,0,0,0,0,0,0,0,0,0,0,0,0,0,0,0,0,4500,7500,10000,15000,15000,9200,11300,10000,0,0,21000,22000,22500,22500,22500,22500,22500,22500,22500,22500,22500,22500,23000,22000,22000,0,0,0,0,108,0,0,1100,140000,0
Brazil,BRA,total lithium ore ,0,0,0,0,0,0,0,0,0,0,0,0,0,0,0,0,0,0,0,0,0,0,0,0,0,0,0,6839.712,99.568,6168.136,0,0,0,0,0,0,0,5113,2898,2208,3635,2100,2818,2602,2774,2122,2240,1467,1693,2998,3500,1471,475,1961,3056,0,0,7171,6571,6933,9485,11122,10873,9084,12046,9755,9064,8924,8585,7991,14460,15000,15733,7820,7084,7982,8000,5781,8804,9000,9000,9000
Australia,AUS,total lithium ore ,0,0,0,0,0,8.128,0,0,0,0,0,5.08,0,0,0,0,15.24,4.064,0,0,69.088,0,16.256,127,138.176,438.912,264.16,314.96,947.928,677.672,749.808,721.36,0,0,0,0,0,0,0,0,0,0,0,0,0,0,0,0,0,0,0,0,50576,43281,39980,40490,40000,80135,139287,56567,42337,54023,64983,56370,101212,124410,125000,173635,222101,245279,239528,197482,303729,421228,452921,363000,444000,439514,522181,1706619,1965944,1616764
Argentina,ARG,total lithium ore ,0,0,0,49.784,0,75.184,0,0,0,0,0,0,0,0,0,0,0,37.592,140.208,0,158.496,705.104,188.976,402.336,450.088,0,724.408,621.792,270.256,246.888,127,0,0,0,0,0,0,487,675,412,950,900,80,25,193,2644,6645,12044,8714,16799,27515,30104,69,287,620,300,400,400,0,1876,16760,0,7343,4512,5635,7550,11273,15700,16560,6691,6783,5016,17822,14017,13942,13200,16000,0,20073,30877,31060,34712
