ISO3,country,1913,1914,1915,1916,1917,1918,1919,1920,1921,1922,1923,1924,1925,1926,1927,1928,1929,1930,1931,1932,1933,1934,1935,1936,1937,1938,1939,1940,1941,1942,1943,1944,1945,1946,1947,1948,1949,1950,1951,1952,1953,1954,1955,1956,1957,1958,1959,1960,1961,1962,1963,1964,1965,1966,1967,1968,1969,1970,1971,1972,1973,1974,1975,1976,1977,1978,1979,1980,1981,1982,1983,1984,1985,1986,1987,1988,1989,1990,1991,1992,1993,1994,1995,1996,1997,1998,1999,2000,2001,2002,2003,2004,2005,2006,2007,2008,2009,2010,2011,2012,2013,2014,2015,2016,2017,2018,2019
AGO,AngolaAngolaAngolaAngolaAngolaAngola,0.0,0.0,0.0,0.0,0.0,0.0,0.0,0.0,0,0,0.0,0.0,0.0,0.0,0.0,0.0,0.0,0.0,0.0,0.0,0.0,0.0,0,0,0,0.0,0.0,0.0,0.0,0.0,4129.015742,2063.983485,0.0,1961.20382,723.6527462,413.2162058,19192.52936,9607.801171,47679.27703,56868.61813,67985.60235,32647.22658,32636.73886,54672.48936,51692.92784,50433.35255,40070.43547,27432.73172,22946.08469,15233.41469,0.0,0.0,0.0,19147.43216,34248.70157,9444.192724,30006.41844,23000.0,28000.0,24200.0,6238.0,,,,,,,,,,,,,,,,,,,,,,,,,,,,,,,,,,,,,,,,,,,,,,
ARG,argentinaArgentina(railwayship-ments)Argentina:ArgentinaArgentinaArgentinaArgentinaArgentinaArgentinaArgentinaArgentinaArgentinaArgentinaArgentinaArgentina,0.0,0.0,0.0,0.0,6921.895834,890.4075095,2417.419681,0.0,0,0,0.0,0.0,0.0,144.7305492,237.0224937,0.0,214.9982797,247.5102147,0.0,713.1650253,880.9685606999999,0.0,0,0,0,450.9720013,672.2629135,733.0916951,1523.865855,1470.378479,1697.962023,3256.437358,4410.086664,0.0,0.0,0.0,0.0,0.0,0.0,2412.175821,5243.86048,1258.526515,10332.50269,8338.786935,0.0,15386.53542,20000.08387,22708.01342,41189.4753,30186.80724,39799.85227,38467.91171,29694.93313,28663.99016,37711.74703,37755.79546,0.0,31613.0,13772.0,14289.0,12588.0,26062.0,219.0,53086.0,82385.0,91000.0,90000.0,6146.0,2706.0,3900.0,6926.0,6500.0,7276.0,9886.0,6393.0,9339.0,5532.0,3338.0,4823.0,1500.0,,,,,,,,,,,,,,,,,,,,,,,,,,,
ARM,U.S.S.R.(Russia)U.S.S.R.(Russia)U.S.S.R.(Russia)U.S.S.R.(Russia)U.S.S.R.(Russia)U.S.S.R.(Russia)U.S.S.R.(Russia)U.S.S.R. (Russia) (d)U.S.S.R.(Russia)U.S.S.R.(Russia)U.S.S.R.(Russia)U.S.S.R.(Russia),0.0,0.0,0.0,0.0,0.0,0.0,0.0,0.0,0,0,0.0,0.0,0.0,0.0,0.0,0.0,0.0,0.0,0.0,3314014.946,4129015.742,1879399.596,0,0,0,2346103.179,0.0,2936561.869,2936561.869,0.0,0.0,0.0,2097544.192,2621930.24,2621930.24,2936561.869,3146316.288,3146316.288,3146316.288,4544329.492,4790790.935,4737303.558,4895668.144,5097032.387,5314128.21,5538565.439,5693783.709,6067146.575,6164682.38,6608312.977,6877847.406,7324624.318,7819644.748,7953887.576,7406428.542,6775067.74,7210308.16,6841000.0,7319000.0,7819000.0,8245000.0,8155000.0,8459000.0,8636000.0,8595000.0,9057000.0,9525000.0,9750000.0,9150000.0,9821000.0,9876000.0,10089000.0,9900000.0,9300000.0,9400000.0,9100000.0,9100000.0,8500000.0,7240000.0,,,,,,,,,,,,,,,,,,,,,,,,,,,,     
AUS,australiaAustraliaAustraliaAustraliaAustraliaAustraliaAustraliaAustraliaAustraliaAustraliaAustraliaAustraliaAustraliaAustraliaAustraliaAustraliaAustraliaAustraliaaustraliaAustralia,28.31684659,27.2680745,1321.452841,3351.875619,4201.381017,9324.632706,5211.348545,0.0,0,0,2957.537311,4953.350609,1220.77072,1459.890758,1561.621651,175.14494,328.265666,131.096512,13.63403725,266.3881124,210.80319131,1307.8188041,0,0,0,622.970625,160.4621307,12632.4599,14270.64191,10599.93957,6496.094363,2282.128081,1031.991742,1452.549353,1862.619242,3615.117415,13725.28042,15594.1923,8356.616061,7413.769947,34549.69916,29577.47065,49665.65138,62280.28215,80907.52335,62593.86501,94359.07425,63603.83253,91674.21768,75140.32559,37969.74496,64089.41401,105264.2065,327783.2309,587277.7643,773723.2236,952263.039,751113.0,1050537.0,1164831.0,1522424.0,1521989.0,1554909.0,2154167.0,1389004.0,1289994.0,1666000.0,2019511.0,1448977.0,1127085.0,1370233.0,1717000.0,2002960.0,1648921.0,1853279.0,1976087.0,2124000.0,1932000.0,1470000.0,1285000.0,2092000.0,1986000.0,2176000.0,2109000.0,2136000.0,1500000.0,1900000.0,1613000.0,1977000.0,2190000.0,2555000.0,3381000.0,3829000.0,4567000.0,5289000.0,4819000.0,4444000.0,6474000.0,6960769.0,7178975.0,7425985.0,7587207.0,6281497.0,5327566.0,6172266.0,7212118.0,6649432
AUT,austriaAustria(k)..Austria(b)Austria(b)AustriaAustria(e)Austria(e)Austria(e)Austria(e)Austria(a),17067.71709,14248.6177,12310.48686,0.0,0.0,1857.375382,0.0,0.0,0,0,24800.31375,15551.19264,22070.35999,24035.7589,34017.97171,40837.08787,40311.65305,26403.88629,11849.02714,0.0,0.0,0.0,0,0,0,0.0,0.0,0.0,0.0,0.0,0.0,0.0,0.0,0.0,0.0,0.0,0.0,0.0,0.0,0.0,0.0,0.0,0.0,0.0,0.0,314.6316288,444.6793687,0.0,0.0,0.0,0.0,0.0,0.0,0.0,0.0,0.0,0.0,,,,,,768.0,70595.0,64734.0,51351.0,58969.0,58141.0,55876.0,61549.0,65284.0,67037.0,60074.0,58945.0,57486.0,44273.0,46483.0,43141.0,925.0,30752.0,890.0,31288.0,42463.0,26000.0,25000.0,,,,,,,,,,,,,,,,,,,,,,
AZE,U.S.S.R.(Russia)U.S.S.R.(Russia)U.S.S.R.(Russia)U.S.S.R.(Russia)U.S.S.R.(Russia)U.S.S.R.(Russia)U.S.S.R.(Russia)U.S.S.R. (Russia) (d)U.S.S.R.(Russia)U.S.S.R.(Russia)U.S.S.R.(Russia)U.S.S.R.(Russia),0.0,0.0,0.0,0.0,0.0,0.0,0.0,0.0,0,0,0.0,0.0,0.0,0.0,0.0,0.0,0.0,0.0,0.0,3314014.946,4129015.742,1879399.596,0,0,0,2346103.179,0.0,2936561.869,2936561.869,0.0,0.0,0.0,2097544.192,2621930.24,2621930.24,2936561.869,3146316.288,3146316.288,3146316.288,4544329.492,4790790.935,4737303.558,4895668.144,5097032.387,5314128.21,5538565.439,5693783.709,6067146.575,6164682.38,6608312.977,6877847.406,7324624.318,7819644.748,7953887.576,7406428.542,6775067.74,7210308.16,6841000.0,7319000.0,7819000.0,8245000.0,8155000.0,8459000.0,8636000.0,8595000.0,9057000.0,9525000.0,9750000.0,9150000.0,9821000.0,9876000.0,10089000.0,9900000.0,9300000.0,9400000.0,9100000.0,9100000.0,8500000.0,7240000.0,,,,,,,,,,,,,,,,,,,,,,,,,,,,      
BEL,belgium,0.0,0.0,515.9958712,3993.724142,2084.958927,2694.295515,0.0,0.0,0,0,0.0,0.0,0.0,0.0,0.0,0.0,0.0,0.0,0.0,0.0,0.0,0.0,0,0,0,0.0,0.0,0.0,0.0,0.0,0.0,0.0,0.0,0.0,0.0,0.0,0.0,0.0,0.0,0.0,0.0,0.0,0.0,0.0,0.0,0.0,0.0,0.0,0.0,0.0,0.0,0.0,0.0,0.0,0.0,0.0,0.0,,,,,,,,,,,,,,,,,,,,,,,,,,,,,,,,,,,,,,,,,,,,,,,,,,
BFA,burkinafaso,0.0,0.0,0.0,0.0,0.0,0.0,0.0,0.0,0,0,0.0,0.0,0.0,0.0,0.0,0.0,0.0,0.0,0.0,0.0,0.0,0.0,0,0,0,0.0,0.0,0.0,0.0,0.0,0.0,0.0,0.0,0.0,0.0,0.0,0.0,0.0,0.0,0.0,0.0,0.0,0.0,0.0,0.0,0.0,0.0,0.0,0.0,0.0,0.0,0.0,0.0,0.0,0.0,0.0,0.0,,,,,,,,,,,,,,,,,,,,,,,,,,,,,,,,,,,,,,,,,57355.0,49715.0,,,,,,,,
BGD,britishindia,854798.5505,716204.3668,472383.7324,676671.9514,619628.1884,543214.6534,564234.1438,0.0,0,0,0.0,0.0,0.0,0.0,0.0,0.0,0.0,0.0,0.0,0.0,0.0,0.0,0,0,0,0.0,0.0,0.0,0.0,0.0,0.0,0.0,0.0,0.0,0.0,0.0,0.0,0.0,0.0,0.0,0.0,0.0,0.0,0.0,0.0,0.0,0.0,0.0,0.0,0.0,0.0,0.0,0.0,0.0,0.0,0.0,0.0,,,,,,,,,,,,,,,,,,,,,,,,,,,,,,,,,,,,,,,,,,,,,,,,,,
BGR,BulgariaBulgariaBulgariaBulgariaBulgariaBulgariaBulgariaBulgariaBulgariaBulgariaBulgariaBulgariaBulgariaBulgariabulgariaBulgaria,0.0,0.0,0.0,0.0,0.0,0.0,0.0,0.0,0,0,0.0,0.0,0.0,505.5081503,7.341404672,0.0,0.0,0.0,0.0,0.0,2621.93024,3146.316288,0,0,0,1947.569782,974.3092772,0.0,0.0,0.0,0.0,0.0,0.0,0.0,0.0,0.0,0.0,0.0,0.0,13634.03725,22024.21402,33560.70707,65023.86995,79287.17046,83901.76768,29315.27763,26837.02916,25799.79356,38175.30429,36182.63731,39748.46244,53697.13132,42999.65594,30938.77683,45097.20013,41950.88384,41950.88384,33000.0,41000.0,30000.0,38000.0,34000.0,35000.0,40000.0,40000.0,40000.0,40000.0,49000.0,45000.0,45000.0,45000.0,45000.0,38000.0,37000.0,38000.0,35000.0,18000.0,39000.0,34000.0,29000.0,,,19000.0,44270.0,47430.0,55600.0,,,1515.0,4.0,4200.0,27800.0,38500.0,20500.0,27900.0,39100.0,28300.0,106000.0,85600.0,39100.0,103600.0,75000.0,46500.0,41700.0,2000.0,,
BIH,bosniaherzegovinayugoslaviaJugoslaviaJugoslaviaJugoslaviaJugoslaviaJugoslaviaJugoslaviaJugoslaviaJugoslaviaJugoslaviaJugoslaviaJugoslaviaJugoslaviaJugoslaviaBosnia&HerzegovinaJugoslaviaBosnia&Herzegovina,4849.522172,4251.722077,10754.10907,23398.10546,50410.27957,0.0,0.0,0.0,0,0,5308.88435,46145.97222,2802.319041,1283.697046,2034.617866,2745.685347,4639.767753,1588.889725,2531.73584,1121.1373706,3373.899833,5721.051783,0,0,0,3879.407983,5837.465486,10981.69262,0.0,0.0,0.0,0.0,0.0,7760.91351,13109.6512,14473.05492,14473.05492,13767.2313,13282.6986,13096.01716,10339.84409,9502.923962,11307.86074,11945.51417,10563.23255,10358.72199,8344.030796,13743.10955,14604.15144,15317.31646,8394.371856,8034.643027,8357.664833,8893.587374,10113.30932,14591.56617,12727.89816,14785.0,16113.0,15340.0,9718.0,13300.0,17000.0,19000.0,24750.0,27000.0,30000.0,30250.0,31149.0,27000.0,32000.0,21000.0,31800.0,41280.0,41297.0,40100.0,38770.0,50863.0,40000.0,10000.0,2000.0,2000.0,2000.0,2000.0,,,,,,,,,,,,,,,,,,,,,,,
BLR,U.S.S.R.(Russia)U.S.S.R.(Russia)U.S.S.R.(Russia)U.S.S.R.(Russia)U.S.S.R.(Russia)U.S.S.R.(Russia)U.S.S.R.(Russia)U.S.S.R. (Russia) (d)U.S.S.R.(Russia)U.S.S.R.(Russia)U.S.S.R.(Russia)U.S.S.R.(Russia),0.0,0.0,0.0,0.0,0.0,0.0,0.0,0.0,0,0,0.0,0.0,0.0,0.0,0.0,0.0,0.0,0.0,0.0,3314014.946,4129015.742,1879399.596,0,0,0,2346103.179,0.0,2936561.869,2936561.869,0.0,0.0,0.0,2097544.192,2621930.24,2621930.24,2936561.869,3146316.288,3146316.288,3146316.288,4544329.492,4790790.935,4737303.558,4895668.144,5097032.387,5314128.21,5538565.439,5693783.709,6067146.575,6164682.38,6608312.977,6877847.406,7324624.318,7819644.748,7953887.576,7406428.542,6775067.74,7210308.16,6841000.0,7319000.0,7819000.0,8245000.0,8155000.0,8459000.0,8636000.0,8595000.0,9057000.0,9525000.0,9750000.0,9150000.0,9821000.0,9876000.0,10089000.0,9900000.0,9300000.0,9400000.0,9100000.0,9100000.0,8500000.0,7240000.0,,,,,,,,,,,,,,,,,,,,,,,,,,,,     
BOL,Bolivia(d)Bolivia(a)Bolivia,0.0,0.0,0.0,0.0,0.0,0.0,0.0,0.0,0,0,0.0,0.0,0.0,0.0,0.0,0.0,0.0,0.0,0.0,0.0,0.0,0.0,0,0,0,0.0,515.9958712,0.0,0.0,618.7755366,17255.4473,0.0,0.0,0.0,0.0,0.0,0.0,0.0,0.0,0.0,0.0,0.0,0.0,0.0,0.0,0.0,0.0,0.0,49.29228851,270.5832008,0.0,0.0,0.0,0.0,0.0,0.0,0.0,,,,,,,,,,,,,,,,,,,,,,,,,,,,,,,,,,,,,,,,,,,,,,,,,550.0,17100
BRA,brazilBrazilBrazilBrazilBrazilBrazilBrazilBrazilBrazilBrazilBrazilBrazilBrazil(b)BrazilBrazilBrazil(b)BrazilBrazilbrazilBrazil,126203.9902,189491.0935,297884.836,519188.3335,549861.771,405944.0201,335373.1945,0.0,0,0,243358.1259,164311.1243,321836.6931,268926.1409,282302.1802,330126.1877,302764.7725,167256.0763,149692.29,100538.43943,197527.83415,270954.466121,0,0,0,315881.7651,266053.5541,323484.3141,464154.0178,316104.1048,284426.9924,152748.4119,255834.3188,177811.9675,174344.7269,169284.4016,238071.2658,202413.0145,0.0,257260.6488,238837.9182,167763.682,219351.7327,320793.1649,947584.4666,910572.2506,1066236.249,1031344.65,1049087.776,1208394.16,1294792.006,1392521.833,1441026.494,1501756.691,1402120.195,2007349.792,0.0,2731582.0,2872504.0,2402475.0,2594419.0,2791309.0,2033279.0,1545429.0,1257597.0,1650000.0,1100000.0,2281450.0,2042144.0,2340974.0,2091631.0,2200000.0,2523194.0,2696799.0,2067385.0,1900000.0,0.0,790372.0,2000000.0,2000000.0,2000000.0,2500000.0,2613477.0,2735746.0,2300000.0,2300000.0,2000000.0,2192000.0,1970000.0,2529000.0,2544000.0,3143000.0,3200000.0,3128000.0,1866000.0,2400000.0,1700000.0,3125000.0,2738000.0,2796000.0,2833000.0,2498220.0,2816675.0,2880718.0,3273029.0,3200000.0,3200000
BWA,BechuanalandBechuanalandBotswanaBotswana,0.0,0.0,0.0,0.0,0.0,0.0,0.0,0.0,0,0,0.0,0.0,0.0,0.0,0.0,0.0,0.0,0.0,0.0,0.0,0.0,0.0,0,0,0,0.0,0.0,0.0,0.0,0.0,0.0,0.0,0.0,0.0,0.0,0.0,0.0,0.0,0.0,0.0,0.0,0.0,0.0,0.0,227.5835448,13308.9179,18856.92229,23440.05635,29719.05488,24775.14322,11122.22808,28690.20946,9099.146705,0.0,4390.159994,10319.91742,0.0,48310.0,34348.0,687.0,340.0,8.0,,,,,,,,,,,,,,,,,,,,,,,,,,,,,,,,,,,,,,,,,,,,,
CAN,canadaCanadaCanadaCanada(sales)Canada(sales),0.0,26.2193024,187.7302052,895.65137,147.8768655,412.1674337,618.7755366,0.0,0,0,0.0,546.410262,0.0,0.0,0.0,0.0,0.0,255.9003914,109.072298,93.34071654,206.6081029,79.7066793,0,0,0,0.0,371.265322,142.6330051,0.0,406.9235732,45.09720013,0.0,0.0,0.0,210.8031913,3.146316288,0.0,0.0,0.0,0.0,0.0,0.0,0.0,0.0,0.0,0.0,0.0,0.0,0.0,0.0,0.0,0.0,0.0,0.0,0.0,0.0,0.0,,,,,,,,,,,,,,,,,,,,,,,,,,,,,,,,,,,,,,,,,,,,,,,,,,
CHL,chileChileChileChileChileChileChileChileChileChileChileChileChileChileChileChileChileChile,0.0,0.0,0.0,0.0,211.8519634,3144.218744,462.5084943,0.0,0,0,4423.720701,4378.623501,0.0,10983.79016,7936.05845,0.0,3203.998753,6334.58346,395.3870802,4973.2772793,5818.5875882,13433.72178,0,0,0,19941.35263,11587.88289,0.0,0.0,73589.19166,109512.7823,74803.66975,42936.72961,21106.53843,20991.1735,21157.92826,29799.81034,34609.47917,37755.79546,55581.77477,56416.59736,38932.51775,44755.30042,49554.48154,0.0,39385.58729,40025.33827,47376.18189,32784.61572,44551.83864,47977.1283,20500.34816,17122.25324,18498.24223,15333.04804,24611.53478,24462.60914,26723.0,23838.0,16085.0,15405.0,28695.0,20016.0,23639.0,18002.0,23243.0,24969.0,27701.0,25557.0,16111.0,26050.0,26172.0,35635.0,31631.0,31803.0,43655.0,43806.0,39697.0,43767.0,49857.0,62989.0,62958.0,70449.0,62887.0,63673.0,48931.0,40581.0,41716.0,31320.0,12195.0,19641.0,25801.0,39786.0,37169.0,26808.0,5096.0,1642.0,,,,,,,,,,
CHN,chinaChina(exports)ChinaChina7.ManchoukuoChinaChina(d)China(a)ChinaChinaChinaChinaChinaChinaChinaChinachinaChina,0.0,0.0,0.0,0.0,20.97544192,3143.169972,1.048772096,0.0,0,0,28562.25926,39777.82806,44653.56953,43827.13712,47841.8367,44725.93481,65233.62437,74148.18719,25170.5303,23344.61808966,10529.671844,0.0,0,0,0,0.0,0.0,0.0,0.0,0.0,0.0,0.0,0.0,0.0,0.0,0.0,0.0,0.0,0.0,0.0,0.0,0.0,0.0,0.0,0.0,870480.8397,1027796.654,1237551.073,828529.9558,828529.9558,1027796.654,1027796.654,1027796.654,1027796.654,723652.7462,933407.1654,1048772.096,1000000.0,1000000.0,1000000.0,1000000.0,1000000.0,1000000.0,1000000.0,1000000.0,1000000.0,1200000.0,1600000.0,1600000.0,1600000.0,1600000.0,1600000.0,2600000.0,2700000.0,2700000.0,2700000.0,2700000.0,4060000.0,5158000.0,5592300.0,7301000.0,7000000.0,8010700.0,7663300.0,5975600.0,5283000.0,3186000.0,3514000.0,4306800.0,4500000.0,4600000.0,4500000.0,7500000.0,8000000.0,10000000.0,11000000.0,12000000.0,13000000.0,14000000.0,14500000.0,15500000.0,16000000.0,13011000.0,15484000.0,11333000.0,7977000.0,6500000
CIV,IvoryCoastIvoryCoastIvoryCoastivorycoastIvoryCoast,0.0,0.0,0.0,0.0,0.0,0.0,0.0,0.0,0,0,0.0,0.0,0.0,0.0,0.0,0.0,0.0,0.0,0.0,0.0,0.0,0.0,0,0,0,0.0,0.0,0.0,0.0,0.0,0.0,0.0,0.0,0.0,0.0,0.0,0.0,0.0,0.0,0.0,0.0,0.0,0.0,0.0,0.0,0.0,0.0,63555.58902,128757.7502,110408.4336,143681.7772,140962.3111,173768.951,181582.3032,154246.0585,120500.7675,131131.1215,,,,,,,,,,,,,,,,,,,,,,,,,,,,,,,,,,,,36500.0,56829.0,80402.0,148120.0,150000.0,87400.0,43600.0,100400.0,100000.0,100000.0,294904.0,200278.0,474879.0,791911.0,1200000
COD,BelgianCongoBelgianCongoBelgianCongoBelgianCongoZaireZaireZaireZaireCongoDemocraticRepublic(b),0.0,0.0,0.0,0.0,0.0,0.0,0.0,0.0,0,0,0.0,0.0,0.0,0.0,0.0,0.0,0.0,0.0,0.0,0.0,0.0,31985.45138,0,0,0,7973.814246,4519.158962,18958.65318,31515.60148,29918.32158,17972.80741,3079.194874,0.0,0.0,8792.905253,13175.72384,12641.89885,17537.56699,73230.5116,132100.1869,223642.2593,397334.65,476603.9913,340148.2539,378842.7004,0.0,0.0,0.0,0.0,0.0,0.0,0.0,0.0,0.0,0.0,0.0,0.0,346950.0,329066.0,369481.0,333963.0,308775.0,307859.0,182185.0,249492.0,,21183.0,6350.0,17610.0,,,,37240.0,913.0,,,,,,,,,,,,,,,,,,,,,,,,,,,,,,,,14884.0,4935
COG,CongoRepublicCongoRepublic,0.0,0.0,0.0,0.0,0.0,0.0,0.0,0.0,0,0,0.0,0.0,0.0,0.0,0.0,0.0,0.0,0.0,0.0,0.0,0.0,0.0,0,0,0,0.0,0.0,0.0,0.0,0.0,0.0,0.0,0.0,0.0,0.0,0.0,0.0,0.0,0.0,0.0,0.0,0.0,0.0,0.0,0.0,349035.5486,398622.5421,393917.7505,327936.3516,308608.5307,326381.0226,319674.125,389736.2961,247510.2147,280022.1496,332146.1228,321459.1351,,,,,,,,,,,,,,,,,,,,,,,,,,,,,,,,,,,,,,,,,,,,,,,,,,
CRI,costaricaCostaRica(exports)CostaRica,0.0,0.0,0.0,1304.672487,7512.354524,10152.11389,10475.13569,0.0,0,0,0.0,0.0,0.0,0.0,0.0,0.0,0.0,0.0,0.0,0.0,0.0,0.0,0,0,0,313.5828567,0.0,0.0,0.0,0.0,0.0,0.0,0.0,0.0,0.0,0.0,0.0,0.0,0.0,0.0,0.0,0.0,0.0,0.0,0.0,0.0,0.0,0.0,0.0,0.0,618.7755366,0.0,0.0,0.0,0.0,0.0,0.0,,,,,,,,,,,,,,,,,,,,,,,,,,,,,,,,,,,,,,,,,,,,,,,,,,
CUB,cubaCubaCuba(exports)CubaCubaCubaCuba(b)Cuba(b)Cuba(b),0.0,0.0,9438.948864,34735.33182,46666.16318,85963.65362,18574.80259,0.0,0,0,20262.27689,29365.61869,0.0,25439.01596,133932.3917,0.0,8809.685606,0.0,0.0,726550.503539,6545601.649490001,136340.3725,0,0,0,127832.7332,105713.081,123712.1077,259481.9481,257282.673,321237.8442,266169.9678,204628.0212,134293.1693,50245.62235,30008.51598,64516.26426,80970.44967,102053.9151,259782.9457,364593.0339,274818.1425,177259.2646,262193.024,145097.6195,74299.21037,16357.69838,0.0,0.0,0.0,0.0,0.0,0.0,0.0,0.0,0.0,0.0,,,,,,,,,,,,,,,,,,,,,,,,,,,,,,,,,,,,,,,,,,,,,,,,,,
CYP,Cyprus:,0.0,0.0,0.0,0.0,0.0,0.0,0.0,0.0,0,0,0.0,0.0,0.0,0.0,16.78035354,85.99931187,0.0,0.0,0.0,0.0,0.0,0.0,0,0,0,0.0,0.0,0.0,0.0,0.0,0.0,0.0,0.0,0.0,0.0,0.0,0.0,0.0,0.0,0.0,0.0,0.0,0.0,0.0,0.0,0.0,0.0,0.0,0.0,0.0,0.0,0.0,0.0,0.0,0.0,0.0,0.0,,,,,,,,,,,,,,,,,,,,,,,,,,,,,,,,,,,,,,,,,,,,,,,,,,
CZE,czechoslovakiaCzechoslovakiaCzechoslovakiaCzechoslovakiaCzechoslovakiaCzechoslovakiaCzechoslovakiaCzechoslovakiaCzechoslovakia(d)Czechoslovakia(d)CzechoslovakiaCzechoslovakia,0.0,0.0,0.0,0.0,0.0,0.0,0.0,0.0,0,0,43395.04302,81657.39539,55794.67551,98238.48223,111866.2268,102640.1787,99637.54421,87964.71078,86584.5267,108293.06032,113651.23695,169765.78793,0,0,0,0.0,0.0,0.0,0.0,0.0,0.0,0.0,0.0,0.0,0.0,0.0,0.0,0.0,0.0,0.0,0.0,0.0,0.0,0.0,0.0,169901.0796,161510.9028,159413.3586,103828.4375,85999.31187,88096.85606,87048.08397,82852.99558,93340.71654,82852.99558,89145.62816,85999.31187,86000.0,48000.0,,1000.0,973.0,999.0,1100.0,910.0,910.0,910.0,900.0,900.0,900.0,900.0,900.0,950.0,900.0,900.0,900.0,900.0,900.0,,,,,,,,,,,,,,,,,,,,,,,,,,,,,
DEU,germanyGermany..GermanyGermanyGermanyGermany,784.4815278,0.0,0.0,984.7969981,627.1657134,1066.601222,570.5320202,0.0,0,0,10571.62273,3667.55602,148.9256376,26.2193024,31.46316288,217.0958239,489.7765688,2424.761086,0.0,243.31512625,830.6275,717.3601136999999,0,0,0,167.8035354,398.5333965,127.9501957,0.0,0.0,0.0,0.0,0.0,0.0,0.0,0.0,0.0,0.0,0.0,0.0,0.0,0.0,0.0,0.0,0.0,0.0,0.0,0.0,0.0,0.0,0.0,0.0,0.0,0.0,0.0,0.0,0.0,,,,,,,,,,,,,,,,,,,,,,,,,,,,,,,,,,,,,,,,,,,,,,,,,,
DZA,algeriaAlgeria(exports),0.0,0.0,0.0,0.0,0.0,0.0,0.0,0.0,0,0,681.7018624,419.5088384,418.4600663,595.7025505,3940.236765,0.0,0.0,0.0,0.0,0.0,0.0,0.0,0,0,0,0.0,0.0,0.0,0.0,0.0,0.0,0.0,0.0,0.0,0.0,0.0,0.0,0.0,0.0,0.0,0.0,0.0,0.0,0.0,0.0,0.0,0.0,0.0,0.0,0.0,0.0,0.0,0.0,0.0,0.0,0.0,0.0,,,,,,,,,,,,,,,,,,,,,,,,,,,,,,,,,,,,,,,,,,,,,,,,,,
ECU,ecuador,0.0,0.0,0.0,0.0,0.0,112.2186143,20.97544192,0.0,0,0,0.0,0.0,0.0,0.0,0.0,0.0,0.0,0.0,0.0,0.0,0.0,0.0,0,0,0,0.0,0.0,0.0,0.0,0.0,0.0,0.0,0.0,0.0,0.0,0.0,0.0,0.0,0.0,0.0,0.0,0.0,0.0,0.0,0.0,0.0,0.0,0.0,0.0,0.0,0.0,0.0,0.0,0.0,0.0,0.0,0.0,,,,,,,,,,,,,,,,,,,,,,,,,,,,,,,,,,,,,,,,,,,,,,,,,,
EGY,egyptEgyptEgyptEgyptEgyptEgypt(b)Egypt(b)Egypt(b)EgyptEgyptEgyptEgyptEgyptegyptEgypt(c),0.0,0.0,0.0,0.0,0.0,0.0,0.0,0.0,0,0,136608.8581,154987.5403,83161.33458,125792.8715,157767.8352,141930.3278,197644.2478,125115.3647,0.0,90452.3981949,139511.85926569998,193310.7214586,0,0,0,158043.6622,123743.5708,67002.9029,2245.421058,8432.127652,7306.795193,31.46316288,48.24351642,27.2680745,30.41439078,61849.23682,143031.5385,157070.4017,160367.7412,197159.7151,293233.5317,183248.802,222675.2914,206608.1029,0.0,115209.7123,131161.5359,284896.8423,287414.9441,191662.0518,0.0,338576.1445,188011.2761,192282.9249,77586.06212,4083.918542,4195.088384,4387.0,4278.0,2409.0,2636.0,4947.0,3581.0,4256.0,3509.0,154.0,,,,,,,,,,,,,,,,,,,,,,,,,,,22971.0,16500.0,13000.0,7320.0,7000.0,37194.0,62388.0,40000.0,31325.0,30000.0,,10000.0,500.0,20000.0,30000
ESP,spainSpainSpainSpainSpainSpainSpainSpainSpainSpainSpain,22283.26072,13575.30601,14785.58901,14630.37074,59308.06203,80194.35832,68814.13231,0.0,0,0,29549.1538,21505.07183,38377.71731,46394.53121,38057.84182,0.0,18447.90117,17360.32451,9384.412715,3974.8462440000003,2925.025376,2307.298611,0,0,0,1361.306181,4863.156209,6053.512538,10289.50303,21952.89751,26992.24743,31406.52919,25689.67249,30545.4873,23150.59525,19136.94444,19251.26059,17723.19965,23945.5645,29410.71589,33751.58359,36997.53323,46480.53052,33804.0222,37964.5011,37706.50317,42066.24877,23022.64505,16005.31096,13204.04069,15573.21685,16632.47667,18023.14847,19544.91678,8738.369104,13315.21053,23637.2255,10478.0,18079.0,13171.0,6792.0,7000.0,,,,,,,,,,,,,,,,,,,,,,,,,,,,,,,,,,,,,,,,,,,,,
EST,U.S.S.R.(Russia)U.S.S.R.(Russia)U.S.S.R.(Russia)U.S.S.R.(Russia)U.S.S.R.(Russia)U.S.S.R.(Russia)U.S.S.R.(Russia)U.S.S.R. (Russia) (d)U.S.S.R.(Russia)U.S.S.R.(Russia)U.S.S.R.(Russia)U.S.S.R.(Russia),0.0,0.0,0.0,0.0,0.0,0.0,0.0,0.0,0,0,0.0,0.0,0.0,0.0,0.0,0.0,0.0,0.0,0.0,3314014.946,4129015.742,1879399.596,0,0,0,2346103.179,0.0,2936561.869,2936561.869,0.0,0.0,0.0,2097544.192,2621930.24,2621930.24,2936561.869,3146316.288,3146316.288,3146316.288,4544329.492,4790790.935,4737303.558,4895668.144,5097032.387,5314128.21,5538565.439,5693783.709,6067146.575,6164682.38,6608312.977,6877847.406,7324624.318,7819644.748,7953887.576,7406428.542,6775067.74,7210308.16,6841000.0,7319000.0,7819000.0,8245000.0,8155000.0,8459000.0,8636000.0,8595000.0,9057000.0,9525000.0,9750000.0,9150000.0,9821000.0,9876000.0,10089000.0,9900000.0,9300000.0,9400000.0,9100000.0,9100000.0,8500000.0,7240000.0,,,,,,,,,,,,,,,,,,,,,,,,,,,,        
ETH,Ethiopia,0.0,0.0,0.0,0.0,0.0,0.0,0.0,0.0,0,0,0.0,0.0,0.0,0.0,0.0,0.0,0.0,0.0,0.0,0.0,0.0,0.0,0,0,0,0.0,0.0,0.0,0.0,0.0,0.0,0.0,0.0,0.0,0.0,0.0,0.0,0.0,0.0,0.0,0.0,0.0,0.0,0.0,0.0,0.0,1363.403725,9553.265022,7224.990969,6192.999227,0.0,0.0,0.0,0.0,0.0,0.0,0.0,,,,,,,,,,,,,,,,,,,,,,,,,,,,,,,,,,,,,,,,,,,,,,,,,,
FJI,Fiji(exports)FijiFijiFijiFiji,0.0,0.0,0.0,0.0,0.0,0.0,0.0,0.0,0,0,0.0,0.0,0.0,0.0,0.0,0.0,0.0,0.0,0.0,0.0,0.0,0.0,0,0,0,0.0,0.0,0.0,0.0,0.0,0.0,0.0,0.0,0.0,5.24386048,73.41404672,104.8772096,251.705303,661.7751926,2108.031913,2292.615802,10088.13879,18543.33943,23472.56828,36386.0991,19187.2855,13639.28111,12241.2679,3623.507592,1125.332459,2202.421402,940.7485701,5654.979142,5497.663327,6130.072901,9129.561096,0.0,23171.0,7657.0,,,,,,,,,,,,,,,,,,,,,,,,,,,,,,,,,,,,,,,,,,,,,,,,
FRA,franceFranceFranceFranceFranceFranceFrance,7979.058106,6596.776484,10653.42695,11151.5937,11959.14821,10185.6746,4969.082191,5878.367598,0,0,6184.60905,3797.60376,3286.851749,4740.449874,2797.07518,3208.193842,2684.856566,1448.354265,0.0,0.0,0.0,0.0,0,0,0,0.0,0.0,0.0,0.0,0.0,0.0,0.0,2058.739624,1821.717131,913.4804956,702.6773043,488.7277967,0.0,0.0,0.0,0.0,1048.772096,1342.428283,1289.989678,0.0,2237.030881,1943.374694,1120.088599,935.5047096,1405.354609,1347.672143,1318.306525,1445.207948,1875.204508,2378.615114,2685.905338,0.0,,,,,,,,,,,,,,,,,,,,,,,,,,,,,,,,,,,,,,,,,,,,,,,,,,
GAB,GabonGabonGabonGabonGabonGabonGabonGabonGabonGabongabonGabon,0.0,0.0,0.0,0.0,0.0,0.0,0.0,0.0,0,0,0.0,0.0,0.0,0.0,0.0,0.0,0.0,0.0,0.0,0.0,0.0,0.0,0,0,0,0.0,0.0,0.0,0.0,0.0,0.0,0.0,0.0,0.0,0.0,0.0,0.0,0.0,0.0,0.0,0.0,0.0,0.0,0.0,0.0,0.0,0.0,0.0,0.0,209790.0775,657090.3276,990482.3917,1321635.327,1314538.287,1183943.088,1293976.061,1437761.666,1453359.0,1866479.0,1936660.0,1978359.0,2137932.0,2245000.0,2217000.0,1918000.0,1718000.0,2000000.0,2146752.0,1487783.0,1511000.0,1856586.0,2102868.0,2349000.0,2440000.0,2403000.0,2254000.0,2600000.0,2422968.0,1620388.0,1556000.0,1290000.0,1440000.0,1930000.0,1983000.0,1904000.0,2092000.0,2092000.0,1743000.0,1791000.0,1856000.0,2000000.0,2459766.0,2752987.0,2978972.0,3333800.0,3250000.0,2000000.0,3200570.0,3831215.0,3363170.0,4091399.0,4000000.0,4184000.0,3423247.0,5079000.0,6542000.0,7186000
GBR,unitedkingdomUnitedKingdomGreatBritainGreatBritain(b),5656.027914,3604.629694,4866.302525,5390.688573,10426.89218,18307.36571,12667.06938,13502.94074,0,0,2119.568406,2576.83304,869.4320676,134.2428283,1582.597093,246.4614426,0.0,0.0,0.0,0.0,0.0,0.0,0,0,0,0.0,0.0,905.0903188,1243.843706,10940.79051,21324.68303,18465.73029,11850.07591,0.0,0.0,0.0,0.0,0.0,0.0,0.0,0.0,0.0,0.0,0.0,0.0,0.0,0.0,0.0,0.0,0.0,0.0,0.0,0.0,0.0,0.0,0.0,0.0,,,,,,,,,,,,,,,,,,,,,,,,,,,,,,,,,,,,,,,,,,,,,,,,,,
GEO,russiaandgeorgiaTchiaturiU.S.S.R.(Russia)U.S.S.R.(Russia)U.S.S.R.(Russia)U.S.S.R.(Russia)U.S.S.R.(Russia)U.S.S.R.(Russia)U.S.S.R.(Russia)U.S.S.R. (Russia) (d)U.S.S.R.(Russia)U.S.S.R.(Russia)U.S.S.R.(Russia)GeorgiaU.S.S.R.(Russia)Georgia(f)Georgia(b)Georgia(a)georgiaGeorgia(a),1295128.661,934875.4464,554695.5616,259046.7077,211201.7247,157315.8144,0.0,0.0,0,0,248573.6696,516283.2348,532521.3731,0.0,0.0,0.0,665052.6054,1618635.0,0.0,3314014.946,4129015.742,1879399.596,0,0,0,2346103.179,0.0,2936561.869,2936561.869,0.0,0.0,0.0,2097544.192,2621930.24,2621930.24,2936561.869,3146316.288,3146316.288,3146316.288,4544329.492,4790790.935,4737303.558,4895668.144,5097032.387,5314128.21,5538565.439,5693783.709,6067146.575,6164682.38,6608312.977,6877847.406,7324624.318,7819644.748,7953887.576,7406428.542,6775067.74,7210308.16,6841000.0,7319000.0,7819000.0,8245000.0,8155000.0,8459000.0,8636000.0,8595000.0,9057000.0,9525000.0,9750000.0,9150000.0,9821000.0,9876000.0,10089000.0,9900000.0,9300000.0,9400000.0,9100000.0,9100000.0,8500000.0,7240000.0,1200000.0,1000000.0,800000.0,41900.0,101900.0,14200.0,16000.0,47900.0,63100.0,98300.0,103400.0,173500.0,218700.0,251800.0,328643.0,368394.0,370000.0,370000.0,370000.0,370000.0,370000.0,370000.0,370000.0,370000.0,370000.0,370000.0,349354.0,        350000
GHA,goldcoastGoldCoastGoldCoast(exports)GoldCoastGoldCoast(ship-ments)GoldCoast(exports)GoldCoast(exports)Ghana(c)GhanaGhanaGhanaGhanaGhanaGhanaGhanaGhanaGhanaGhanaghanaGhana,0.0,0.0,0.0,4465.671585,32654.56798,31769.40433,36905.24129,0.0,0,0,146444.2429,244785.5048,355174.0117,417989.1676,422851.2751,395295.837,439670.4332,437851.8624,259247.0232,504824.35087,709141.9354999999,935729.1469,0,0,0,340019.2549,352714.6411,500601.9944,449646.3534,507157.8688,444042.764,529061.474,735975.8184,802625.2851,617641.814,660698.1036,777212.4884,746060.8108,845394.2111,832926.4085,782373.4959,482692.1133,565896.4476,666862.786,672622.6424,561197.9486,547668.7885,571580.7923,452650.0366,391611.5006,420557.6105,476981.5493,621397.4669,595807.4277,514422.7131,426850.2431,343472.8614,398600.0,466570.0,508838.0,290130.0,252130.0,408742.0,312000.0,305967.0,321000.0,340000.0,249900.0,223100.0,159900.0,173100.0,267996.0,315600.0,259300.0,253600.0,230900.0,333743.0,382100.0,485100.0,279019.0,309122.0,238430.0,205200.0,447900.0,333400.0,384173.0,611500.0,895669.0,1076666.0,1135828.0,1509432.0,1597085.0,1719589.0,1578128.0,1173486.0,1090122.0,1044664.0,1194074.0,1827692.0,1490634.0,1997911.0,1353486.0,1562769.0,2018254.0,3003580.0,4551754.0,5383014
GRC,greeceGreeceGreeceGreeceGreeceGreeceGreeceGreeceGreeceGreeceGreeceGreeceGreeceGreeceGreeceGreece,0.0,0.0,420.5576105,3714.750764,0.0,5291.055224,0.0,0.0,0,0,0.0,0.0,0.0,6552.728056,8342.982024,1114.844738,1678.035354,676.4580019,0.0,1205.0391383,3388.5826420000003,0.0,0,0,0,7302.600104,11537.54183,0.0,0.0,0.0,0.0,0.0,0.0,15.73158144,0.0,929.2120771,155.2182702,330.3632102,16706.93949,20279.05725,14586.32231,17508.20137,25421.18683,8141.617781,0.0,20975.44192,36707.02336,32221.42511,29211.44919,12862.14099,15346.68208,19075.06688,17779.83334,14964.92904,7960.180209,7551.159091,6586.288763,6523.0,6127.0,5305.0,6222.0,7920.0,8294.0,6730.0,8860.0,7000.0,5750.0,5555.0,5800.0,5600.0,4636.0,5447.0,5058.0,4560.0,5000.0,10000.0,9000.0,5400.0,5000.0,5000.0,5000.0,5000.0,2130.0,2572.0,2542.0,1898.0,345.0,,,,,,,,,,,,,,,,,,,,
GUY,BritishGuianaGuyana,0.0,0.0,0.0,0.0,0.0,0.0,0.0,0.0,0,0,0.0,0.0,0.0,0.0,0.0,0.0,0.0,0.0,0.0,0.0,0.0,0.0,0,0,0,0.0,0.0,0.0,0.0,0.0,0.0,0.0,0.0,0.0,0.0,0.0,0.0,0.0,0.0,0.0,0.0,0.0,0.0,0.0,0.0,0.0,0.0,115937.5601,202452.8679,284325.2615,147324.1626,122581.5314,174299.6297,188778.9773,184294.4278,134971.7249,0.0,,,,,,,,,,,,,,,,,,,,,,,,,,,,,,,,,,,,,,,,,,,,,,,,,,
HRV,yugoslaviaJugoslaviaJugoslaviaJugoslaviaJugoslaviaJugoslaviaJugoslaviaJugoslaviaJugoslaviaJugoslaviaJugoslaviaJugoslaviaJugoslaviaJugoslaviaJugoslavia,0.0,0.0,0.0,0.0,0.0,0.0,0.0,0.0,0,0,5308.88435,46145.97222,2802.319041,1283.697046,2034.617866,2745.685347,4639.767753,1588.889725,2531.73584,1121.1373706,3373.899833,5721.051783,0,0,0,3879.407983,5837.465486,10981.69262,0.0,0.0,0.0,0.0,0.0,7760.91351,13109.6512,14473.05492,14473.05492,13767.2313,13282.6986,13096.01716,10339.84409,9502.923962,11307.86074,11945.51417,10563.23255,10358.72199,8344.030796,13743.10955,14604.15144,15317.31646,8394.371856,8034.643027,8357.664833,8893.587374,10113.30932,14591.56617,12727.89816,14785.0,16113.0,15340.0,9718.0,13300.0,17000.0,19000.0,24750.0,27000.0,30000.0,30250.0,31149.0,27000.0,32000.0,21000.0,31800.0,41280.0,41297.0,40100.0,38770.0,50863.0,40000.0,,,,,,,,,,,,,,,,,,,,,,,,,,,,
HUN,hungaryHungaryHungaryHungaryHungaryHungaryHungary(d)HungaryHungaryHungaryHungaryHungaryHungaryHungaryHungaryHungaryHungaryhungaryHungary,19617.28206,11777.71064,12082.90332,0.0,93149.84002,0.0,0.0,0.0,0,0,0.0,0.0,0.0,10225.52794,17829.12563,22881.06082,19657.1354,9382.315171,1168.332115,8038.838115,34538.162667,25895.23182,0,0,0,22936.64574,41950.88384,0.0,0.0,0.0,0.0,0.0,6817.018624,15207.19539,34504.60196,41950.88384,0.0,0.0,0.0,0.0,0.0,0.0,0.0,0.0,0.0,187694.5469,159304.2863,127246.4696,128858.4323,133388.079,123755.1073,176709.708,220242.1402,217095.8239,216047.0518,160462.1307,160462.1307,169000.0,167000.0,155000.0,136000.0,114000.0,131000.0,125000.0,119700.0,114000.0,126230.0,82564.0,70833.0,82855.0,58606.0,65928.0,62294.0,62172.0,69964.0,80983.0,84247.0,60000.0,30000.0,18000.0,59000.0,43109.0,56360.0,65016.0,57000.0,34000.0,32000.0,41000.0,43000.0,43000.0,48000.0,49000.0,50000.0,50000.0,51000.0,49579.0,43000.0,55000.0,58000.0,51000.0,35000.0,51000.0,57000.0,19000.0,,,
IDN,dutcheastindiesDutchEastIndiesNetherlandsEastIndiesNetherlandsEastIndiesNetherlandsEastIndiesNetherlandsEastIndiesIndonesiaIndonesiaIndonesiaIndonesiaIndonesiaIndonesiaIndonesiaIndonesiaIndonesiaIndonesia,0.0,0.0,0.0,0.0,0.0,0.0,0.0,0.0,0,0,5410.615243,8753.051913,10347.1855,12338.80371,15445.26666,0.0,21672.87536,18207.73236,0.0,21304.756354999998,19696.988729999997,23449.49529,0,0,0,9998.993163,12462.55882,11941.31909,0.0,0.0,0.0,0.0,7341.404672,0.0,0.0,0.0,0.0,0.0,0.0,10314.67356,34393.43212,20889.44261,36342.05067,84806.858,55488.43406,45798.82866,44172.18314,11262.76354,13728.42674,5112.763968,1573.158144,6992.163564,1243.843706,0.0,11536.49306,11536.49306,11536.49306,10800.0,12000.0,7500.0,16077.0,18228.0,13870.0,9833.0,5981.0,6000.0,5000.0,4299.0,2587.0,17894.0,,700.0,33295.0,7985.0,9360.0,10278.0,9076.0,9472.0,13253.0,13000.0,14000.0,,19000.0,19000.0,20000.0,,,,,,,,,,,,,,,,,,,,,,
IND,britishindiaindiaIndiaPortugueseIndiaIndiaIndiaIndiaPortugueseIndiaIndiaPortugueseIndiaPortugueseIndiaIndiaPortugueseIndiaIndiaIndiaGoaIndiaGoaIndia(f)India(f)India(c)IndiaIndiaIndia(c)(g)India(c)India(b)indiaIndia(d),854798.5505,716204.3668,472383.7324,676671.9514,619628.1884,543214.6534,564234.1438,0.0,0,0,728954.2892,842170.2857,891456.2816,1067616.4331719999,1186925.7955,1026170.009,1042772.071,870424.206,564075.7792,899937.701584,1084774.3445360002,1533213.561621,0,0,0,1025077.187926,894326.7708030001,918032.1665009999,832645.337542,794202.5964,624383.321,389073.4722,220853.5743,265251.2434,473032.9223,558236.2162139999,694065.83664,948690.92115,1434722.32443,1648225.0554,2150669.7422,1592133.5779,1800783.6394,1972026.0986,1921636.7949,1423766.8515,1329237.876,1347804.2891,1372448.3353,1355613.44539,1109746.657,1450444.4671,1700452.857,1723132.55391,1630663.36687,1653913.59506,1503519.6772,1456192.0,1840523.0,1642456.0,1488939.0,1501856.0,1605000.0,1835000.0,1865000.0,1619000.0,1755000.0,1692000.0,1528000.0,1480952.0,1263241.0,1099000.0,1258903.0,1284081.0,1275111.0,1332629.0,1334214.0,1393000.0,1401000.0,1810000.0,1660000.0,1600000.0,1836705.0,1870783.0,1641963.0,1537693.0,1565483.0,1595458.0,1587305.0,1678372.0,1776153.0,2378543.0,1906353.0,2115507.0,2696980.0,2828851.0,2396000.0,3056385.0,2411871.0,2342169.0,2588313.0,2166340.0,2166947.0,2395134.0,2599815.0,2820227.0,2956175
IRN,Iran(f)Iran(e)Iran(b)Iran(b)Iran(b)IranIranIran(d)Iran(a)Iran(c)iranIran(e),0.0,0.0,0.0,0.0,0.0,0.0,0.0,0.0,0,0,0.0,0.0,0.0,0.0,0.0,0.0,0.0,0.0,0.0,0.0,0.0,0.0,0,0,0,0.0,0.0,0.0,0.0,0.0,0.0,0.0,0.0,0.0,0.0,0.0,0.0,0.0,0.0,11707.44291,11870.00258,14671.27285,9966.481228,0.0,11981.17242,7436.842933,2726.80745,7970.66793,2167.811922,2065.032257,1048.772096,32511.93498,34609.47917,38804.56755,41950.88384,12585.26515,36497.26894,9100.0,12300.0,9700.0,22000.0,30000.0,36000.0,40000.0,40000.0,30000.0,23000.0,,,,,,55000.0,55000.0,55000.0,74630.0,75000.0,54404.0,49690.0,475.0,75987.0,75000.0,99332.0,82694.0,86523.0,,,110917.0,140418.0,123148.0,115680.0,128924.0,114708.0,70471.0,103441.0,115199.0,115000.0,131561.0,194428.0,172560.0,163367.0,165000.0,86523.0,78955.0,100780.0,128617.0,130000
ITA,italyItalyItalyItalyItalyItalyItalyItalyItalyItalyItalyItalyItalyItalyItalyItalyItalyItaly,1673.840265,1701.10834,12978.55469,18725.82577,25315.26085,32913.61469,31824.98925,30070.39354,0,0,9911.945079,12482.48549,15462.04701,14461.51843,10069.26089,10605.18343,10236.01566,10975.39998,6628.239647,9826.994539199999,29579.568193,41775.738898,0,0,0,49847.08895,46435.43332,52628.43255,61698.21364,0.0,0.0,0.0,3356.070707,8174.129716,27679.19316,25484.11316,24998.53168,16730.01248,28636.72208,42590.63482,41348.88866,51409.75937,58697.67667,42977.63172,48516.19716,45497.83107,53861.78853,51090.93266,50749.03295,45933.07149,46745.86986,49424.4338,49349.97098,45400.29526,48614.78174,52457.4827,54674.58691,50091.0,30604.0,25637.0,25469.0,14008.0,,4461.0,9314.0,9741.0,9782.0,9165.0,8756.0,8727.0,7205.0,9528.0,8621.0,6396.0,3802.0,9701.0,5899.0,6654.0,8350.0,8198.0,8200.0,,6448.0,6523.0,2128.0,974.0,,1038.0,803.0,867.0,763.0,714.0,632.0,,,,,,,,,,,,,,
JPN,japanJapanJapanJapanJapanJapan(f)JapanJapanJapanJapanJapanJapanJapanJapan,18620.94856,17622.51753,26712.22529,50914.73894,53045.84384,58845.55353,0.0,0.0,0,0,5669.661951,7826.986152,0.0,15699.06951,28447.9431,18263.31728,18982.77494,0.0,0.0,101054.43531,114872.00768,0.0,0,0,0,83901.76768,87048.08397,91243.17235,94389.48864,98584.57702,104877.2096,104877.2096,164785.1693,29314.22886,34263.38438,56718.64372,102288.8401,157315.8144,209754.4192,214055.4336,200658.4188,168698.138,208209.5779,294195.2557,288803.5184,305519.8968,359296.7348,334418.8119,313916.3662,318528.8659,285629.934,293868.0388,312712.3759,331237.8862,349908.127,322354.7865,311485.3125,270431.0,285005.0,260747.0,188667.0,166578.0,101822.0,142885.0,127387.0,105629.0,91000.0,79579.0,86178.0,78160.0,75543.0,62000.0,21140.0,5905.0,,80.0,,,,,,,,,,,,,,,,,,,,,,,,,,,,,,,
KAZ,U.S.S.R.(Russia)U.S.S.R.(Russia)U.S.S.R.(Russia)U.S.S.R.(Russia)U.S.S.R.(Russia)U.S.S.R.(Russia)U.S.S.R.(Russia)U.S.S.R. (Russia) (d)U.S.S.R.(Russia)U.S.S.R.(Russia)U.S.S.R.(Russia)U.S.S.R.(Russia)KazakhstanKazakhstanKazakhstanKazakhstankazakhstanKazakhstan,0.0,0.0,0.0,0.0,0.0,0.0,0.0,0.0,0,0,0.0,0.0,0.0,0.0,0.0,0.0,0.0,0.0,0.0,3314014.946,4129015.742,1879399.596,0,0,0,2346103.179,0.0,2936561.869,2936561.869,0.0,0.0,0.0,2097544.192,2621930.24,2621930.24,2936561.869,3146316.288,3146316.288,3146316.288,4544329.492,4790790.935,4737303.558,4895668.144,5097032.387,5314128.21,5538565.439,5693783.709,6067146.575,6164682.38,6608312.977,6877847.406,7324624.318,7819644.748,7953887.576,7406428.542,6775067.74,7210308.16,6841000.0,7319000.0,7819000.0,8245000.0,8155000.0,8459000.0,8636000.0,8595000.0,9057000.0,9525000.0,9750000.0,9150000.0,9821000.0,9876000.0,10089000.0,9900000.0,9300000.0,9400000.0,9100000.0,9100000.0,8500000.0,7240000.0,100000.0,150000.0,133000.0,492000.0,472900.0,426100.0,634100.0,536000.0,1201900.0,1386500.0,1834500.0,2361000.0,2318100.0,2207700.0,2531100.0,2482000.0,2485000.0,2457400.0,3045000.0,2963000.0,2975000.0,2852100.0,2608800.0,1625700.0,1600700.0,1460000.0,1427300.0,       970100
KGZ,U.S.S.R.(Russia)U.S.S.R.(Russia)U.S.S.R.(Russia)U.S.S.R.(Russia)U.S.S.R.(Russia)U.S.S.R.(Russia)U.S.S.R.(Russia)U.S.S.R. (Russia) (d)U.S.S.R.(Russia)U.S.S.R.(Russia)U.S.S.R.(Russia)U.S.S.R.(Russia),0.0,0.0,0.0,0.0,0.0,0.0,0.0,0.0,0,0,0.0,0.0,0.0,0.0,0.0,0.0,0.0,0.0,0.0,3314014.946,4129015.742,1879399.596,0,0,0,2346103.179,0.0,2936561.869,2936561.869,0.0,0.0,0.0,2097544.192,2621930.24,2621930.24,2936561.869,3146316.288,3146316.288,3146316.288,4544329.492,4790790.935,4737303.558,4895668.144,5097032.387,5314128.21,5538565.439,5693783.709,6067146.575,6164682.38,6608312.977,6877847.406,7324624.318,7819644.748,7953887.576,7406428.542,6775067.74,7210308.16,6841000.0,7319000.0,7819000.0,8245000.0,8155000.0,8459000.0,8636000.0,8595000.0,9057000.0,9525000.0,9750000.0,9150000.0,9821000.0,9876000.0,10089000.0,9900000.0,9300000.0,9400000.0,9100000.0,9100000.0,8500000.0,7240000.0,,,,,,,,,,,,,,,,,,,,,,,,,,,,        
KHM,FrenchIndoChinaFrenchIndoChina,0.0,0.0,0.0,0.0,0.0,0.0,0.0,0.0,0,0,0.0,0.0,0.0,0.0,0.0,0.0,0.0,0.0,0.0,1618.255344,3539.605824,5460.956304,0,0,0,2285.274397,3633.995313,690.0920392,1069.747538,1489.256376,1468.280934,7341.404672,0.0,0.0,0.0,0.0,0.0,0.0,0.0,0.0,0.0,0.0,0.0,0.0,0.0,0.0,0.0,0.0,0.0,0.0,0.0,0.0,0.0,0.0,0.0,0.0,0.0,,,,,,,,,,,,,,,,,,,,,,,,,,,,,,,,,,,,,,,,,,,,,,,,,,
KOR,"KoreaKorea(South)Korea(South)Korea(South)Korea,RepublicofKorea,Republicof",0.0,0.0,0.0,0.0,0.0,0.0,0.0,0.0,0,0,0.0,0.0,0.0,0.0,0.0,0.0,0.0,0.0,0.0,0.0,0.0,0.0,0,0,0,0.0,0.0,0.0,0.0,0.0,0.0,0.0,34666.11286,0.0,0.0,0.0,0.0,0.0,0.0,7654.987529,3156.804009,1601.474991,3594.141973,2020.983829,3307.827191,0.0,464.6060385,1427.378823,1421.08619,1034.089287,4288.429101,4450.988775,6906.164252,6165.731152,7474.598728,3547.996001,2389.102835,2397.0,2134.0,2000.0,1721.0,2107.0,3160.0,1383.0,664.0,747.0,35.0,,,,,,,,,,,,,,,,,,,,,,,,,,,,,,,,,,,,,,,,
LAO,FrenchIndoChinaFrenchIndoChina,0.0,0.0,0.0,0.0,0.0,0.0,0.0,0.0,0,0,0.0,0.0,0.0,0.0,0.0,0.0,0.0,0.0,0.0,1618.255344,3539.605824,5460.956304,0,0,0,2285.274397,3633.995313,690.0920392,1069.747538,1489.256376,1468.280934,7341.404672,0.0,0.0,0.0,0.0,0.0,0.0,0.0,0.0,0.0,0.0,0.0,0.0,0.0,0.0,0.0,0.0,0.0,0.0,0.0,0.0,0.0,0.0,0.0,0.0,0.0,,,,,,,,,,,,,,,,,,,,,,,,,,,,,,,,,,,,,,,,,,,,,,,,,,
LTU,U.S.S.R.(Russia)U.S.S.R.(Russia)U.S.S.R.(Russia)U.S.S.R.(Russia)U.S.S.R.(Russia)U.S.S.R.(Russia)U.S.S.R.(Russia)U.S.S.R. (Russia) (d)U.S.S.R.(Russia)U.S.S.R.(Russia)U.S.S.R.(Russia)U.S.S.R.(Russia),0.0,0.0,0.0,0.0,0.0,0.0,0.0,0.0,0,0,0.0,0.0,0.0,0.0,0.0,0.0,0.0,0.0,0.0,3314014.946,4129015.742,1879399.596,0,0,0,2346103.179,0.0,2936561.869,2936561.869,0.0,0.0,0.0,2097544.192,2621930.24,2621930.24,2936561.869,3146316.288,3146316.288,3146316.288,4544329.492,4790790.935,4737303.558,4895668.144,5097032.387,5314128.21,5538565.439,5693783.709,6067146.575,6164682.38,6608312.977,6877847.406,7324624.318,7819644.748,7953887.576,7406428.542,6775067.74,7210308.16,6841000.0,7319000.0,7819000.0,8245000.0,8155000.0,8459000.0,8636000.0,8595000.0,9057000.0,9525000.0,9750000.0,9150000.0,9821000.0,9876000.0,10089000.0,9900000.0,9300000.0,9400000.0,9100000.0,9100000.0,8500000.0,7240000.0,,,,,,,,,,,,,,,,,,,,,,,,,,,,        
LVA,U.S.S.R.(Russia)U.S.S.R.(Russia)U.S.S.R.(Russia)U.S.S.R.(Russia)U.S.S.R.(Russia)U.S.S.R.(Russia)U.S.S.R.(Russia)U.S.S.R. (Russia) (d)U.S.S.R.(Russia)U.S.S.R.(Russia)U.S.S.R.(Russia)U.S.S.R.(Russia),0.0,0.0,0.0,0.0,0.0,0.0,0.0,0.0,0,0,0.0,0.0,0.0,0.0,0.0,0.0,0.0,0.0,0.0,3314014.946,4129015.742,1879399.596,0,0,0,2346103.179,0.0,2936561.869,2936561.869,0.0,0.0,0.0,2097544.192,2621930.24,2621930.24,2936561.869,3146316.288,3146316.288,3146316.288,4544329.492,4790790.935,4737303.558,4895668.144,5097032.387,5314128.21,5538565.439,5693783.709,6067146.575,6164682.38,6608312.977,6877847.406,7324624.318,7819644.748,7953887.576,7406428.542,6775067.74,7210308.16,6841000.0,7319000.0,7819000.0,8245000.0,8155000.0,8459000.0,8636000.0,8595000.0,9057000.0,9525000.0,9750000.0,9150000.0,9821000.0,9876000.0,10089000.0,9900000.0,9300000.0,9400000.0,9100000.0,9100000.0,8500000.0,7240000.0,,,,,,,,,,,,,,,,,,,,,,,,,,,,        
MAR,Morocco(FrenchZone)Morocco(Frenchzone)Morocco(Frenchzone)Morocco(French)Morocco(Spanish)Morocco(French)Morocco(Spanish)Morocco(French)Morocco(Spanish)Morocco(Southern)Morocco(Northern)MoroccoMoroccoMoroccoMoroccoMoroccoMoroccoMoroccoMoroccoMoroccoMoroccomoroccoMorocco,0.0,0.0,0.0,0.0,0.0,0.0,0.0,0.0,0,0,0.0,0.0,0.0,314.6316288,2518.101802,0.0,13573.20847,16675.47633,11872.10013,29867.980524,36352.53839,86300.3094614,0,0,0,62276.087064399995,56451.20684,115720.4643,52884.33294,45705.48794,50489.98625,28434.30907,46104.02134,59857.61861,112940.1695,221842.566348,242030.3804577,296674.5530048,385323.063194,443798.400187,444383.61498899997,414140.1740534,425742.73978,441822.513498,508003.1791,423292.8081,485723.0647,498642.8881,589477.0394,484473.9771,345736.1116,352063.3537,387986.9443,374092.8116,295354.1489,165371.4329,134781.8971,112376.0,101456.0,96067.0,146149.0,174691.0,130947.0,117304.0,113585.0,126222.0,135187.0,130662.0,109645.0,96529.0,73515.0,56786.0,43690.0,40334.0,42500.0,30100.0,32000.0,49450.0,59255.0,49120.0,42585.0,31452.0,31263.0,29466.0,30806.0,28332.0,29150.0,25830.0,13757.0,18064.0,16500.0,,10000.0,2500.0,41628.0,102285.0,51800.0,75614.0,58000.0,90200.0,111000.0,91271.0,71700.0,70138.0,99008.0,79538.0,80000
MDA,U.S.S.R.(Russia)U.S.S.R.(Russia)U.S.S.R.(Russia)U.S.S.R.(Russia)U.S.S.R.(Russia)U.S.S.R.(Russia)U.S.S.R.(Russia)U.S.S.R. (Russia) (d)U.S.S.R.(Russia)U.S.S.R.(Russia)U.S.S.R.(Russia)U.S.S.R.(Russia),0.0,0.0,0.0,0.0,0.0,0.0,0.0,0.0,0,0,0.0,0.0,0.0,0.0,0.0,0.0,0.0,0.0,0.0,3314014.946,4129015.742,1879399.596,0,0,0,2346103.179,0.0,2936561.869,2936561.869,0.0,0.0,0.0,2097544.192,2621930.24,2621930.24,2936561.869,3146316.288,3146316.288,3146316.288,4544329.492,4790790.935,4737303.558,4895668.144,5097032.387,5314128.21,5538565.439,5693783.709,6067146.575,6164682.38,6608312.977,6877847.406,7324624.318,7819644.748,7953887.576,7406428.542,6775067.74,7210308.16,6841000.0,7319000.0,7819000.0,8245000.0,8155000.0,8459000.0,8636000.0,8595000.0,9057000.0,9525000.0,9750000.0,9150000.0,9821000.0,9876000.0,10089000.0,9900000.0,9300000.0,9400000.0,9100000.0,9100000.0,8500000.0,7240000.0,,,,,,,,,,,,,,,,,,,,,,,,,,,,      
MEX,mexicoMexicoMexicoMexicoMexicoMexicoMexicoMexicoMexicoMexicoMexicoMexicoMexicoMexicoMexicoMexicoMexicoMexicomexicoMexico,0.0,0.0,0.0,0.0,75.51159091,2970.122576,2346.103179,1173.575975,0,0,2317.786332,1857.375382,0.0,3405.362996,0.0,0.0,0.0,310.4365404,0.0,3636.0928569,3444.167563,17.82912563,0,0,0,314.6316288,62.92632576,734.1404672,2307.298611,27268.0745,52438.6048,68170.18624,44048.42803,27268.0745,34609.47917,52753.23643,56072.60011,36418.61103,81740.24839,147392.3328,252700.5878,283168.4659,119560.0189,209754.4192,272680.745,175459.5717,170320.5884,160462.1307,145989.0758,173152.273,177242.4842,197169.154,191925.2936,118511.2468,114316.1585,0.0,0.0,273900.0,266900.0,295600.0,364000.0,403100.0,428500.0,452800.0,486622.0,523200.0,500000.0,447128.0,578314.0,508667.0,369456.0,503000.0,396400.0,459000.0,385300.0,443600.0,397000.0,365400.0,206500.0,362500.0,305300.0,240200.0,370200.0,456300.0,507400.0,492400.0,445000.0,418300.0,261284.0,233025.0,290000.0,320000.0,371054.0,344662.0,418342.0,477147.0,330328.0,466649.0,437264.0,510942.0,580309.0,652465.0,592728.0,549589.0,561612.0,556220.0,534044
MKD,yugoslaviaJugoslaviaJugoslaviaJugoslaviaJugoslaviaJugoslaviaJugoslaviaJugoslaviaJugoslaviaJugoslaviaJugoslaviaJugoslaviaJugoslaviaJugoslaviaJugoslavia,0.0,0.0,0.0,0.0,0.0,0.0,0.0,0.0,0,0,5308.88435,46145.97222,2802.319041,1283.697046,2034.617866,2745.685347,4639.767753,1588.889725,2531.73584,1121.1373706,3373.899833,5721.051783,0,0,0,3879.407983,5837.465486,10981.69262,0.0,0.0,0.0,0.0,0.0,7760.91351,13109.6512,14473.05492,14473.05492,13767.2313,13282.6986,13096.01716,10339.84409,9502.923962,11307.86074,11945.51417,10563.23255,10358.72199,8344.030796,13743.10955,14604.15144,15317.31646,8394.371856,8034.643027,8357.664833,8893.587374,10113.30932,14591.56617,12727.89816,14785.0,16113.0,15340.0,9718.0,13300.0,17000.0,19000.0,24750.0,27000.0,30000.0,30250.0,31149.0,27000.0,32000.0,21000.0,31800.0,41280.0,41297.0,40100.0,38770.0,50863.0,40000.0,,,,,,,,,,,,,,,,,,,,,,,,,,,,
MMR,BurmaBurmaBurmaBurma(b)burmaBurma,0.0,0.0,0.0,0.0,0.0,0.0,0.0,0.0,0,0,0.0,0.0,0.0,0.0,0.0,0.0,0.0,0.0,0.0,0.0,0.0,0.0,0,0,0,0.0,0.0,0.0,0.0,786.579072,786.579072,786.579072,786.579072,0.0,0.0,0.0,0.0,0.0,0.0,6817.018624,8998.464584,3895.139565,314.6316288,1206.08791,474.0449874,1316.20898,567.3857039,303.0951357,183.5351168,199.2666982,0.0,0.0,0.0,0.0,0.0,0.0,0.0,,,,,,,,,,,,,,,,,,,,,,,,,,,,,,,,,,,,,,,,,754000.0,586000.0,286000.0,394000.0,242000.0,70000.0,293000.0,346000.0,519000.0,982000
MNE,yugoslaviaJugoslaviaJugoslaviaJugoslaviaJugoslaviaJugoslaviaJugoslaviaJugoslaviaJugoslaviaJugoslaviaJugoslaviaJugoslaviaJugoslaviaJugoslaviaJugoslavia,0.0,0.0,0.0,0.0,0.0,0.0,0.0,0.0,0,0,5308.88435,46145.97222,2802.319041,1283.697046,2034.617866,2745.685347,4639.767753,1588.889725,2531.73584,1121.1373706,3373.899833,5721.051783,0,0,0,3879.407983,5837.465486,10981.69262,0.0,0.0,0.0,0.0,0.0,7760.91351,13109.6512,14473.05492,14473.05492,13767.2313,13282.6986,13096.01716,10339.84409,9502.923962,11307.86074,11945.51417,10563.23255,10358.72199,8344.030796,13743.10955,14604.15144,15317.31646,8394.371856,8034.643027,8357.664833,8893.587374,10113.30932,14591.56617,12727.89816,14785.0,16113.0,15340.0,9718.0,13300.0,17000.0,19000.0,24750.0,27000.0,30000.0,30250.0,31149.0,27000.0,32000.0,21000.0,31800.0,41280.0,41297.0,40100.0,38770.0,50863.0,40000.0,,,,,,,,,,,,,,,,,,,,,,,,,,,,
MYS,UnfederatedMalayStatesUnfederatedMalayStatesUnfederatedMalayStatesMalayaMalayaMalayaMalaysia(West)Malaysia(d)Malaysia(d)Malaysia(d)MalaysiaMalaysiamalaysiaMalaysia,0.0,0.0,0.0,0.0,0.0,0.0,0.0,0.0,0,0,0.0,0.0,0.0,0.0,0.0,0.0,33752.63237,21705.3873,9382.315171,39152.75988700001,52407.14163,106395.8316,0,0,0,33529.24391,32981.78488,19967.57194,3812.286569,2621.93024,2621.93024,2621.93024,2621.93024,0.0,0.0,0.0,0.0,0.0,0.0,0.0,0.0,0.0,0.0,0.0,0.0,0.0,0.0,3017.31732,6676.483163,318.8267172,7207.161844,0.0,2796.026408,86132.50593,88096.85606,47194.74432,10667.06099,,23380.0,28312.0,28346.0,85262.0,133308.0,94112.0,94732.0,43000.0,45000.0,4003.0,,,,,,,,,,,,,,,27000.0,13000.0,,,,,,,,,,6500.0,56500.0,536675.0,468963.0,899703.0,597917.0,1099585.0,1125127.0,835429.0,480727.0,700717.0,1226106.0,1262725.0,1130749
NAM,SouthWestAfricaSouthWestAfricaSouthWestAfricaSouthWestAfricaNamibiaNamibianamibiaNamibia,0.0,0.0,0.0,0.0,0.0,0.0,0.0,0.0,0,0,0.0,0.0,0.0,0.0,0.0,0.0,0.0,0.0,0.0,0.0,0.0,0.0,0,0,0,0.0,0.0,0.0,0.0,0.0,0.0,0.0,0.0,0.0,0.0,0.0,0.0,1025.69911,6770.872652,27360.36644,38069.37831,31899.45207,39216.73499,53620.57095,83958.40137,96496.47178,46298.04418,63150.76299,47096.15974,0.0,0.0,0.0,6281.096083,23754.68797,28316.84659,13634.03725,0.0,,,,,,,,,,,,,,,,,,,,,,,,,,100000.0,92647.0,39671.0,,,,,,,,7320.0,18918.0,47620.0,28237.0,30000.0,35728.0,41876.0,42000.0,133473.0,100597.0,38360.0,16896.0,27915.0,23045.0,32145
NCL,newcaledoniaNewCaledoniaNewCaledoniaNewCaledonia,0.0,0.0,0.0,0.0,0.0,0.0,0.0,0.0,0,0,66.07264205,0.0,0.0,0.0,134.2428283,0.0,0.0,0.0,0.0,0.0,0.0,0.0,0,0,0,0.0,0.0,0.0,0.0,0.0,0.0,0.0,0.0,0.0,0.0,0.0,2170.958239,5565.833513,20783.51663,17175.74062,5771.392844,0.0,0.0,0.0,0.0,0.0,0.0,0.0,0.0,0.0,0.0,0.0,0.0,0.0,0.0,0.0,0.0,,,,,,,,,,,,,,,,,,,,,,,,,,,,,,,,,,,,,,,,,,,,,,,,,,
NZL,NewZealandNewZealandNewZealandNewZealandNewZealand,0.0,0.0,0.0,0.0,0.0,0.0,0.0,0.0,0,0,0.0,0.0,0.0,0.0,0.0,0.0,0.0,0.0,0.0,0.0,0.0,5.24386048,0,0,0,94.38948864,509.7032387,1027.796654,788.6766162,336.6558428,534.873769,0.0,0.0,421.6063826,346.0947917,216.0470518,319.8754893,369.1677778,421.6063826,334.5582986,303.0951357,250.6565309,166.7547633,163.608447,37.75579546,108.0235259,105.9259817,125.8526515,0.0,0.0,0.0,0.0,0.0,0.0,0.0,0.0,0.0,,,,,,,,,,,,,,,,,,,,,,,,,,,,,,,,,,,,,,,,,,,,,,,,,,
OMN,Oman,0.0,0.0,0.0,0.0,0.0,0.0,0.0,0.0,0,0,0.0,0.0,0.0,0.0,0.0,0.0,0.0,0.0,0.0,0.0,0.0,0.0,0,0,0,0.0,0.0,0.0,0.0,0.0,0.0,0.0,0.0,0.0,0.0,0.0,0.0,0.0,0.0,0.0,0.0,0.0,0.0,0.0,0.0,0.0,0.0,0.0,0.0,0.0,0.0,0.0,0.0,0.0,0.0,0.0,0.0,,,,,,,,,,,,,,,,,,,,,,,,,,,,,,,,,,,,,,,,,,,,,,7400.0,21300.0,33900.0,44700.0,33000
PAK,britishindiaPakistanPakistan,854798.5505,716204.3668,472383.7324,676671.9514,619628.1884,543214.6534,564234.1438,0.0,0,0,0.0,0.0,0.0,0.0,0.0,0.0,0.0,0.0,0.0,0.0,0.0,0.0,0,0,0,0.0,0.0,0.0,0.0,0.0,0.0,0.0,0.0,0.0,0.0,0.0,0.0,0.0,0.0,0.0,0.0,0.0,0.0,0.0,0.0,0.0,30.41439078,306.241452,354.4849684,970.1141888,0.0,1027.796654,0.0,0.0,0.0,0.0,0.0,,,,,,,,,,,,,,,,,,,,,,,,,,,,,,,,,,,,,,,,,,,,,,,,,,
PAN,panamaPanamaRepublic,0.0,0.0,0.0,11010.00946,5455.712443,5880.465142,2.097544192,0.0,0,0,418.4600663,0.0,0.0,0.0,0.0,0.0,0.0,0.0,0.0,0.0,0.0,0.0,0,0,0,0.0,0.0,0.0,0.0,0.0,0.0,0.0,0.0,0.0,0.0,0.0,0.0,0.0,0.0,0.0,0.0,0.0,0.0,0.0,0.0,4203.478561,0.0,0.0,0.0,0.0,0.0,0.0,0.0,0.0,0.0,0.0,0.0,,,,,,,,,,,,,,,,,,,,,,,,,,,,,,,,,,,,,,,,,,,,,,,,,,
PER,peruPeruPeruPeruPeru(e)PeruPeruPeruPeruPeru,0.0,0.0,0.0,0.0,0.0,20.97544192,0.0,0.0,0,0,0.0,0.0,0.0,34.60947917,0.0,0.0,0.0,0.0,0.0,0.0,0.0,0.0,0,0,0,26.2193024,98.58457702,277.9246054,31.46316288,179.3400284,0.0,0.0,0.0,0.0,0.0,0.0,0.0,786.579072,0.0,1468.280934,1048.772096,4195.088384,5243.86048,6817.018624,0.0,3045.634167,2625.076556,1549.036386,3631.897768,6932.383555,1019.406477,383.8505871,1021.504022,880.9685606,1107.503333,7383.355556,7511.305752,1922.0,9753.0,11024.0,7778.0,1634.0,740.0,2045.0,,,,,,,,,,,,,,,,,,,,,,,,,,,,,,,,,,,,,,,,2650.0,2500.0,46400.0,41800
PHL,philippineislandsPhilippineIslandsPhilippineIslandsPhilippineRepublicPhilippineRepublicPhilippineRepublicPhilippineRepublicPhilippinesPhilippinesPhilippinesPhilippinesPhilippines,0.0,0.0,0.0,3095.975227,0.0,671.2141414,0.0,0.0,0,0,0.0,0.0,0.0,0.0,0.0,0.0,0.0,0.0,0.0,535.9225411,209.7544192,5873.123738,0,0,0,60015.98319,30340.97674,53846.05695,52198.43599,0.0,0.0,0.0,0.0,0.0,3429.484754,26388.15471,27134.88044,30828.65576,16800.28021,21291.12232,22200.40773,9695.898028,12295.80405,4555.865985,31205.16494,23026.84014,35924.63938,17940.29547,19650.84276,12323.07213,7912.985464,8263.275344,53410.81653,57899.5611,82772.24013,68170.18624,20975.44192,5121.0,5133.0,2411.0,3973.0,857.0,,10576.0,20599.0,3911.0,4997.0,2556.0,3113.0,1556.0,2242.0,1174.0,387.0,780.0,445.0,2251.0,1326.0,15001.0,4064.0,224.0,500.0,,,,,,,,,,,,,,,,,,,,,,,,,,
PNG,PapuaPapuaPapuaPapua,0.0,0.0,0.0,0.0,0.0,0.0,0.0,0.0,0,0,0.0,0.0,0.0,0.0,0.0,0.0,0.0,0.0,0.0,0.0,0.0,0.0,0,0,0,0.0,65.02386995,232.8274053,421.6063826,362.8751452,376.5091825,181.4375726,178.2912563,46.14597222,121.6575631,167.8035354,71.31650253,23.07298611,41.95088384,0.0,44.04842803,0.0,20.97544192,13.63403725,0.0,0.0,0.0,50.34106061,2.097544192,0.0,3.146316288,0.0,0.0,0.0,0.0,0.0,0.0,,,,,,,,,,,,,,,,,,,,,,,,,,,,,,,,,,,,,,,,,,,,,,,,,,
PRI,puertoricoPortoRico(exports)PortoRico(exports)PortoRico(exports)PortoRico(exports)PortoRico(exports),0.0,0.0,0.0,772.9450348,1246.990022,1415.84233,0.0,0.0,0,0,2888.318352,4847.424628,0.0,1486.11006,1703.205884,0.0,2428.956174,2659.686035,2489.784956,5936.050063000001,4874.692702,4251.722077,0,0,0,1072.893854,0.0,0.0,0.0,0.0,0.0,0.0,0.0,0.0,0.0,0.0,0.0,0.0,0.0,0.0,0.0,0.0,0.0,0.0,0.0,0.0,0.0,0.0,0.0,0.0,0.0,0.0,0.0,0.0,0.0,0.0,0.0,,,,,,,,,,,,,,,,,,,,,,,,,,,,,,,,,,,,,,,,,,,,,,,,,,
PRK,Korea,0.0,0.0,0.0,0.0,0.0,0.0,0.0,0.0,0,0,0.0,0.0,0.0,0.0,0.0,0.0,0.0,0.0,0.0,0.0,0.0,0.0,0,0,0,0.0,0.0,0.0,0.0,0.0,0.0,0.0,34666.11286,0.0,0.0,0.0,0.0,0.0,0.0,0.0,0.0,0.0,0.0,0.0,0.0,0.0,0.0,0.0,0.0,0.0,0.0,0.0,0.0,0.0,0.0,0.0,0.0,,,,,,,,,,,,,,,,,,,,,,,,,,,,,,,,,,,,,,,,,,,,,,,,,,
PRT,PortugalPortugalPortugalPortugalPortugalPortugalPortugalPortugalPortugalPortugal,0.0,0.0,0.0,0.0,0.0,0.0,0.0,0.0,0,0,0.0,0.0,0.0,0.0,506.5569224,0.0,0.0,0.0,278.9733775,163.608447,325.1193498,631.3608018,0,0,0,808.603286,407.9723453,1212.380543,3420.045805,6523.362437,13017.35926,9507.11905,7843.766506,6115.390092,2522.296891,248.5589868,541.1664015,794.9692488,8673.345234,11435.81093,13032.04206,9951.798419,4109.089072,3284.754205,5651.832825,5134.788182,7213.454476,7675.962971,11698.00396,11860.56363,8833.807365,7220.795881,8014.716358,8884.148425,10148.96757,9975.920177,7151.576923,5526.0,4734.0,5348.0,181.0,71.0,,,,,,,,,,,,,,,,,,,,,,,,,,,,,,,,,,,,,,,,,,,,,
ROU,romaniaRumaniaRoumaniaRoumaniaRoumaniaRoumaniaRoumania(d)RoumaniaRoumaniaRoumaniaRomaniaRomaniaRomaniaRomaniaRomaniaRomaniaRomaniaRomaniaromaniaRomania,0.0,0.0,0.0,0.0,0.0,0.0,0.0,0.0,0,0,12910.3845,6689.068428,0.0,8621.955401,10702.71924,32273.86371,36166.90573,34607.38162,0.0,25645.624059,37809.282832,64179.60841,0,0,0,62196.38038,42904.21768,35343.61964,15731.58144,30414.39078,39433.83081,0.0,0.0,19412.7715,0.0,48243.51642,67121.41414,0.0,0.0,0.0,186681.4331,283168.4659,402479.9259,242578.8883,273729.5171,206715.0777,203461.7866,180388.8005,212900.7355,195071.6099,268485.6566,104877.2096,130047.7399,140535.4609,268485.6566,0.0,0.0,127000.0,127000.0,130000.0,123000.0,,81600.0,81600.0,81600.0,81600.0,81600.0,81600.0,81600.0,81600.0,81600.0,81600.0,68000.0,67000.0,65000.0,65000.0,60000.0,40000.0,20000.0,15000.0,15000.0,28000.0,130000.0,150000.0,,,,27080.0,73276.0,59148.0,72931.0,77500.0,72000.0,60107.0,49350.0,43590.0,40000.0,13120.0,3180.0,8993.0,21300.0,12662.0,40262.0,4477.0,8000.0,26000.0,45000
RUS,russiaandgeorgiarussianikopolCrudeorerussiaTchiaturiCrudeorerussiaUralsCrudeore..Russia(yearsendedSept.30)-UralsU.S.S.R.(Russia)U.S.S.R.(Russia)U.S.S.R.(Russia)U.S.S.R.(Russia)U.S.S.R.(Russia)U.S.S.R.(Russia)U.S.S.R.(Russia)U.S.S.R. (Russia) (d)U.S.S.R.(Russia)U.S.S.R.(Russia)U.S.S.R.(Russia)U.S.S.R.(Russia)RussiaRussiarussia,1295128.661,934875.4464,554695.5616,259046.7077,211201.7247,157315.8144,0.0,0.0,0,0,248573.6696,516283.2348,532521.3731,1690200.061149,1611426.788983,0.0,576.8246528,0.0,0.0,3314014.946,4129015.742,1879399.596,0,0,0,2346103.179,0.0,2936561.869,2936561.869,0.0,0.0,0.0,2097544.192,2621930.24,2621930.24,2936561.869,3146316.288,3146316.288,3146316.288,4544329.492,4790790.935,4737303.558,4895668.144,5097032.387,5314128.21,5538565.439,5693783.709,6067146.575,6164682.38,6608312.977,6877847.406,7324624.318,7819644.748,7953887.576,7406428.542,6775067.74,7210308.16,6841000.0,7319000.0,7819000.0,8245000.0,8155000.0,8459000.0,8636000.0,8595000.0,9057000.0,9525000.0,9750000.0,9150000.0,9821000.0,9876000.0,10089000.0,9900000.0,9300000.0,9400000.0,9100000.0,9100000.0,8500000.0,7240000.0,,,,,,,,,,,,44400.0,44400.0,44000.0,44000.0,44000.0,44000.0,44000.0,,2600.0,8200.0,,,,,,,          
SDN,Sudan(d)SudanSudanSudanSudanSudansudanSudan,0.0,0.0,0.0,0.0,0.0,0.0,0.0,0.0,0,0,0.0,0.0,0.0,0.0,0.0,0.0,0.0,0.0,0.0,0.0,0.0,0.0,0,0,0,0.0,0.0,0.0,0.0,0.0,0.0,0.0,0.0,0.0,0.0,0.0,0.0,0.0,0.0,0.0,0.0,0.0,0.0,6249.63292,7036.211992,1231.258441,3323.558772,0.0,0.0,1048.772096,0.0,8914.562816,1048.772096,1573.158144,2574.735496,5138.98327,879.9197885,1160.0,1200.0,1200.0,,,,465.0,457.0,450.0,455.0,,,,,,,,,,,,,,,,,,,,,,,,,,,,400.0,,500.0,,,,3250.0,3500.0,9000.0,9800.0,4000.0,4000.0,4000
SRB,yugoslaviaJugoslaviaJugoslaviaJugoslaviaJugoslaviaJugoslaviaJugoslaviaJugoslaviaJugoslaviaJugoslaviaJugoslaviaJugoslaviaJugoslaviaJugoslaviaJugoslavia,0.0,0.0,0.0,0.0,0.0,0.0,0.0,0.0,0,0,5308.88435,46145.97222,2802.319041,1283.697046,2034.617866,2745.685347,4639.767753,1588.889725,2531.73584,1121.1373706,3373.899833,5721.051783,0,0,0,3879.407983,5837.465486,10981.69262,0.0,0.0,0.0,0.0,0.0,7760.91351,13109.6512,14473.05492,14473.05492,13767.2313,13282.6986,13096.01716,10339.84409,9502.923962,11307.86074,11945.51417,10563.23255,10358.72199,8344.030796,13743.10955,14604.15144,15317.31646,8394.371856,8034.643027,8357.664833,8893.587374,10113.30932,14591.56617,12727.89816,14785.0,16113.0,15340.0,9718.0,13300.0,17000.0,19000.0,24750.0,27000.0,30000.0,30250.0,31149.0,27000.0,32000.0,21000.0,31800.0,41280.0,41297.0,40100.0,38770.0,50863.0,40000.0,,,,,,,,,,,,,,,,,,,,,,,,,,,,
SVK,czechoslovakiaCzechoslovakiaCzechoslovakiaCzechoslovakiaCzechoslovakiaCzechoslovakiaCzechoslovakiaCzechoslovakiaCzechoslovakia(d)Czechoslovakia(d)CzechoslovakiaCzechoslovakia,0.0,0.0,0.0,0.0,0.0,0.0,0.0,0.0,0,0,43395.04302,81657.39539,55794.67551,98238.48223,111866.2268,102640.1787,99637.54421,87964.71078,86584.5267,108293.06032,113651.23695,169765.78793,0,0,0,0.0,0.0,0.0,0.0,0.0,0.0,0.0,0.0,0.0,0.0,0.0,0.0,0.0,0.0,0.0,0.0,0.0,0.0,0.0,0.0,169901.0796,161510.9028,159413.3586,103828.4375,85999.31187,88096.85606,87048.08397,82852.99558,93340.71654,82852.99558,89145.62816,85999.31187,86000.0,48000.0,,1000.0,973.0,999.0,1100.0,910.0,910.0,910.0,900.0,900.0,900.0,900.0,900.0,950.0,900.0,900.0,900.0,900.0,900.0,,,,,,,,,,,,,,,,,,,,,,,,,,,,,
SVN,yugoslaviaJugoslaviaJugoslaviaJugoslaviaJugoslaviaJugoslaviaJugoslaviaJugoslaviaJugoslaviaJugoslaviaJugoslaviaJugoslaviaJugoslaviaJugoslaviaJugoslavia,0.0,0.0,0.0,0.0,0.0,0.0,0.0,0.0,0,0,5308.88435,46145.97222,2802.319041,1283.697046,2034.617866,2745.685347,4639.767753,1588.889725,2531.73584,1121.1373706,3373.899833,5721.051783,0,0,0,3879.407983,5837.465486,10981.69262,0.0,0.0,0.0,0.0,0.0,7760.91351,13109.6512,14473.05492,14473.05492,13767.2313,13282.6986,13096.01716,10339.84409,9502.923962,11307.86074,11945.51417,10563.23255,10358.72199,8344.030796,13743.10955,14604.15144,15317.31646,8394.371856,8034.643027,8357.664833,8893.587374,10113.30932,14591.56617,12727.89816,14785.0,16113.0,15340.0,9718.0,13300.0,17000.0,19000.0,24750.0,27000.0,30000.0,30250.0,31149.0,27000.0,32000.0,21000.0,31800.0,41280.0,41297.0,40100.0,38770.0,50863.0,40000.0,,,,,,,,,,,,,,,,,,,,,,,,,,,,
SWE,swedenSwedenSwedenSwedenSwedenSwedenSwedenSwedenSwedenSweden,4129.015742,3758.799192,7850.059139,9177.804612,20507.68957,17099.18025,12670.21569,0.0,0,0,5206.104685,11228.15406,11290.03161,15749.41057,17364.51959,16298.96714,15079.2452,8958.611244,8633.491894,12340.901254,12986.944865000001,12840.116771,0,0,0,6274.80345,6281.096083,4747.791279,14376.56789,25022.65344,27562.77945,25058.31169,22367.16249,13720.03656,11708.49168,9371.82745,16629.33035,12228.68264,18109.14778,19485.13677,12044.09875,8436.32274,15878.40953,30192.0511,13592.08636,5742.027226,10805.49891,8938.684574,17198.8136,3425.289666,0.0,6135.316762,26784.59056,22347.23582,19419.06413,12060.8791,9083.415123,,,,,,,,,,,,,,,,,,,,,,,,,,,,,,,,,,,,,,,,,,,,,,,,,,
THA,ThailandThailandThailandThailandThailandThailandThailandThailandThailandThailandThailandthailandThailand,0.0,0.0,0.0,0.0,0.0,0.0,0.0,0.0,0,0,0.0,0.0,0.0,0.0,0.0,0.0,0.0,0.0,0.0,0.0,0.0,0.0,0,0,0,0.0,0.0,0.0,0.0,0.0,0.0,0.0,0.0,0.0,0.0,0.0,0.0,0.0,0.0,0.0,0.0,0.0,0.0,420.5576105,356.5825126,1031.991742,423.7039268,545.3614899,549.5565783,2992.14679,6822.262484,11410.6404,34505.65073,72876.02663,81095.25355,42390.31935,30899.97226,23865.0,15332.0,19852.0,36318.0,30190.0,914.0,50225.0,76962.0,211.0,25366.0,54310.0,10917.0,7758.0,6710.0,8695.0,4412.0,4888.0,9148.0,7947.0,11044.0,16652.0,11032.0,7827.0,6500.0,,3478.0,3095.0,499.0,52.0,721.0,225.0,45.0,,,4550.0,88500.0,1000.0,9500.0,111000.0,64930.0,50450.0,398.0,8151.0,14320.0,14330.0,9000.0,2750.0,8020.0,4000.0,4800
TJK,U.S.S.R.(Russia)U.S.S.R.(Russia)U.S.S.R.(Russia)U.S.S.R.(Russia)U.S.S.R.(Russia)U.S.S.R.(Russia)U.S.S.R.(Russia)U.S.S.R. (Russia) (d)U.S.S.R.(Russia)U.S.S.R.(Russia)U.S.S.R.(Russia)U.S.S.R.(Russia),0.0,0.0,0.0,0.0,0.0,0.0,0.0,0.0,0,0,0.0,0.0,0.0,0.0,0.0,0.0,0.0,0.0,0.0,3314014.946,4129015.742,1879399.596,0,0,0,2346103.179,0.0,2936561.869,2936561.869,0.0,0.0,0.0,2097544.192,2621930.24,2621930.24,2936561.869,3146316.288,3146316.288,3146316.288,4544329.492,4790790.935,4737303.558,4895668.144,5097032.387,5314128.21,5538565.439,5693783.709,6067146.575,6164682.38,6608312.977,6877847.406,7324624.318,7819644.748,7953887.576,7406428.542,6775067.74,7210308.16,6841000.0,7319000.0,7819000.0,8245000.0,8155000.0,8459000.0,8636000.0,8595000.0,9057000.0,9525000.0,9750000.0,9150000.0,9821000.0,9876000.0,10089000.0,9900000.0,9300000.0,9400000.0,9100000.0,9100000.0,8500000.0,7240000.0,,,,,,,,,,,,,,,,,,,,,,,,,,,,           
TKM,U.S.S.R.(Russia)U.S.S.R.(Russia)U.S.S.R.(Russia)U.S.S.R.(Russia)U.S.S.R.(Russia)U.S.S.R.(Russia)U.S.S.R.(Russia)U.S.S.R. (Russia) (d)U.S.S.R.(Russia)U.S.S.R.(Russia)U.S.S.R.(Russia)U.S.S.R.(Russia),0.0,0.0,0.0,0.0,0.0,0.0,0.0,0.0,0,0,0.0,0.0,0.0,0.0,0.0,0.0,0.0,0.0,0.0,3314014.946,4129015.742,1879399.596,0,0,0,2346103.179,0.0,2936561.869,2936561.869,0.0,0.0,0.0,2097544.192,2621930.24,2621930.24,2936561.869,3146316.288,3146316.288,3146316.288,4544329.492,4790790.935,4737303.558,4895668.144,5097032.387,5314128.21,5538565.439,5693783.709,6067146.575,6164682.38,6608312.977,6877847.406,7324624.318,7819644.748,7953887.576,7406428.542,6775067.74,7210308.16,6841000.0,7319000.0,7819000.0,8245000.0,8155000.0,8459000.0,8636000.0,8595000.0,9057000.0,9525000.0,9750000.0,9150000.0,9821000.0,9876000.0,10089000.0,9900000.0,9300000.0,9400000.0,9100000.0,9100000.0,8500000.0,7240000.0,,,,,,,,,,,,,,,,,,,,,,,,,,,,        
TUN,tunisiatunisTunis..Tunis..TunisTunis,0.0,0.0,1507.085502,2091.251559,5985.342352,1445.207948,1355.013548,0.0,0,0,1189.307557,2910.342566,1785.010107,1475.622339,2122.714722,2621.93024,1424.232506,0.0,0.0,0.0,0.0,0.0,0,0,0,61.87755366,0.0,0.0,0.0,125.8526515,0.0,314.6316288,0.0,0.0,26.2193024,0.0,0.0,0.0,0.0,0.0,0.0,0.0,0.0,0.0,0.0,0.0,0.0,0.0,0.0,0.0,0.0,0.0,0.0,0.0,0.0,0.0,0.0,,,,,,,,,,,,,,,,,,,,,,,,,,,,,,,,,,,,,,,,,,,,,,,,,,
TUR,TurkeyTurkeyTurkeyTurkeyTurkeyTurkeyTurkeyTurkeyTurkeyTurkeyTurkeyTurkeyTurkeyTurkeyTurkeyTurkeyTurkeyturkeyTurkey,0.0,0.0,0.0,0.0,0.0,0.0,0.0,0.0,0,0,0.0,0.0,0.0,79.7066793,11766.17415,61.87755366,155.2182702,943.8948864,1048.772096,19035.213539,13319.40562,3321.4612281,0,0,0,2255.908778,535.9225411,577.8734249,1404.305837,3420.045805,861.0418908,2033.569094,5259.592061,1756.693261,4782.400758,8594.687327,25807.13497,33214.61228,52143.89984,110286.7761,76331.73069,51417.10078,51716.00083,62708.18116,57183.24976,23335.17914,36839.16864,29132.79128,31463.16288,21931.92207,6506.582084,30826.55822,28828.64737,24522.38915,43216.75176,26219.3024,14130.10645,14394.0,13942.0,15100.0,5552.0,4546.0,35023.0,33783.0,38443.0,68184.0,41514.0,41634.0,14932.0,7310.0,3200.0,42796.0,10750.0,7770.0,7000.0,7000.0,7000.0,8900.0,8900.0,8900.0,8900.0,8900.0,37000.0,37500.0,31160.0,53283.0,29000.0,23300.0,20000.0,20000.0,18000.0,13751.0,4751.0,,,,,134336.0,172480.0,192756.0,321785.0,320000.0,142809.0,46867.0,77895.0,85334.0,85000
UKR,NikopolU.S.S.R.(Russia)U.S.S.R.(Russia)U.S.S.R.(Russia)U.S.S.R.(Russia)U.S.S.R.(Russia)U.S.S.R.(Russia)U.S.S.R.(Russia)U.S.S.R. (Russia) (d)U.S.S.R.(Russia)U.S.S.R.(Russia)U.S.S.R.(Russia)U.S.S.R.(Russia)UkraineUkraine(f)Ukraine(b)Ukraine(a)ukraineUkraine,0.0,0.0,0.0,0.0,0.0,0.0,0.0,0.0,0,0,0.0,0.0,0.0,0.0,0.0,0.0,631637.6776,0.0,0.0,3314014.946,4129015.742,1879399.596,0,0,0,2346103.179,0.0,2936561.869,2936561.869,0.0,0.0,0.0,2097544.192,2621930.24,2621930.24,2936561.869,3146316.288,3146316.288,3146316.288,4544329.492,4790790.935,4737303.558,4895668.144,5097032.387,5314128.21,5538565.439,5693783.709,6067146.575,6164682.38,6608312.977,6877847.406,7324624.318,7819644.748,7953887.576,7406428.542,6775067.74,7210308.16,6841000.0,7319000.0,7819000.0,8245000.0,8155000.0,8459000.0,8636000.0,8595000.0,9057000.0,9525000.0,9750000.0,9150000.0,9821000.0,9876000.0,10089000.0,9900000.0,9300000.0,9400000.0,9100000.0,9100000.0,8500000.0,7240000.0,5819000.0,4300000.0,2980000.0,3200000.0,3070000.0,3039500.0,2217000.0,1984800.0,2740600.0,2710000.0,2740000.0,2533000.0,2273100.0,2260000.0,1606000.0,1720000.0,1447000.0,1000000.0,1589000.0,1391228.0,1234007.0,1524696.0,1526218.0,1477200.0,1328271.0,1758172.0,1845156.0,        1854240
USA,unitedstatesUnitedStates(2)UnitedStates(c)UnitedStates(c)UnitedStates(c)UnitedStates(c)UnitedStates(c)UnitedStates(c)UnitedStates(c)UnitedStates(c)USA(a)USA(a)USA(a)USAUSA,4245.429445,2763.514473,10081.84616,33009.05295,135716.3531,320786.8722,58020.16989,98584.57702,0,0,368293.1019,359713.0973,383405.9078,48514.09962,46923.11235,48910.53547,63323.81038,70304.43746,41155.91459,46360.9705,53765.30150000001,70010.78127,0,0,0,26555.95824,30733.2175,42077.78526,82211.14706,178617.4244,192124.5603,231868.8276,170743.2435,134500.8262,123255.8918,122762.9689,118113.7622,125900.895,94389.48864,108041.355,147517.1367,193019.1629,268986.9696,322811.0024,343036.5722,388663.4023,368080.2011,160255.5226,153321.0415,203839.3446,375300.997,218914.3947,304456.4419,313519.9304,282554.9342,239689.5211,403252.8709,334118.0,179926.0,133502.0,184208.0,247578.0,144447.0,232813.0,195855.0,283154.0,240000.0,157748.0,158540.0,28584.0,30412.0,80216.0,18037.0,12991.0,17315.0,,,8000.0,,,,,,,,,,,,,,,,,,,,,,,,,,,,,
UZB,U.S.S.R.(Russia)U.S.S.R.(Russia)U.S.S.R.(Russia)U.S.S.R.(Russia)U.S.S.R.(Russia)U.S.S.R.(Russia)U.S.S.R.(Russia)U.S.S.R. (Russia) (d)U.S.S.R.(Russia)U.S.S.R.(Russia)U.S.S.R.(Russia)U.S.S.R.(Russia),0.0,0.0,0.0,0.0,0.0,0.0,0.0,0.0,0,0,0.0,0.0,0.0,0.0,0.0,0.0,0.0,0.0,0.0,3314014.946,4129015.742,1879399.596,0,0,0,2346103.179,0.0,2936561.869,2936561.869,0.0,0.0,0.0,2097544.192,2621930.24,2621930.24,2936561.869,3146316.288,3146316.288,3146316.288,4544329.492,4790790.935,4737303.558,4895668.144,5097032.387,5314128.21,5538565.439,5693783.709,6067146.575,6164682.38,6608312.977,6877847.406,7324624.318,7819644.748,7953887.576,7406428.542,6775067.74,7210308.16,6841000.0,7319000.0,7819000.0,8245000.0,8155000.0,8459000.0,8636000.0,8595000.0,9057000.0,9525000.0,9750000.0,9150000.0,9821000.0,9876000.0,10089000.0,9900000.0,9300000.0,9400000.0,9100000.0,9100000.0,8500000.0,7240000.0,,,,,,,,,,,,,,,,,,,,,,,,,,,,       
VEN,VenezuelaVenezuela,0.0,0.0,0.0,0.0,0.0,0.0,0.0,0.0,0,0,0.0,0.0,0.0,0.0,0.0,0.0,0.0,0.0,0.0,0.0,0.0,0.0,0,0,0,0.0,0.0,0.0,0.0,0.0,0.0,0.0,0.0,0.0,0.0,0.0,0.0,0.0,0.0,0.0,0.0,0.0,0.0,9648.703283,30844.38734,8464.639587,3159.950325,0.0,0.0,0.0,0.0,0.0,0.0,0.0,0.0,0.0,0.0,,,,,,,,,,,,,,,,,,,,,,,,,,,,,,,,,,,,,,,,,,,,,,,,,,
VNM,FrenchIndoChinaFrenchIndoChinavietnamVietnam,0.0,0.0,0.0,0.0,0.0,0.0,0.0,0.0,0,0,0.0,0.0,0.0,0.0,0.0,0.0,0.0,0.0,0.0,1618.255344,3539.605824,5460.956304,0,0,0,2285.274397,3633.995313,690.0920392,1069.747538,1489.256376,1468.280934,7341.404672,0.0,0.0,0.0,0.0,0.0,0.0,0.0,0.0,0.0,0.0,0.0,0.0,0.0,0.0,0.0,0.0,0.0,0.0,0.0,0.0,0.0,0.0,0.0,0.0,0.0,,,,,,,,,,,,,,,,,,,,,,,,,,,,,,,,,,,,,,,,,82700.0,64600.0,15800.0,9700.0,800.0,20700.0,13400.0,50000.0,68194.0,76106
VUT,NewHebridesNewHebrides(b)NewHebridesVanuatu,0.0,0.0,0.0,0.0,0.0,0.0,0.0,0.0,0,0,0.0,0.0,0.0,0.0,0.0,0.0,0.0,0.0,0.0,0.0,0.0,0.0,0,0,0,0.0,0.0,0.0,0.0,0.0,0.0,0.0,0.0,0.0,0.0,0.0,0.0,0.0,0.0,0.0,0.0,0.0,0.0,0.0,0.0,0.0,0.0,0.0,4195.088384,71872.35174,92291.94445,56719.6925,80266.7236,86658.98952,74538.33041,43846.01502,0.0,16263.0,40771.0,27801.0,30133.0,47000.0,39817.0,31444.0,34293.0,19288.0,5694.0,,,,,,,,,,,,,,,,,,,,,,,,,,,,,,,,,,,,,,,,
ZAF,unionofsouthafricaUnionofSouthAfricaUnionofSouthAfricaUnionofSouthAfricaUnionofSouthAfricaUnionofSouthAfricaUnionofSouthAfricaUnionofSouthAfricaSouthAfricaSouthAfricaSouthAfrica(e)MetallurgicalChemicalFerruginousMetallurgicalChemicalMetallurgicalChemicalMetallurgicalChemicalMetallurgicalChemicalMetallurgicalChemicalMetallurgicalChemicalsouthafricametallurgicalsouthafricachemicalSouthAfrica,0.0,0.0,0.0,0.0,115.3649306,509.7032387,144.7305492,62.92632576,0,0,611.434132,959.6264678,469.849899,861.0418908,1341.379511,0.0,9650.800827,152065.6613,105181.3535,98524.79701,288476.30147,704206.4140100001,0,0,0,569512.6137,433217.3385,425345.2551,460257.8294,407151.1568,226180.2878,110326.6294,118235.4198,245560.5473,297496.7903,285296.4245,676280.7594,816415.5894,783315.2932,902812.3859,854317.1641,723714.6238,608170.3532,719532.1207,737776.5601,874697.9523,1001205.038,1232430.968,1463345.413,1511916.146,1401600.005,1514963.878,1832619.117,2046134.433,2189095.703,2505366.563,2728344.949,3023204.0,3418173.0,3373160.0,4242157.0,4834988.0,5880735.0,5503222.0,5290110.0,4412743.0,5182343.0,6062115.0,5380543.0,5554337.0,2885963.0,3049369.0,3601008.0,3719294.0,2883114.0,3453955.0,3623196.0,4402090.0,3146060.0,2463635.0,2506689.0,2865138.0,3198569.0,3240069.0,3120661.0,3044121.0,3121994.0,3635427.0,3266144.0,3321645.0,3500638.0,4206746.0,4612099.0,5213338.0,5995140.0,6807514.0,4575766.0,7171745.0,8651842.0,8943415.0,10952000.0,13857000.0,15979170.0,13735509.0,14143794.0,14919207.0,17008951
ZMB,NorthernRhodesiaNorthernRhodesiaNorthernRhodesiaNorthernRhodesiaNorthernRhodesiaNorthernRhodesiaNorthernRhodesiaNorthernRhodesiaZambiaZambiaZambiaZambia,0.0,0.0,0.0,0.0,0.0,0.0,0.0,0.0,0,0,0.0,0.0,0.0,0.0,727.8478346,1879.399596,1939.179606,915.5780398,1538.548665,4169.917854,8798.149113,4595.719325,0,0,0,2868.391683,3114.853125,3664.409703,4929.228851,6411.143823,4940.765344,5292.103996,2028.325234,1466.18339,0.0,4088.11363,4168.869082,1807.034321,1321.452841,4117.479249,7476.696272,16444.74647,18462.58398,38167.96289,38667.17841,46242.45926,56462.74333,55527.23862,53282.86634,48225.68729,36386.0991,39234.56411,31805.06258,27561.73068,26172.10766,26218.25363,26485.69051,,,,,,,,,,,,,,,,1870.0,554.0,,502.0,351.0,721.0,662.0,292.0,,,,,,,,,,,,,,,,,,,,,,,140000.0,120000.0,92675.0,77277.0,100000
ZWE,SouthernRhodesiaSouthernRhodesiaSouthernRhodesiaRhodesia,0.0,0.0,0.0,0.0,0.0,0.0,0.0,0.0,0,0,0.0,0.0,0.0,0.0,0.0,0.0,0.0,0.0,0.0,0.0,0.0,0.0,0,0,0,0.0,0.0,0.0,0.0,0.0,0.0,0.0,0.0,0.0,0.0,10.48772096,171.9986237,0.0,0.0,1479.817427,0.0,16.78035354,1244.892478,764.554858,1671.742721,2352.395811,1990.569438,1568.963056,191.9252936,7470.40364,0.0,149.9744097,0.0,0.0,0.0,0.0,0.0,,,,,,,,,,,,,,,,,,,,,,,,,,,,,,,,,,,,,,,,,,,,,,,,,,
