,IS03,Country,1913,1914,1915,1916,1917,1918,1919,1920,1921,1922,1923,1924,1925,1926,1927,1928,1929,1930,1931,1932,1933,1934,1935,1936,1937,1938,1939,1940,1941,1942,1943,1944,1945,1946,1947,1948,1949,1950,1951,1952,1953,1954,1955,1956,1957,1958,1959,1960,1961,1962,1963,1964,1965,1966,1967,1968,1969,1970,1971,1972,1973,1974,1975,1976,1977,1978,1979,1980,1981,1982,1983,1984,1985,1986,1987,1988,1989,1990,1991,1992,1993,1994,1995,1996,1997,1998,1999,2000,2001,2002,2003,2004,2005,2006,2007,2008,2009,2010,2011,2012,2013,2014,2015,2016,2017,2018,2019,1801-1900
0,AGO,AngolaAngolaAngolaAngola,-1,-1,-1,-1,-1,-1,-1,-1,-1,-1,-1,-1,-1,-1,-1,-1,-1,-1,-1,-1,-1,-1,-1,-1,-1,-1,121.92,121.92,-1,233.68,223.52,71.12,-1,91.44,284.48,394.208,741.68,1279.144,1158.24,1129.792,1474.216,1522.984,978.408,1467.104,1704.848,1530.096,1753.616,1912.112,926.592,1782.064,130.048,-1,-1,-1,-1,-1,-1,-1,-1,-1,-1,-1,-1,-1,-1,-1,-1,-1,-1,-1,-1,-1,-1,-1,-1,-1,-1,-1,-1,-1,-1,-1,-1,-1,-1,-1,-1,-1,-1,-1,-1,-1,-1,-1,-1,-1,-1,-1,-1,-1,-1,-1,-1,-1,-1,-1,-1,
1,ALB,AlbaniaAlbaniaAlbaniaAlbaniaAlbaniaAlbaniaAlbaniaAlbaniaAlbaniaAlbaniaAlbania,-1,-1,-1,-1,-1,-1,-1,-1,-1,-1,-1,-1,-1,-1,-1,-1,-1,-1,-1,-1,-1,-1,-1,-1,-1,-1,-1,-1,-1,-1,-1,-1,-1,-1,-1,-1,-1,-1,-1,-1,-1,-1,-1,-1,-1,1727.2,2032.0,2133.6,2336.8,2540.0,2540.0,2540.0,4196.08,4988.56,5994.4,5994.4,5994.4,6000.0,6500.0,6700.0,7000.0,6000.0,9000.0,10000.0,10000.0,11500.0,12500.0,11500.0,11500.0,14000.0,15000.0,15000.0,10300.0,12500.0,13800.0,14000.0,15800.0,250.0,8000.0,3400.0,3500.0,2200.0,3650.0,2630.0,324.0,2300.0,900.0,-1,-1,-1,-1,-1,1696.0,1140.0,2980.0,2980.0,2788.0,2672.0,4379.0,5691.0,5087.0,3503.0,2106.0,218.0,-1,2601.0,3000.0,
2,ARG,ArgentinaArgentinaArgentinaArgentinaArgentinaArgentinaArgentinaArgentinaArgentinaArgentinaArgentinaArgentinaArgentinaArgentinaArgentinaArgentina,188.976,-1,25.4,105.664,-1,139.192,-1,-1,-1,-1,304.8,-1,-1,812.8,812.8,-1,-1,-1,-1,-1,-1,-1,-1,-1,-1,31.496,27.432,19.304,152.4,108.712,274.32,-1,-1,-1,-1,-1,-1,-1,-1,-1,-1,-1,-1,-1,-1,-1,181.864,516.128,550.672,404.368,-1,345.44,518.16,337.312,410.464,-1,-1,461.0,497.0,1125.0,284.0,-1,380.0,265.0,169.0,200.0,100.0,182.0,80.0,37.0,318.0,300.0,391.0,317.0,379.0,492.0,653.0,357.0,409.0,297.0,-1,-1,-1,-1,30421.0,170273.0,210126.0,145197.0,191667.0,204027.0,199020.0,177143.0,187317.0,180144.0,180223.0,156900.0,143084.0,140300.0,116700.0,135700.0,109600.0,102600.0,61800.0,81900.0,33300.0,17400.0,-1,17224.13793
3,ARM,ArmeniaArmeniaArmeniaArmeniaArmeniaArmeniaSoviet UnionSoviet UnionSoviet UnionSoviet UnionSoviet UnionUSSRUSSRUSSRUSSRUSSRUSSRUSSRUSSRUSSRUSSR,-1,-1,-1,-1,-1,-1,-1,-1,-1,-1,-1,-1,-1,-1,-1,-1,-1,-1,-1,32004.0,32715.2,44094.4,126492.0,166624.0,182880.0,101600.0,144272.0,-1,-1,-1,-1,-1,121920.0,148336.0,161544.0,195072.0,234696.0,255016.0,300736.0,334264.0,345440.0,360680.0,406400.0,431800.0,472440.0,873760.0,873760.0,914400.0,955040.0,1016000.0,1117600.0,1371600.0,1422400.0,1524000.0,1727200.0,1727200.0,1778000.0,925000.0,990000.0,1050000.0,1100000.0,2300000.0,1130000.0,1100000.0,1140000.0,1150000.0,-1,980000.0,1000000.0,1010000.0,1020000.0,1020000.0,1030000.0,1030000.0,1010000.0,990000.0,950000.0,900000.0,840000.0,2000.0,1000.0,-1,8080.0,9088.0,6770.0,9158.0,9611.0,12234.0,16460.0,16641.0,18068.0,17700.0,16400.0,17800.0,17400.0,18540.0,22968.0,31062.0,33597.0,40908.0,48891.0,50952.0,71957.0,88586.0,97705.0,72357.0,91198.0,
4,AUS,AustraliaAustraliaAustraliaAustraliaAustraliaAustraliaAustraliaAustraliaAustraliaAustraliaAustraliaAustraliaAustraliaAustraliaAustraliaAustraliaAustraliaAustraliaAustraliaAustraliaAustralia,47236.888,39040.816,40617.648,39427.912,40059.864,38971.728,19489.928,27020.52,-1,-1,17996.408,14806.168,12006.072,8861.552,10132.568,9617.456,13016.992,13191.744,13748.512,14892.528,14643.608,12204.192,17261.84,18857.976,19433.032,19757.136,20888.96,20035.52,21192.744,20728.432,24715.216,28504.896,24912.32,18039.08,13332.968,12565.888,13677.392,15143.48,16872.712,20409.408,37078.92,41510.712,46223.936,53889.656,57611.264,76926.44,96469.2,111185.96,97156.016,108683.552,114549.936,105714.8,91834.208,111289.592,91806.776,109632.496,131332.224,157790.0,177261.0,185843.0,220335.0,251340.0,218961.0,218480.0,221579.0,221111.0,234000.0,243541.0,231339.0,245322.0,261476.0,235811.0,259765.0,248368.0,232695.0,243800.0,296000.0,330000.0,320000.0,378000.0,411000.0,391000.0,379000.0,548000.0,558000.0,607000.0,711000.0,832000.0,896000.0,879000.0,830000.0,854000.0,935000.0,878000.0,871000.0,886000.0,854000.0,871000.0,959474.0,920898.0,1000999.0,969540.0,995881.0,947555.0,849121.0,910896.0,934055.0,474098.9111
5,AUT,AustriaAustriaAustriaAustriaAustriaAustriaAustriaAustriaAustriaAustriaAustriaAustriaAustria,4134.104,3309.112,-1,-1,-1,-1,-1,-1,-1,-1,1683.512,1939.544,1839.976,2238.248,2332.736,3034.792,2080.768,2215.896,1312.672,170.688,133.096,83.312,54.864,12.192,-1,-1,-1,-1,-1,-1,-1,7924.8,-1,104.648,322.072,870.712,1360.424,1677.416,1842.008,2753.36,3129.28,3117.088,2696.464,7072.376,2374.392,2506.472,2513.584,2024.888,1956.816,2035.048,1932.432,1613.408,1575.816,1901.952,1960.88,2112.264,2336.8,2262.0,2575.0,2231.0,2713.0,2612.0,1923.0,138.0,-1,-1,-1,-1,-1,-1,-1,-1,-1,-1,-1,-1,-1,-1,-1,-1,-1,-1,-1,-1,-1,-1,-1,-1,-1,-1,-1,-1,-1,-1,-1,-1,-1,-1,-1,-1,-1,-1,-1,-1,-1,-1,-1,111466.4247
6,AZE,AzerbaijanAzerbaijanSoviet UnionSoviet UnionSoviet UnionSoviet UnionSoviet UnionUSSRUSSRUSSRUSSRUSSRUSSRUSSR,-1,-1,-1,-1,-1,-1,-1,-1,-1,-1,-1,-1,-1,-1,-1,-1,-1,-1,-1,32004.0,32715.2,44094.4,63246.0,83312.0,91440.0,101600.0,144272.0,-1,-1,-1,-1,-1,121920.0,148336.0,161544.0,195072.0,234696.0,255016.0,300736.0,334264.0,345440.0,360680.0,406400.0,431800.0,472440.0,436880.0,436880.0,457200.0,477520.0,508000.0,558800.0,685800.0,711200.0,762000.0,863600.0,863600.0,889000.0,925000.0,990000.0,1050000.0,1100000.0,2300000.0,1130000.0,1100000.0,1140000.0,1150000.0,-1,980000.0,1000000.0,1010000.0,1020000.0,1020000.0,1030000.0,1030000.0,1010000.0,990000.0,950000.0,900000.0,840000.0,-1,-1,-1,-1,-1,-1,-1,-1,-1,-1,-1,-1,-1,-1,-1,-1,-1,-1,183.0,611.0,502.0,327.0,784.0,969.0,1941.0,1991.0,1645.0,2210.0,
7,BEN,'French West Africa,-1,-1,-1,-1,-1,-1,-1,-1,-1,-1,-1,-1,-1,-1,-1,-1,-1,-1,-1,-1,-1,-1,-1,-1,-1,-1,-1,-1,-1,-1,-1,-1,-1,-1,-1,-1,-1,-1,-1,-1,-1,82.296,138.176,97.536,-1,-1,-1,-1,-1,-1,-1,-1,-1,-1,-1,-1,-1,-1,-1,-1,-1,-1,-1,-1,-1,-1,-1,-1,-1,-1,-1,-1,-1,-1,-1,-1,-1,-1,-1,-1,-1,-1,-1,-1,-1,-1,-1,-1,-1,-1,-1,-1,-1,-1,-1,-1,-1,-1,-1,-1,-1,-1,-1,-1,-1,-1,-1,
8,BFA,'French West Africa,-1,-1,-1,-1,-1,-1,-1,-1,-1,-1,-1,-1,-1,-1,-1,-1,-1,-1,-1,-1,-1,-1,-1,-1,-1,-1,-1,-1,-1,-1,-1,-1,-1,-1,-1,-1,-1,-1,-1,-1,-1,82.296,138.176,97.536,-1,-1,-1,-1,-1,-1,-1,-1,-1,-1,-1,-1,-1,-1,-1,-1,-1,-1,-1,-1,-1,-1,-1,-1,-1,-1,-1,-1,-1,-1,-1,-1,-1,-1,-1,-1,-1,-1,-1,-1,-1,-1,-1,-1,-1,-1,-1,-1,-1,-1,-1,-1,-1,-1,-1,-1,-1,-1,-1,-1,-1,-1,-1,
9,BGR,BulgariaBulgariaBulgariaBulgariaBulgariaBulgariaBulgariaBulgariaBulgariaBulgariaBulgariaBulgariaBulgariaBulgariaBulgariaBulgariaBulgariaBulgariaBulgaria,-1,-1,-1,-1,-1,-1,-1,-1,-1,-1,-1,25857.2,29763.72,1865.376,863.6,-1,31369.0,27447.24,-1,40.64,-1,50.8,148.336,-1,20.32,101.6,320.04,558.8,-1,-1,-1,-1,-1,-1,-1,-1,-1,-1,-1,-1,-1,-1,-1,5259.832,7199.376,7112.0,10972.8,14122.4,16256.0,18288.0,18288.0,18288.0,24384.0,29464.0,35560.0,37592.0,38608.0,42000.0,44400.0,46300.0,48000.0,50000.0,55000.0,57000.0,57000.0,58000.0,58000.0,62000.0,62000.0,65000.0,68000.0,73000.0,58000.0,60000.0,60000.0,50000.0,50000.0,32900.0,47200.0,400.0,60400.0,75500.0,77400.0,84800.0,75500.0,75500.0,-1,93200.0,97100.0,84400.0,80240.0,79600.0,112536.0,123571.0,116157.0,107195.0,110652.0,112904.0,114603.0,118255.0,115149.0,108300.0,71748.0,70573.0,73003.0,69841.0,70927.0,
10,BIH,'Jugoslavia'Jugoslavia'Jugoslavia (estimated)YugoslaviaYugoslaviaYugoslaviaYugoslaviaYugoslaviaYugoslaviaYugoslaviaYugoslaviaYugoslaviaYugoslaviaYugoslaviaYugoslaviaYugoslavia,-1,-1,-1,-1,-1,-1,-1,-1,-1,-1,6807.2,8142.224,10160.0,10613.136,10363.2,13208.0,20320.0,23368.0,22352.0,18186.4,34036.0,42976.8,41656.0,41656.0,44704.0,49479.2,41656.0,46949.36,-1,-1,-1,-1,20320.0,24384.0,33528.0,41656.0,38608.0,43290.744,35948.112,36968.176,35315.144,32148.272,29117.544,31829.248,33528.0,35233.864,34598.864,33275.016,37906.96,51714.4,62089.792,63180.976,62546.992,62218.824,63148.464,70482.968,81673.192,90808.0,94392.0,103133.0,111797.0,112080.0,114894.0,120130.0,116218.0,123319.0,96000.0,114786.0,110961.0,119299.0,129506.0,137600.0,142479.0,138544.0,130470.0,103523.0,139631.0,140145.0,121842.0,97811.0,68007.0,90800.0,74619.0,69467.0,87404.0,84627.0,62777.0,-1,-1,-1,-1,-1,-1,-1,-1,-1,-1,-1,-1,-1,-1,-1,-1,-1,-1,-1,-1,
11,BLR,Soviet UnionSoviet UnionSoviet UnionSoviet UnionSoviet UnionUSSRUSSRUSSRUSSRUSSRUSSRUSSR,-1,-1,-1,-1,-1,-1,-1,-1,-1,-1,-1,-1,-1,-1,-1,-1,-1,-1,-1,32004.0,32715.2,44094.4,63246.0,83312.0,91440.0,101600.0,144272.0,-1,-1,-1,-1,-1,121920.0,148336.0,161544.0,195072.0,234696.0,255016.0,300736.0,334264.0,345440.0,360680.0,406400.0,431800.0,472440.0,436880.0,436880.0,457200.0,477520.0,508000.0,558800.0,685800.0,711200.0,762000.0,863600.0,863600.0,889000.0,925000.0,990000.0,1050000.0,1100000.0,2300000.0,1130000.0,1100000.0,1140000.0,1150000.0,-1,980000.0,1000000.0,1010000.0,1020000.0,1020000.0,1030000.0,1030000.0,1010000.0,990000.0,950000.0,900000.0,840000.0,-1,-1,-1,-1,-1,-1,-1,-1,-1,-1,-1,-1,-1,-1,-1,-1,-1,-1,-1,-1,-1,-1,-1,-1,-1,-1,-1,-1,
12,BOL,BoliviaBoliviaBoliviaBoliviaBoliviaBoliviaBoliviaBoliviaBoliviaBoliviaBoliviaBoliviaBoliviaBoliviaBoliviaBoliviaBoliviaBolivia,3699.256,4056.888,8280.4,8890.0,10730.992,8618.728,-1,-1,-1,-1,10046.208,7436.104,6908.8,8143.24,8728.456,8484.616,7187.184,3986.784,2048.256,2016.76,1848.104,1621.536,1913.128,3249.168,3699.256,2884.424,4055.872,6659.88,7273.544,6375.4,6010.656,6170.168,6097.016,6126.48,6240.272,6616.192,5073.904,4704.08,4845.304,4703.064,4463.288,3113.024,3497.072,4442.968,3918.712,2874.264,2232.152,2270.76,2080.768,2362.2,2993.136,4680.712,4730.496,5701.792,6328.664,6898.64,7899.4,700.0,7809.0,8114.0,8230.0,7919.0,5882.0,4680.0,3670.0,3267.0,1797.0,1882.0,2637.0,2270.0,1982.0,1600.0,1665.0,338.0,9.0,153.0,298.0,-1,-1,-1,-1,-1,-1,-1,-1,-1,-1,-1,-1,-1,-1,-1,35.0,218.0,606.0,567.0,620.0,2100.0,4176.0,8700.0,7549.0,10746.0,9479.0,8718.0,7219.0,5216.0,4478.0,55108.89292
13,BRA,BrazilBrazilBrazilBrazilBrazilBrazilBrazilBrazilBrazilBrazilBrazilBrazilBrazil,-1,-1,-1,-1,-1,-1,-1,-1,-1,-1,-1,-1,-1,-1,-1,-1,-1,-1,-1,-1,-1,-1,-1,-1,-1,-1,-1,-1,-1,-1,-1,-1,-1,-1,-1,-1,-1,-1,-1,-1,-1,-1,-1,8128.0,8128.0,1219.2,1117.6,1117.6,1727.2,1625.6,1524.0,2032.0,2032.0,2032.0,2946.4,3556.0,3759.2,3920.0,5418.0,4455.0,3412.0,4100.0,1922.0,54.0,25.0,59.0,-1,402.0,11777.0,24482.0,40000.0,35000.0,40999.0,40183.0,40332.0,44845.0,44440.0,34441.0,37947.0,39848.0,43568.0,39674.0,48933.0,46203.0,39952.0,34446.0,31371.0,786.0,32734.0,32711.0,26275.0,103153.0,133325.0,147836.0,205728.0,222000.0,217000.0,213548.0,213760.0,223141.0,270979.0,239900.0,359463.0,337600.0,384542.0,385800.0,363300.0,
14,BWA,BotswanaBotswanaBotswanaBotswanaBotswanaBotswanaBotswanaBotswanaBotswana,-1,-1,-1,-1,-1,-1,-1,-1,-1,-1,-1,-1,-1,-1,-1,-1,-1,-1,-1,-1,-1,-1,-1,-1,-1,-1,-1,-1,-1,-1,-1,-1,-1,-1,-1,-1,-1,-1,-1,-1,-1,-1,-1,-1,-1,-1,-1,-1,-1,-1,-1,-1,-1,-1,-1,-1,-1,-1,-1,-1,-1,-1,6504.0,12473.0,11783.0,14614.0,14563.0,15554.0,17815.0,18375.0,20266.0,21517.0,21692.0,21337.0,18934.0,24428.0,23403.0,20612.0,20576.0,20413.0,20132.0,780.0,20461.0,23299.0,19820.0,22124.0,20960.0,18722.0,19209.0,21590.0,24289.0,21195.0,26704.0,24255.0,19996.0,23146.0,24382.0,48026.0,31929.0,35768.0,48500.0,47700.0,9162.0,12415.0,1239.0,1462.0,-1,
15,CAF,'French Equatorial Africa'French Equatorial Africa'French Equatorial Africa,-1,-1,-1,-1,-1,-1,-1,-1,-1,-1,-1,-1,-1,384.048,499.872,235.712,184.912,304.8,152.4,152.4,1524.0,-1,-1,-1,-1,-1,-1,-1,-1,-1,-1,-1,-1,-1,-1,-1,-1,-1,-1,-1,-1,-1,-1,-1,-1,-1,-1,-1,-1,-1,-1,-1,-1,-1,-1,-1,-1,-1,-1,-1,-1,-1,-1,-1,-1,-1,-1,-1,-1,-1,-1,-1,-1,-1,-1,-1,-1,-1,-1,-1,-1,-1,-1,-1,-1,-1,-1,-1,-1,-1,-1,-1,-1,-1,-1,-1,-1,-1,-1,-1,-1,-1,-1,-1,-1,-1,-1,
16,CAN,CanadaCanadaCanadaCanadaCanadaCanadaCanadaCanadaCanadaCanadaCanadaCanadaCanadaCanadaCanadaCanadaCanadaCanadaCanadaCanadaCanada'New Caledonia'New Caledonia (d)'Newfoundland'Newfoundland'Newfoundland'Newfoundland --'Newfoundland :.,34914.84,34351.976,45712.888,53135.784,49542.192,53870.352,34074.608,36810.696,-1,-1,39580.312,47388.272,50551.08,60367.672,63567.056,91936.824,112540.288,137699.49599999998,132580.888,114464.592,139281.408,169742.104,193002.408,196308.472,248865.136,267155.168,286488.632,306785.26399999997,298439.83999999997,279469.088,266557.76,253156.71999999997,220100.144,171343.32,208742.28,222504.0,238992.664,239675.416,245367.048,233719.624,229735.888,274620.736,295723.056,321908.424,313896.248,313067.192,358565.704,398473.168,393780.264,414914.08,416138.36,441687.712,460716.376,455881.232,556363.632,574505.328,506392.688,610281.0,654470.0,719673.0,823942.0,821380.0,733826.0,730930.0,759423.0,659380.0,643754.0,716363.0,691328.0,612455.0,653040.0,707112.0,738637.0,698527.0,802181.0,776482.0,723052.0,793735.0,811134.0,768582.0,732591.0,617265.0,726293.0,688426.0,659500.0,705766.0,614210.0,633855.0,633531.0,603498.0,557082.0,563471.0,595383.0,603295.0,596249.0,607957.0,494524.0,522172.0,566779.0,580082.0,652595.0,695513.0,714647.0,693059.0,597194.0,548011.0,560781.0,63343.92015
17,CAN,CanadaCanadaCanadaCanadaCanadaCanadaCanadaCanadaCanadaCanadaCanadaCanadaCanadaCanadaCanadaCanadaCanadaCanadaCanadaCanadaCanada'New Caledonia'New Caledonia (d)'Newfoundland'Newfoundland'Newfoundland'Newfoundland --'Newfoundland :.,34914.84,34351.976,45712.888,53135.784,49542.192,53870.352,34074.608,36810.696,-1,-1,39580.312,47388.272,50551.08,60367.672,63567.056,91936.824,112540.288,137699.49599999998,132580.888,114464.592,139281.408,169742.104,193002.408,196308.472,248865.136,267155.168,286488.632,306785.26399999997,298439.83999999997,279469.088,266557.76,253156.71999999997,220100.144,171343.32,208742.28,222504.0,238992.664,239675.416,245367.048,233719.624,229735.888,274620.736,295723.056,321908.424,313896.248,313067.192,358565.704,398473.168,393780.264,414914.08,416138.36,441687.712,460716.376,455881.232,556363.632,574505.328,506392.688,610281.0,654470.0,719673.0,823942.0,821380.0,733826.0,730930.0,759423.0,659380.0,643754.0,716363.0,691328.0,612455.0,653040.0,707112.0,738637.0,698527.0,802181.0,776482.0,723052.0,793735.0,811134.0,768582.0,732591.0,617265.0,726293.0,688426.0,659500.0,705766.0,614210.0,633855.0,633531.0,603498.0,557082.0,563471.0,595383.0,603295.0,596249.0,607957.0,494524.0,522172.0,566779.0,580082.0,652595.0,695513.0,714647.0,693059.0,597194.0,548011.0,560781.0,48091.65154
18,CHL,ChileChileChileChileChileChileChileChileChileChileChileChileChileChileChileChileChileChileChileChileChile,42249.344,44650.152,52324.0,71265.288,102493.064,106778.552,69900.8,107696.0,-1,-1,205955.392,213785.704,208280.0,203077.064,242626.896,289875.976,320615.056,220313.504,224536.0,103225.6,162560.0,264160.0,267069.824,256196.592,416560.0,351465.896,340964.52,363023.912,468664.544,484330.248,497131.848,498303.296,470160.096,350861.376,426649.896,444928.752,371076.728,362740.448,379708.664,408613.864,363118.4,373982.488,445880.744,502768.616,497840.0,466303.36,545999.416,536231.592,538243.272,586232.0,600456.0,633517.656,579120.0,660400.0,660400.0,658368.0,686816.0,685600.0,708300.0,716900.0,735400.0,899700.0,828300.0,1005200.0,1056200.0,1035500.0,1060600.0,1067900.0,1081100.0,1242200.0,257100.0,1290000.0,1356200.0,1401100.0,1418100.0,1451000.0,1609300.0,1588400.0,1814300.0,1932700.0,2055400.0,2219900.0,2488600.0,3115800.0,3392000.0,3686900.0,4382600.0,4602000.0,4739000.0,4580600.0,4904200.0,5412500.0,5320500.0,5360800.0,5557000.0,5327600.0,5389600.0,5418900.0,5262800.0,5433900.0,5776000.0,5749600.0,5772100.0,5552600.0,5503500.0,5831600.0,5787400.0,1917216.878
19,CHN,ChinaChinaChinaChinaChinaChinaChinaChinaChinaChinaChinaChinaChinaChinaChina,-1,-1,-1,-1,-1,-1,-1,-1,-1,-1,249.936,-1,-1,-1,-1,-1,10.16,10.16,12.192,439.928,504.952,-1,-1,-1,-1,-1,-1,-1,-1,-1,-1,-1,-1,-1,-1,-1,-1,-1,-1,-1,-1,-1,-1,-1,-1,30480.0,40640.0,40640.0,60960.0,76200.0,76200.0,76200.0,76200.0,86360.0,81280.0,86360.0,101600.0,120000.0,130000.0,135000.0,140000.0,150000.0,140000.0,150000.0,155000.0,160000.0,160000.0,165000.0,170000.0,175000.0,175000.0,180000.0,270000.0,300000.0,350000.0,370000.0,380000.0,557000.0,304000.0,334300.0,345700.0,346000.0,441900.0,436400.0,495500.0,486800.0,520100.0,592600.0,587000.0,568100.0,604400.0,650000.0,776000.0,889000.0,946200.0,1092700.0,1029000.0,1155800.0,1271900.0,1551500.0,1681300.0,1635000.0,1712065.0,1900188.0,1706400.0,1615234.0,1683700.0,
20,CIV,'French West Africa,-1,-1,-1,-1,-1,-1,-1,-1,-1,-1,-1,-1,-1,-1,-1,-1,-1,-1,-1,-1,-1,-1,-1,-1,-1,-1,-1,-1,-1,-1,-1,-1,-1,-1,-1,-1,-1,-1,-1,-1,-1,82.296,138.176,97.536,-1,-1,-1,-1,-1,-1,-1,-1,-1,-1,-1,-1,-1,-1,-1,-1,-1,-1,-1,-1,-1,-1,-1,-1,-1,-1,-1,-1,-1,-1,-1,-1,-1,-1,-1,-1,-1,-1,-1,-1,-1,-1,-1,-1,-1,-1,-1,-1,-1,-1,-1,-1,-1,-1,-1,-1,-1,-1,-1,-1,-1,-1,-1,
21,COD,Belgian CongoBelgian CongoBelgian CongoBelgian CongoBelgian CongoBelgian CongoBelgian CongoBelgian CongoBelgian CongoDemocratic Republic CongoDemocratic Republic CongoDemocratic Republic CongoDemocratic Republic CongoDemocratic Republic CongoZaireZaireZaireZaireZaire,5409.184,10334.752,14035.024,22157.944,27487.88,20231.608,22996.144,20320.0,-1,-1,56460.136,85633.56,89294.208,80634.84,89151.968,112450.88,136985.248,138942.064,119888.0,53848.0,66592.704,110079.536,107676.696,95662.496,150581.36,123936.76,122643.392,148822.664,162159.696,165932.104,156842.968,165476.936,160214.056,143878.808,150833.328,155473.4,141392.656,175912.272,191949.832,205738.984,214105.744,223781.112,235096.304,249952.256,242232.688,-1,-1,-1,-1,-1,-1,-1,-1,-1,-1,-1,-1,385679.0,407700.0,438501.0,488514.0,494600.0,464928.0,443948.0,452716.0,472533.0,451548.0,462202.0,506481.0,505385.0,503966.0,500700.0,504235.0,502600.0,501864.0,465074.0,440600.0,352400.0,236100.0,147300.0,47500.0,30000.0,34958.0,40165.0,39651.0,38236.0,33000.0,33000.0,34100.0,28000.0,56900.0,69600.0,97500.0,142300.0,148400.0,242900.0,293000.0,378300.0,499198.0,619942.0,922016.0,1065744.0,1039007.0,1023687.0,1094638.0,1225227.0,1420386.0,
22,COG,CongoCongoCongoCongoCongo Republic Congo RepublicRepublic of CongoRepublic of Congo'French Equatorial Africa'French Equatorial Africa'French Equatorial Africa,-1,-1,-1,-1,-1,-1,-1,-1,-1,-1,-1,-1,-1,384.048,499.872,235.712,184.912,304.8,152.4,152.4,1524.0,-1,-1,-1,-1,-1,-1,-1,-1,-1,-1,-1,-1,-1,-1,-1,-1,-1,-1,-1,-1,-1,-1,-1,-1,237550.96,282306.776,302283.368,295383.712,297812.968,271249.648,276984.968,288652.712,315649.864,319413.12799999997,325007.224,356897.43200000003,269.0,2070.0,6.0,927.0,1840.0,918.0,408.0,1015.0,608.0,1000.0,1300.0,245.0,100.0,100.0,-1,100.0,700.0,320.0,520.0,-1,-1,-1,-1,-1,-1,-1,-1,-1,-1,-1,-1,-1,-1,-1,-1,-1,-1,-1,-1,-1,-1,-1,-1,-1,-1,-1,-1,-1,-1,-1,
23,COL,ColombiaColombiaColombiaColombiaColombiaColombiaColombia,-1,-1,-1,-1,-1,-1,-1,-1,-1,-1,-1,-1,-1,-1,-1,-1,-1,-1,-1,-1,-1,-1,-1,-1,-1,-1,-1,-1,-1,-1,-1,-1,-1,-1,-1,-1,-1,-1,-1,-1,-1,-1,-1,-1,-1,-1,-1,-1,-1,-1,-1,-1,-1,-1,-1,-1,-1,-1,-1,-1,-1,-1,-1,260.0,310.0,400.0,900.0,442.0,315.0,293.0,540.0,-1,-1,-1,-1,-1,-1,-1,-1,-1,-1,-1,2747.0,2222.0,1145.0,1800.0,2100.0,2018.0,2000.0,1700.0,1500.0,1600.0,1800.0,600.0,840.0,1050.0,1140.0,711.0,808.0,781.0,659.0,3991.0,5463.0,8493.0,9355.0,9918.0,7641.0,
24,CUB,CubaCubaCubaCubaCubaCubaCubaCubaCubaCubaCubaCubaCubaCubaCubaCubaCubaCuba,2878.328,4633.976,11056.112,15779.496,21057.616,16787.368,9712.96,-1,-1,-1,7943.088,11555.984,10761.472,11823.192,14094.968,17116.552,14955.52,14010.64,11866.88,5926.328,7416.8,5791.2,6959.6,11630.152,13190.728,14430.248,9963.912,9558.528,9836.912,8914.384,6404.864,6583.68,9680.448,12791.44,11220.704,15240.0,17272.0,20558.76,21206.968,17331.944,15426.944,15820.136,17695.672,14556.232,13884.656,12692.888,9019.032,11845.544,10160.0,6604.0,5080.0,6096.0,6096.0,6096.0,6400.8,6807.2,7213.6,400.0,-1,1827.0,100.0,2500.0,2777.0,2898.0,2583.0,2800.0,2500.0,3350.0,2907.0,2645.0,2667.0,2700.0,3076.0,3257.0,3461.0,2951.0,2759.0,2000.0,-1,1500.0,2000.0,2000.0,1858.0,2362.0,2208.0,1351.0,1090.0,1346.0,1000.0,-1,-1,-1,-1,-1,-1,-1,-1,-1,-1,-1,-1,-1,-1,-1,-1,-1,-1,142165.1543
25,CYP,CyprusCyprusCyprusCyprusCyprusCyprusCyprusCyprusCyprusCyprusCyprusCyprusCyprusCyprusCyprusCyprusCyprusCyprusCyprusCyprus,-1,-1,-1,-1,-1,-1,-1,-1,-1,-1,1249.68,2820.416,3520.44,3352.8,4064.0,4978.4,5892.8,5181.6,3860.8,3251.2,4297.68,5065.776,12427.712,16612.616,27432.0,36576.0,31089.6,9144.0,91.44,91.44,91.44,132.08,182.88,6096.0,15240.0,15138.4,26416.0,21132.8,24079.2,26818.336,21713.952,27267.408,23747.984,35829.24,39619.936,33214.056,36266.12,35465.512,28652.216,25159.208,26307.288,16794.48,19263.36,24736.552,15443.2,21915.12,19161.76,19140.0,16560.0,16767.0,14217.0,11900.0,9866.0,7900.0,6800.0,4678.0,1200.0,-1,259.0,841.0,1148.0,1267.0,1065.0,559.0,97.0,383.0,485.0,472.0,226.0,200.0,103.0,0,-1,1700.0,3900.0,4900.0,5000.0,5200.0,4600.0,3700.0,2500.0,-1,-1,900.0,2900.0,3000.0,2500.0,2595.0,3660.0,4328.0,3631.0,3088.0,2121.0,1754.0,1293.0,908.0,703.0,
26,CZE,CzcchoslovakiaCzcchoslovakiaCzcchoslovakiaCzcchoslovakiaCzcchoslovakiaCzcchoslovakiaCzcchoslovakiaCzcchoslovakiaCzcchoslovakia,-1,-1,-1,-1,-1,-1,-1,-1,-1,-1,-1,590.296,-1,919.48,1542.288,1624.584,1359.408,2338.832,1687.576,67.056,-1,450.088,243.84,346.456,-1,-1,-1,-1,-1,-1,-1,-1,-1,-1,-1,-1,-1,-1,-1,-1,-1,-1,-1,-1,-1,-1,-1,-1,-1,-1,-1,-1,-1,-1,-1,-1,-1,-1,-1,-1,-1,-1,10700.0,8500.0,9300.0,8200.0,8000.0,11500.0,9200.0,9300.0,9800.0,10000.0,10100.0,8500.0,9400.0,9700.0,8000.0,2884.0,1550.0,1000.0,-1,-1,-1,-1,-1,-1,-1,-1,-1,-1,-1,-1,-1,-1,-1,-1,-1,-1,-1,-1,-1,-1,-1,-1,-1,-1,-1,
27,DEU,'German Democratic Republic'German Democratic Republic'German Democratic Republic'German Democratic Republic'German Democratic Republic'Germany'Germany'Germany'Germany'Germany'Germany'Germany (Federal)'Germany ... ...'Germany Federal Republic of'Germany Federal Republic of'Germany Federal Republic of'Germany Federal Republic ofGermany-'East (b)Germany-'East (b)Germany-'East (b)Germany-'Federal RepublicGermany-'Federal RepublicGermany-'Federal Republic,25300.432,30469.84,34987.992,44985.432,44985.432,32874.712,-1,-1,-1,-1,18460.72,22936.2,24444.96,27686.0,27269.44,26211.784,28981.4,26970.736,29825.696,30739.08,31483.808,27936.952,27418.792,26904.696,29423.36,30480.0,30480.0,30480.0,24384.0,24384.0,23368.0,17272.0,-1,468.376,238.76,363.728,867.664,1361.44,1669.288,13533.119999999999,17901.920000000002,23086.568000000003,22547.072,22313.392,23443.184,19634.2,22101.048,22098.0,21978.112,22164.04,22601.936,21901.912,21295.36,21491.448,21509.736,21658.072,21763.736,19477.0,16484.0,21321.0,19436.0,19734.0,18461.0,17613.0,18200.0,16800.0,15900.0,13074.0,13400.0,14300.0,13200.0,13000.0,13500.0,12300.0,11500.0,7100.0,4600.0,3564.0,-1,-1,-1,-1,-1,-1,-1,-1,-1,-1,-1,-1,-1,-1,-1,-1,-1,-1,-1,-1,-1,-1,-1,-1,-1,-1,-1,-1,-1,480246.824
28,DOM,Dominican RepublicDominican Republic,-1,-1,-1,-1,-1,-1,-1,-1,-1,-1,-1,-1,-1,-1,-1,-1,-1,-1,-1,-1,-1,-1,-1,-1,-1,-1,-1,-1,-1,-1,-1,-1,-1,-1,-1,-1,-1,-1,-1,-1,-1,-1,-1,-1,-1,-1,-1,-1,-1,-1,-1,-1,-1,-1,-1,-1,-1,-1,-1,-1,-1,-1,-1,-1,-1,-1,-1,-1,-1,-1,-1,-1,-1,-1,-1,-1,-1,-1,-1,-1,-1,-1,-1,-1,-1,-1,-1,-1,-1,-1,-1,-1,-1,-1,-1,-1,-1,10015.0,11777.0,11737.0,10379.0,9262.0,7324.0,9725.0,9618.0,8588.0,6047.0,
29,DZA,AlgeriaAlgeriaAlgeriaAlgeriaAlgeriaAlgeriaAlgeriaAlgeriaAlgeriaAlgeriaAlgeriaAlgeriaAlgeriaAlgeria,-1,31.496,-1,13.208,283.464,176.784,40.64,-1,-1,-1,531.368,2063.496,1749.552,477.52,-1,-1,25.4,1.016,-1,18.288,17.272,140.208,12.192,200.152,-1,508.0,-1,-1,-1,-1,-1,-1,-1,-1,-1,-1,-1,-1,-1,51.816,139.192,214.376,67.056,145.288,431.8,456.184,59.944,118.872,608.584,779.272,1016.0,1039.368,971.296,1061.72,1049.528,1046.48,-1,574.0,514.0,428.0,353.0,400.0,378.0,400.0,400.0,200.0,200.0,200.0,200.0,200.0,200.0,200.0,200.0,200.0,200.0,-1,-1,-1,-1,-1,-1,-1,-1,-1,-1,-1,-1,-1,-1,-1,-1,-1,-1,-1,-1,-1,-1,-1,-1,-1,-1,-1,-1,-1,-1,-1,-1,3307.622505
30,ECU,EcuadorEcuadorEcuadorEcuadorEcuadorEcuadorEcuadorEcuadorEcuadorEcuador,-1,-1,-1,-1,-1,-1,-1,-1,-1,-1,-1,-1,-1,-1,-1,-1,-1,-1,-1,-1,-1,-1,-1,-1,-1,-1,-1,1415.288,2948.432,2743.2,3687.064,3824.224,3824.224,2078.736,92.456,338.328,709.168,526.288,-1,-1,2.032,-1,15.24,-1,-1,47.752,134.112,100.584,100.584,157.48,384.048,183.896,129.032,223.52,414.528,556.768,533.4,510.0,565.0,438.0,481.0,-1,239.0,267.0,765.0,507.0,200.0,923.0,825.0,25.0,8.0,-1,-1,-1,-1,-1,-1,-1,-1,-1,-1,-1,-1,-1,-1,-1,-1,-1,-1,-1,-1,-1,-1,-1,-1,-1,-1,700.0,1400.0,1800.0,2600.0,3200.0,1800.0,1000.0,8200.0,8000.0,6100.0,
31,ERI,EritreaEritrea,-1,-1,-1,-1,-1,-1,-1,-1,-1,-1,-1,-1,-1,-1,-1,-1,-1,-1,-1,-1,-1,-1,-1,-1,-1,-1,-1,-1,-1,-1,-1,-1,-1,-1,-1,-1,-1,-1,-1,-1,-1,-1,-1,-1,-1,-1,-1,-1,-1,-1,-1,-1,-1,-1,-1,-1,-1,-1,-1,-1,-1,-1,-1,-1,-1,-1,-1,-1,-1,-1,-1,-1,-1,-1,-1,-1,-1,-1,-1,-1,-1,-1,-1,-1,-1,-1,-1,-1,-1,-1,-1,-1,-1,-1,-1,-1,-1,-1,-1,-1,21800.0,88900.0,61600.0,25300.0,7900.0,17300.0,16008.0,
32,ESP,SpainSpainSpainSpainSpainSpainSpainSpainSpainSpainSpainSpainSpainSpainSpainSpainSpainSpainSpainSpainSpain,48056.8,31605.728,31254.192,37407.088,44742.608,18752.312,63063.12,-1,-1,-1,33397.952,26282.904,30480.0,44169.584,50800.0,53848.0,64008.0,62992.0,53848.0,32512.0,29464.0,30480.0,30480.0,25400.0,27432.0,22352.0,15240.0,11176.0,5588.0,7112.0,8128.0,6096.0,7112.0,8636.0,8128.0,9144.0,10160.0,12192.0,13208.0,17272.0,14224.0,16256.0,16256.0,17272.0,17272.0,8576.056,8903.208,8175.752,9583.928,7893.304,6689.344,9871.456,8775.192,79903.32,8550.656,8364.728,10199.624,9522.0,34032.0,30170.0,23424.0,23700.0,30020.0,34867.0,34750.0,33948.0,-1,48483.0,56423.0,47614.0,54818.0,63105.0,60960.0,51084.0,16213.0,13830.0,14165.0,13300.0,7716.0,818.0,3518.0,4000.0,24519.0,38398.0,38887.0,39438.0,3500.0,24804.0,9800.0,1248.0,635.0,1308.0,7358.0,8700.0,6281.0,7071.0,17663.0,54335.0,68511.0,97452.0,104600.0,103900.0,112690.0,167736.0,198353.0,187714.0,170556.0,1350969.147
33,EST,Soviet UnionSoviet UnionSoviet UnionSoviet UnionSoviet UnionUSSRUSSRUSSRUSSRUSSRUSSRUSSR,-1,-1,-1,-1,-1,-1,-1,-1,-1,-1,-1,-1,-1,-1,-1,-1,-1,-1,-1,32004.0,32715.2,44094.4,63246.0,83312.0,91440.0,101600.0,144272.0,-1,-1,-1,-1,-1,121920.0,148336.0,161544.0,195072.0,234696.0,255016.0,300736.0,334264.0,345440.0,360680.0,406400.0,431800.0,472440.0,436880.0,436880.0,457200.0,477520.0,508000.0,558800.0,685800.0,711200.0,762000.0,863600.0,863600.0,889000.0,925000.0,990000.0,1050000.0,1100000.0,2300000.0,1130000.0,1100000.0,1140000.0,1150000.0,-1,980000.0,1000000.0,1010000.0,1020000.0,1020000.0,1030000.0,1030000.0,1010000.0,990000.0,950000.0,900000.0,840000.0,-1,-1,-1,-1,-1,-1,-1,-1,-1,-1,-1,-1,-1,-1,-1,-1,-1,-1,-1,-1,-1,-1,-1,-1,-1,-1,-1,-1,
34,FIN,'Finland'Finland'Finland'Finland'Finland'Finland'Finland'Finland'Finland'Finland'Finland'Finland'Finland'Finland'Finland'Finland (d)'Finland (d)'Finland (d)'Finland ..'Finland .. ..,-1,-1,-1,-1,-1,-1,-1,-1,-1,-1,506.984,-1,-1,990.6,824.992,-1,4709.16,5131.816,6239.256,5346.192,5671.312,8804.656,11562.08,11948.16,12805.664,13309.6,12395.2,15748.0,16560.8,15646.4,15443.2,15849.6,16060.928,14203.68,15601.696,18378.424,18716.752,15446.248,18306.288,18680.176,18772.632,20239.736,21503.64,21044.408,26024.84,28865.576,29362.4,28448.0,34036.0,35153.6,33934.4,32308.8,29768.8,26385.52,28831.032,29972.0,33020.0,30900.0,28500.0,34800.0,38213.0,36667.0,38000.0,700.0,46746.0,46818.0,41100.0,53000.0,41892.0,41739.0,38570.0,29464.0,30415.0,27463.0,21593.0,18420.0,23820.0,17482.0,16224.0,15351.0,13657.0,9500.0,9049.0,9261.0,8500.0,9500.0,10500.0,11500.0,11600.0,14400.0,14900.0,15500.0,15000.0,13000.0,13600.0,13300.0,14600.0,14700.0,14000.0,25446.0,38763.0,42790.0,41085.0,47488.0,53144.0,46755.0,32592.0,
35,FRA,'France'France'France'France'France'France'France'France'France'France'France (d)'France (d)'France (d)'France (d)'France (ore)'France ..,-1,11.176,10.16,40.64,54.864,23.368,-1,-1,-1,-1,29.464,117.856,2778.76,146.304,114.808,-1,596.392,416.56,203.2,434.848,225.552,-1,595.376,531.368,591.312,599.44,556.768,644.144,560.832,316.992,149.352,82.296,-1,22.352,55.88,94.488,67.056,42.672,-1,44.704,16.256,-1,26.416,17.272,6.096,686.816,537.464,561.848,364.744,224.536,239.776,267.208,283.464,433.832,405.384,391.16,389.128,250.0,248.0,237.0,185.0,200.0,183.0,188.0,128.0,200.0,-1,100.0,98.0,137.0,114.0,79.0,253.0,294.0,291.0,509.0,1027.0,483.0,372.0,149.0,72.0,174.0,-1,-1,-1,-1,-1,-1,-1,-1,-1,-1,-1,-1,-1,-1,-1,-1,-1,-1,-1,-1,-1,-1,-1,-1,-1,
36,GAB,'French Equatorial Africa'French Equatorial Africa'French Equatorial Africa,-1,-1,-1,-1,-1,-1,-1,-1,-1,-1,-1,-1,-1,384.048,499.872,235.712,184.912,304.8,152.4,152.4,1524.0,-1,-1,-1,-1,-1,-1,-1,-1,-1,-1,-1,-1,-1,-1,-1,-1,-1,-1,-1,-1,-1,-1,-1,-1,-1,-1,-1,-1,-1,-1,-1,-1,-1,-1,-1,-1,-1,-1,-1,-1,-1,-1,-1,-1,-1,-1,-1,-1,-1,-1,-1,-1,-1,-1,-1,-1,-1,-1,-1,-1,-1,-1,-1,-1,-1,-1,-1,-1,-1,-1,-1,-1,-1,-1,-1,-1,-1,-1,-1,-1,-1,-1,-1,-1,-1,-1,
37,GBR,'Great Britain'Great Britain'Great BritainUnited KingdomUnited KingdomUnited KingdomUnited KingdomUnited KingdomUnited KingdomUnited KingdomUnited KingdomUnited KingdomUnited KingdomUnited KingdomUnited Kingdom,427.736,346.456,238.76,282.448,189.992,181.864,146.304,108.712,-1,-1,89.408,122.936,96.52,109.728,179.832,69.088,69.088,48.768,67.056,61.976,40.64,14.224,50.8,62.992,36.576,36.576,38.608,28.448,24.384,17.272,23.368,27.432,20.32,22.352,20.32,-1,-1,-1,-1,16.256,11.176,16.256,16.256,9.144,11.176,13.208,11.176,16.256,14.224,6.096,-1,-1,-1,-1,-1,-1,-1,-1,-1,238.0,459.0,434.0,652.0,552.0,453.0,135.0,-1,200.0,607.0,649.0,652.0,660.0,592.0,602.0,750.0,732.0,508.0,955.0,294.0,-1,-1,-1,-1,-1,-1,-1,-1,-1,-1,-1,-1,-1,-1,-1,-1,-1,-1,-1,-1,-1,-1,-1,-1,-1,-1,-1,-1,878935.5717
38,GEO,'Georgia'Georgia'Georgia'Georgia'Georgia'GeorgiaSoviet UnionSoviet UnionSoviet UnionSoviet UnionSoviet UnionUSSRUSSRUSSRUSSRUSSRUSSRUSSR,-1,-1,-1,-1,-1,-1,-1,-1,-1,-1,-1,-1,-1,-1,-1,-1,-1,-1,-1,32004.0,32715.2,44094.4,63246.0,83312.0,91440.0,101600.0,144272.0,-1,-1,-1,-1,-1,121920.0,148336.0,161544.0,195072.0,234696.0,255016.0,300736.0,334264.0,345440.0,360680.0,406400.0,431800.0,472440.0,436880.0,436880.0,457200.0,477520.0,508000.0,558800.0,685800.0,711200.0,762000.0,863600.0,863600.0,889000.0,925000.0,990000.0,1050000.0,1100000.0,2300000.0,1130000.0,1100000.0,1140000.0,1150000.0,-1,980000.0,1000000.0,1010000.0,1020000.0,1020000.0,1030000.0,1030000.0,1010000.0,990000.0,950000.0,900000.0,840000.0,6000.0,5000.0,3000.0,5800.0,900.0,6000.0,3500.0,1000.0,9000.0,11500.0,13000.0,14700.0,12000.0,9500.0,14600.0,11000.0,18700.0,16600.0,10600.0,10000.0,6800.0,10000.0,6800.0,13000.0,14000.0,15000.0,15704.0,900.0,
39,GIN,'French West Africa,-1,-1,-1,-1,-1,-1,-1,-1,-1,-1,-1,-1,-1,-1,-1,-1,-1,-1,-1,-1,-1,-1,-1,-1,-1,-1,-1,-1,-1,-1,-1,-1,-1,-1,-1,-1,-1,-1,-1,-1,-1,82.296,138.176,97.536,-1,-1,-1,-1,-1,-1,-1,-1,-1,-1,-1,-1,-1,-1,-1,-1,-1,-1,-1,-1,-1,-1,-1,-1,-1,-1,-1,-1,-1,-1,-1,-1,-1,-1,-1,-1,-1,-1,-1,-1,-1,-1,-1,-1,-1,-1,-1,-1,-1,-1,-1,-1,-1,-1,-1,-1,-1,-1,-1,-1,-1,-1,-1,
40,GRC,'Greece'Greece'Greece'Greece'Greece'Greece,-1,-1,-1,-1,-1,-1,-1,-1,-1,-1,-1,-1,-1,-1,-1,-1,-1,-1,-1,-1,2.032,-1,66.04,-1,-1,142.24,-1,-1,-1,-1,-1,-1,-1,-1,-1,-1,-1,-1,-1,-1,-1,-1,-1,-1,-1,-1,-1,-1,-1,-1,-1,-1,-1,-1,-1,-1,-1,-1,-1,-1,-1,-1,2500.0,2600.0,3500.0,300.0,-1,100.0,100.0,100.0,200.0,-1,300.0,300.0,1000.0,-1,-1,-1,-1,-1,-1,-1,-1,-1,-1,-1,-1,-1,-1,-1,-1,-1,-1,-1,-1,-1,-1,-1,-1,-1,-1,-1,-1,-1,-1,-1,-1,
41,GTM,'Guatemala'Guatemala,-1,-1,-1,-1,-1,-1,-1,-1,-1,-1,-1,-1,-1,-1,-1,-1,-1,-1,-1,-1,-1,-1,-1,-1,-1,-1,-1,-1,-1,-1,-1,-1,-1,-1,-1,-1,-1,-1,-1,-1,-1,-1,-1,-1,-1,-1,-1,-1,-1,-1,-1,-1,-1,-1,-1,-1,-1,-1,-1,-1,-1,-1,3300.0,3500.0,2500.0,2821.0,2840.0,813.0,726.0,-1,-1,-1,-1,-1,-1,-1,-1,-1,-1,-1,-1,-1,-1,-1,-1,-1,-1,-1,-1,-1,-1,-1,-1,-1,-1,-1,-1,-1,-1,-1,-1,-1,-1,-1,-1,-1,-1,
42,HND,'Honduras'Honduras'Honduras'Honduras'Honduras,-1,-1,-1,-1,-1,-1,-1,-1,-1,-1,-1,-1,-1,-1,-1,-1,-1,-1,-1,-1,-1,-1,-1,-1,-1,82.296,-1,-1,-1,40.64,21.336,-1,-1,-1,-1,-1,-1,-1,-1,-1,-1,-1,-1,-1,-1,-1,-1,-1,-1,-1,-1,-1,-1,-1,-1,-1,-1,-1,-1,-1,-1,-1,200.0,364.0,489.0,1000.0,-1,269.0,454.0,758.0,800.0,-1,3329.0,424.0,306.0,538.0,244.0,1388.0,-1,1600.0,1000.0,1000.0,-1,-1,-1,-1,-1,-1,-1,-1,-1,-1,-1,-1,-1,-1,-1,-1,-1,-1,-1,-1,-1,-1,-1,-1,-1,
43,HRV,'Jugoslavia'Jugoslavia'Jugoslavia'Jugoslavia (estimated)YugoslaviaYugoslaviaYugoslaviaYugoslaviaYugoslaviaYugoslaviaYugoslaviaYugoslaviaYugoslaviaYugoslaviaYugoslaviaYugoslaviaYugoslavia,-1,-1,-1,-1,-1,-1,-1,-1,-1,-1,6807.2,8142.224,10160.0,21226.272,20726.4,26416.0,20320.0,23368.0,22352.0,18186.4,34036.0,42976.8,41656.0,41656.0,44704.0,49479.2,41656.0,46949.36,-1,-1,-1,-1,20320.0,24384.0,33528.0,41656.0,38608.0,43290.744,35948.112,36968.176,35315.144,32148.272,29117.544,31829.248,33528.0,35233.864,34598.864,33275.016,37906.96,51714.4,62089.792,63180.976,62546.992,62218.824,63148.464,70482.968,81673.192,90808.0,94392.0,103133.0,111797.0,112080.0,114894.0,120130.0,116218.0,123319.0,96000.0,114786.0,110961.0,119299.0,129506.0,137600.0,142479.0,138544.0,130470.0,103523.0,139631.0,140145.0,121842.0,97811.0,68007.0,90800.0,74619.0,69467.0,87404.0,84627.0,62777.0,-1,-1,-1,-1,-1,-1,-1,-1,-1,-1,-1,-1,-1,-1,-1,-1,-1,-1,-1,-1,
44,HTI,'Haiti'Haiti'Haiti,-1,-1,-1,-1,-1,-1,-1,-1,-1,-1,-1,-1,-1,-1,-1,-1,-1,-1,-1,-1,-1,-1,-1,-1,-1,-1,-1,-1,-1,-1,-1,-1,-1,-1,-1,-1,-1,-1,-1,-1,-1,-1,-1,-1,-1,-1,-1,914.4,3454.4,6112.256,5944.616,5029.2,3959.352,2729.992,2350.008,1597.152,1796.288,4848.0,6500.0,1400.0,-1,-1,-1,-1,-1,-1,-1,-1,-1,-1,-1,-1,-1,-1,-1,-1,-1,-1,-1,-1,-1,-1,-1,-1,-1,-1,-1,-1,-1,-1,-1,-1,-1,-1,-1,-1,-1,-1,-1,-1,-1,-1,-1,-1,-1,-1,-1,
45,HUN,Hungary'Hungary'Hungary'Hungary (estimated)'Hungary (smelter),4134.104,3309.112,-1,-1,-1,-1,-1,-1,-1,-1,-1,-1,-1,-1,-1,-1,20.32,30.48,30.48,278.384,314.96,-1,243.84,120.904,-1,-1,-1,-1,-1,-1,-1,-1,-1,-1,-1,-1,-1,-1,-1,-1,-1,-1,-1,-1,-1,-1,-1,-1,-1,-1,-1,-1,-1,-1,-1,-1,-1,-1,-1,-1,-1,-1,400.0,262.0,304.0,203.0,116.0,-1,-1,-1,-1,-1,-1,-1,-1,-1,-1,-1,-1,-1,-1,-1,-1,-1,-1,-1,-1,-1,-1,-1,-1,-1,-1,-1,-1,-1,-1,-1,-1,-1,-1,-1,-1,-1,-1,-1,-1,111466.4247
46,IDN,'Indonesia'Indonesia'Indonesia'Indonesia'Indonesia'Indonesia'Indonesia'Indonesia'Indonesia'Indonesia'Netherlands East Indies,-1,-1,-1,-1,-1,-1,-1,-1,-1,-1,-1,-1,-1,-1,-1,-1,-1,-1,-1,-1,-1,-1,-1,-1,-1,93.472,94.488,-1,-1,-1,-1,-1,-1,-1,-1,-1,-1,-1,-1,-1,-1,-1,-1,-1,-1,-1,-1,-1,-1,-1,-1,-1,-1,-1,-1,-1,-1,-1,-1,5000.0,37900.0,64600.0,3500.0,69100.0,57100.0,58000.0,56000.0,58990.0,62550.0,75136.0,78608.0,82510.0,88750.0,100490.0,105346.0,126200.0,135035.0,162366.0,267401.0,369281.0,378000.0,434000.0,618000.0,525900.0,548300.0,809100.0,790300.0,1012000.0,1048700.0,1171726.0,1005837.0,840318.0,1063849.0,817796.0,796899.0,655046.0,988530.0,862500.0,538300.0,398100.0,509300.0,377100.0,578600.0,728000.0,622030.0,651136.0,351000.0,
47,IND,'India'India'India'India'India'India'India'India'India'India'India'India (a)'India (a)'India (a)'India (b)'India (estimated)'India (estimated)'India (estimated)'India (estimated) 'India ...'India : .,145.288,203.2,338.328,101.6,763.016,138.176,1247.648,-1,-1,-1,247.904,1253.744,-1,5892.8,6096.0,5689.6,7620.0,11785.6,11582.4,11379.2,10871.2,11684.0,8839.2,9042.4,11176.0,6096.0,7620.0,7924.8,6908.8,6705.6,6908.8,6705.6,6654.8,6604.0,6451.6,6563.36,6543.04,7294.88,7701.28,6776.72,5289.296,7845.552,8006.08,8339.328,8538.464,8638.032,8501.888,9131.808,9052.56,9900.92,10160.0,10208.768,10160.0,10160.0,9144.0,9144.0,10160.0,9700.0,11096.0,15669.0,15785.0,20277.0,25155.0,25400.0,30200.0,26600.0,33100.0,26819.0,25200.0,24000.0,43800.0,47000.0,48000.0,49160.0,54085.0,51463.0,53342.0,51566.0,50430.0,49036.0,49416.0,944.0,46600.0,47800.0,37200.0,48000.0,34100.0,37511.0,38177.0,32780.0,29523.0,32500.0,28640.0,30051.0,47190.0,29996.0,26500.0,31778.0,31375.0,29355.0,33071.0,26686.0,32493.0,31999.0,33708.0,36900.0,30466.0,
48,IRL,'Irish Republic'Irish Republic'Irish Republic'Irish Republic'Irish Republic,-1,-1,-1,-1,-1,-1,-1,-1,-1,-1,-1,-1,-1,-1,-1,-1,-1,-1,-1,-1,-1,-1,-1,-1,-1,-1,-1,-1,-1,-1,-1,-1,-1,-1,-1,-1,-1,-1,-1,-1,-1,-1,-1,-1,-1,662.432,4296.664,6243.32,5927.344,2387.6,-1,-1,-1,1132.84,3479.8,6885.432,6268.72,8281.0,11800.0,13656.0,13046.0,12700.0,9839.0,4097.0,4829.0,700.0,5000.0,4000.0,3400.0,1573.0,-1,-1,-1,-1,-1,-1,-1,-1,-1,-1,-1,-1,-1,-1,-1,-1,-1,-1,-1,-1,-1,-1,-1,-1,-1,-1,-1,-1,-1,-1,-1,-1,-1,-1,-1,-1,-1,
49,IRN,'Iran'Iran'Iran'Iran'Iran'Iran'Iran'Iran'Iran,-1,-1,-1,-1,-1,-1,-1,-1,-1,-1,-1,-1,-1,-1,-1,-1,-1,-1,-1,-1,-1,-1,-1,-1,-1,-1,-1,-1,-1,-1,-1,-1,-1,-1,-1,-1,-1,-1,-1,-1,-1,-1,-1,-1,-1,-1,-1,-1,-1,-1,-1,-1,-1,-1,-1,-1,-1,-1,-1,-1,-1,-1,4000.0,6000.0,6000.0,6000.0,3000.0,1000.0,2000.0,43000.0,65000.0,60000.0,40000.0,50000.0,40000.0,51000.0,68000.0,67000.0,89900.0,96000.0,100800.0,117900.0,102200.0,107600.0,118700.0,128300.0,130000.0,147200.0,146300.0,140700.0,146100.0,141000.0,149900.0,216200.0,244200.0,248100.0,262500.0,256700.0,258900.0,245500.0,222900.0,216800.0,257000.0,282000.0,295621.0,310000.0,310000.0,
50,ISR,'Israel'Israel'Israel'Israel'Israel,-1,-1,-1,-1,-1,-1,-1,-1,-1,-1,-1,-1,-1,-1,-1,-1,-1,-1,-1,-1,-1,-1,-1,-1,-1,-1,-1,-1,-1,-1,-1,-1,-1,-1,-1,-1,-1,-1,-1,-1,-1,-1,-1,-1,-1,260.096,4479.544,5579.872,6252.464,5909.056,7499.096,8128.0,8128.0,8636.0,10160.0,10261.6,10668.0,10988.0,10700.0,11175.0,10165.0,9322.0,8035.0,100.0,-1,-1,-1,400.0,4400.0,4100.0,-1,-1,-1,-1,-1,-1,-1,-1,-1,-1,-1,-1,-1,-1,-1,-1,-1,-1,-1,-1,-1,-1,-1,-1,-1,-1,-1,-1,-1,-1,-1,-1,-1,-1,-1,-1,-1,
51,ITA,'Italy'Italy'Italy'Italy'Italy'Italy'Italy'Italy'Italy'Italy'Italy'Italy'Italy (estimated)'Italy ..'Italy ... ...,2963.672,2512.568,2774.696,2888.488,2867.152,2779.776,-1,-1,-1,-1,1099.312,859.536,751.84,1654.048,1691.64,-1,882.904,499.872,373.888,381.0,329.184,325.12,335.28,416.56,609.6,4368.8,4064.0,4572.0,4775.2,2032.0,2032.0,-1,711.2,203.2,304.8,375.92,406.4,386.08,-1,406.4,447.04,584.2,678.688,782.32,697.992,3695.192,3574.288,2995.168,2410.968,2697.48,-1,1828.8,1727.2,2235.2,2540.0,2540.0,2438.4,2300.0,1540.0,1049.0,858.0,1070.0,800.0,1000.0,700.0,531.0,489.0,604.0,771.0,138.0,556.0,876.0,127.0,-1,-1,-1,-1,-1,-1,-1,-1,-1,-1,-1,-1,-1,-1,-1,-1,-1,-1,-1,-1,-1,-1,-1,-1,-1,-1,-1,-1,-1,-1,-1,-1,-1,-1,80516.33394
52,JPN,'Japan'Japan'Japan'Japan'Japan'Japan'Japan'Japan'Japan'Japan'Japan'Japan'Japan'Japan (a)'Japan (smelter)'Japan (smelter)'Japan (smelter)'Japan (smelter) ..'Japan and Formosa,67891.152,72171.56,76719.176,101550.216,108801.408,90131.392,83174.84,66003.424,-1,-1,59326.272,63035.688,65690.496,67361.816,66568.32,68229.48,75465.432,79029.56,74810.112,71872.856,69029.072,67774.312,69306.44,77729.08,87594.44,71120.0,71120.0,68278.248,69896.736,78106.016,92126.816,78459.584,27982.672,14974.824,21886.672,25727.152,32734.504,39429.944,42285.92,53549.296,58880.248,66271.648,72994.52,78465.68,80924.4,81495.392,85244.432,89178.384,96404.176,103595.424,107063.032,106168.952,107062.016,111274.352,117841.776,119926.608,121118.376,119513.0,120551.0,112114.0,91280.0,82121.0,84639.0,81606.0,395.0,71951.0,59960.0,52553.0,51513.0,50658.0,46045.0,43309.0,43208.0,34924.0,23817.0,16666.0,14650.0,12927.0,12413.0,12074.0,10277.0,6043.0,2376.0,1145.0,932.0,1070.0,1038.0,1211.0,744.0,1519.0,1000.0,1000.0,1000.0,300.0,-1,-1,-1,-1,-1,-1,-1,-1,-1,-1,-1,-1,-1,618267.6951
53,KAZ,'Kazakhstan'Kazakhstan'Kazakhstan'Kazakhstan'Kazakhstan'KazakhstanSoviet UnionSoviet UnionSoviet UnionSoviet UnionSoviet UnionTurkestanUSSRUSSRUSSRUSSRUSSRUSSRUSSR,-1,-1,-1,-1,-1,-1,-1,-1,-1,-1,10.16,-1,-1,-1,-1,-1,-1,-1,-1,32004.0,32715.2,44094.4,63246.0,83312.0,91440.0,101600.0,144272.0,-1,-1,-1,-1,-1,121920.0,148336.0,161544.0,195072.0,234696.0,255016.0,300736.0,334264.0,345440.0,360680.0,406400.0,431800.0,472440.0,436880.0,436880.0,457200.0,477520.0,508000.0,558800.0,685800.0,711200.0,762000.0,863600.0,863600.0,889000.0,925000.0,990000.0,1050000.0,1100000.0,2300000.0,1130000.0,1100000.0,1140000.0,1150000.0,-1,980000.0,1000000.0,1010000.0,1020000.0,1020000.0,1030000.0,1030000.0,1010000.0,990000.0,950000.0,900000.0,840000.0,290000.0,260000.0,202300.0,228500.0,237500.0,316166.0,338600.0,373500.0,430200.0,469500.0,473700.0,484500.0,461800.0,401700.0,446300.0,406500.0,421700.0,400000.0,380600.0,405300.0,426800.0,454400.0,471700.0,473600.0,474800.0,557800.0,635500.0,608000.0,
54,KEN,'Kenya'Kenya'Kenya'Kenya (b)'Kenya (f)'Kenya (f),-1,-1,-1,-1,-1,-1,-1,-1,-1,-1,-1,-1,-1,-1,-1,-1,-1,-1,-1,-1,-1,-1,-1,-1,-1,-1,-1,-1,-1,-1,-1,-1,-1,-1,-1,-1,-1,-1,101.6,310.896,539.496,-1,-1,609.6,1524.0,1422.4,1422.4,1219.2,1828.8,1524.0,1524.0,1422.4,1422.4,508.0,10.16,37.592,77.216,79.0,73.0,72.0,70.0,70.0,70.0,70.0,-1,-1,-1,-1,-1,-1,-1,-1,-1,-1,-1,-1,-1,-1,-1,-1,-1,-1,-1,-1,-1,-1,-1,-1,-1,-1,-1,-1,-1,-1,-1,-1,-1,-1,-1,-1,-1,-1,-1,-1,-1,-1,-1,
55,KGZ,'Kyrgyzstan'KyrgyzstanSoviet UnionSoviet UnionSoviet UnionSoviet UnionSoviet UnionTurkestanUSSRUSSRUSSRUSSRUSSRUSSRUSSR,-1,-1,-1,-1,-1,-1,-1,-1,-1,-1,10.16,-1,-1,-1,-1,-1,-1,-1,-1,32004.0,32715.2,44094.4,63246.0,83312.0,91440.0,101600.0,144272.0,-1,-1,-1,-1,-1,121920.0,148336.0,161544.0,195072.0,234696.0,255016.0,300736.0,334264.0,345440.0,360680.0,406400.0,431800.0,472440.0,436880.0,436880.0,457200.0,477520.0,508000.0,558800.0,685800.0,711200.0,762000.0,863600.0,863600.0,889000.0,925000.0,990000.0,1050000.0,1100000.0,2300000.0,1130000.0,1100000.0,1140000.0,1150000.0,-1,980000.0,1000000.0,1010000.0,1020000.0,1020000.0,1030000.0,1030000.0,1010000.0,990000.0,950000.0,900000.0,840000.0,-1,-1,-1,-1,-1,-1,-1,-1,-1,-1,-1,-1,-1,-1,-1,-1,-1,-1,-1,-1,-1,-1,7000.0,3100.0,8200.0,7500.0,7200.0,7000.0,
56,KOR,'Korea'Korea'Korea (ore)'Korea (smelter) :'Korea (South)'Korea (South)'Korea (South) (b)'Korea (Southern)'Korea Republic of'Korea Republic of'Korea Republic of'Korea Republic of,-1,-1,-1,-1,-1,-1,-1,-1,-1,-1,-1,-1,-1,1722.12,-1,-1,538.48,580.136,-1,812.8,914.4,1524.0,2235.2,3657.6,-1,-1,-1,-1,-1,-1,-1,-1,1249.68,146.304,129.032,66.04,28.448,-1,-1,508.0,508.0,355.6,609.6,711.2,457.2,355.6,254.0,304.8,254.0,558.8,609.6,609.6,1117.6,1016.0,782.32,930.656,964.184,1639.0,1773.0,2082.0,2321.0,2794.0,2330.0,2097.0,1688.0,669.0,433.0,372.0,501.0,320.0,389.0,279.0,308.0,215.0,249.0,36.0,4.0,-1,-1,-1,-1,-1,-1,-1,-1,-1,-1,-1,-1,-1,-1,-1,-1,-1,-1,-1,-1,-1,-1,-1,-1,-1,-1,-1,-1,-1,-1,
57,LAO,'Laos'Laos'Laos,-1,-1,-1,-1,-1,-1,-1,-1,-1,-1,-1,-1,-1,-1,-1,-1,-1,-1,-1,-1,-1,-1,-1,-1,-1,-1,-1,-1,-1,-1,-1,-1,-1,-1,-1,-1,-1,-1,-1,-1,-1,-1,-1,-1,-1,-1,-1,-1,-1,-1,-1,-1,-1,-1,-1,-1,-1,-1,-1,-1,-1,-1,-1,-1,-1,-1,-1,-1,-1,-1,-1,-1,-1,-1,-1,-1,-1,-1,-1,-1,-1,-1,-1,-1,-1,-1,-1,-1,-1,-1,-1,-1,30480.0,60803.0,62541.0,89004.0,121581.0,132047.0,138756.0,149580.0,154915.0,159696.0,167702.0,177939.0,153304.0,154948.0,140935.0,
58,LTU,Soviet UnionSoviet UnionSoviet UnionSoviet UnionSoviet UnionUSSRUSSRUSSRUSSRUSSRUSSRUSSR,-1,-1,-1,-1,-1,-1,-1,-1,-1,-1,-1,-1,-1,-1,-1,-1,-1,-1,-1,32004.0,32715.2,44094.4,63246.0,83312.0,91440.0,101600.0,144272.0,-1,-1,-1,-1,-1,121920.0,148336.0,161544.0,195072.0,234696.0,255016.0,300736.0,334264.0,345440.0,360680.0,406400.0,431800.0,472440.0,436880.0,436880.0,457200.0,477520.0,508000.0,558800.0,685800.0,711200.0,762000.0,863600.0,863600.0,889000.0,925000.0,990000.0,1050000.0,1100000.0,2300000.0,1130000.0,1100000.0,1140000.0,1150000.0,-1,980000.0,1000000.0,1010000.0,1020000.0,1020000.0,1030000.0,1030000.0,1010000.0,990000.0,950000.0,900000.0,840000.0,-1,-1,-1,-1,-1,-1,-1,-1,-1,-1,-1,-1,-1,-1,-1,-1,-1,-1,-1,-1,-1,-1,-1,-1,-1,-1,-1,-1,
59,LVA,Soviet UnionSoviet UnionSoviet UnionSoviet UnionSoviet UnionUSSRUSSRUSSRUSSRUSSRUSSRUSSR,-1,-1,-1,-1,-1,-1,-1,-1,-1,-1,-1,-1,-1,-1,-1,-1,-1,-1,-1,32004.0,32715.2,44094.4,63246.0,83312.0,91440.0,101600.0,144272.0,-1,-1,-1,-1,-1,121920.0,148336.0,161544.0,195072.0,234696.0,255016.0,300736.0,334264.0,345440.0,360680.0,406400.0,431800.0,472440.0,436880.0,436880.0,457200.0,477520.0,508000.0,558800.0,685800.0,711200.0,762000.0,863600.0,863600.0,889000.0,925000.0,990000.0,1050000.0,1100000.0,2300000.0,1130000.0,1100000.0,1140000.0,1150000.0,-1,980000.0,1000000.0,1010000.0,1020000.0,1020000.0,1030000.0,1030000.0,1010000.0,990000.0,950000.0,900000.0,840000.0,-1,-1,-1,-1,-1,-1,-1,-1,-1,-1,-1,-1,-1,-1,-1,-1,-1,-1,-1,-1,-1,-1,-1,-1,-1,-1,-1,-1,
60,MAR,'French Morocco'Morocco'Morocco'Morocco'Morocco'Morocco'Morocco'Morocco'Morocco'Morocco'Morocco'Morocco'Morocco'Morocco (French zone)'Morocco (French)'Morocco (French)'Morocco (Southern),-1,-1,-1,-1,-1,-1,-1,-1,-1,-1,-1,-1,-1,12.192,-1,-1,75.184,-1,-1,-1,-1,-1,-1,-1,-1,-1,35.56,20.32,135.128,260.096,226.568,635.0,388.112,60.96,40.64,439.928,359.664,20.32,28.448,809.752,1147.064,762.0,746.76,735.584,629.92,1043.432,1184.656,1259.84,1737.36,2497.328,1805.432,1747.52,1812.544,2328.672,2214.88,2676.144,2536.952,3172.0,2595.0,3831.0,4149.0,4670.0,4600.0,4400.0,3370.0,4300.0,7300.0,7088.0,7895.0,21979.0,24200.0,22100.0,19678.0,18599.0,13944.0,13284.0,14100.0,13901.0,13633.0,12004.0,13746.0,14202.0,13600.0,15100.0,15400.0,10700.0,10200.0,6528.0,5357.0,4994.0,4818.0,4400.0,3200.0,4600.0,4774.0,5055.0,8486.0,14986.0,12076.0,17700.0,13900.0,16579.0,26900.0,31800.0,35400.0,32400.0,34000.0,
61,MDA,Soviet UnionSoviet UnionSoviet UnionSoviet UnionSoviet UnionUSSRUSSRUSSRUSSRUSSRUSSRUSSR,-1,-1,-1,-1,-1,-1,-1,-1,-1,-1,-1,-1,-1,-1,-1,-1,-1,-1,-1,32004.0,32715.2,44094.4,63246.0,83312.0,91440.0,101600.0,144272.0,-1,-1,-1,-1,-1,121920.0,148336.0,161544.0,195072.0,234696.0,255016.0,300736.0,334264.0,345440.0,360680.0,406400.0,431800.0,472440.0,436880.0,436880.0,457200.0,477520.0,508000.0,558800.0,685800.0,711200.0,762000.0,863600.0,863600.0,889000.0,925000.0,990000.0,1050000.0,1100000.0,2300000.0,1130000.0,1100000.0,1140000.0,1150000.0,-1,980000.0,1000000.0,1010000.0,1020000.0,1020000.0,1030000.0,1030000.0,1010000.0,990000.0,950000.0,900000.0,840000.0,-1,-1,-1,-1,-1,-1,-1,-1,-1,-1,-1,-1,-1,-1,-1,-1,-1,-1,-1,-1,-1,-1,-1,-1,-1,-1,-1,-1,
62,MDG,'Madagascar (d),-1,-1,-1,-1,-1,-1,-1,-1,-1,-1,14.224,3.048,-1,-1,-1,-1,-1,-1,-1,-1,-1,-1,-1,-1,-1,-1,-1,-1,-1,-1,-1,-1,-1,-1,-1,-1,-1,-1,-1,-1,-1,-1,-1,-1,-1,-1,-1,-1,-1,-1,-1,-1,-1,-1,-1,-1,-1,-1,-1,-1,-1,-1,-1,-1,-1,-1,-1,-1,-1,-1,-1,-1,-1,-1,-1,-1,-1,-1,-1,-1,-1,-1,-1,-1,-1,-1,-1,-1,-1,-1,-1,-1,-1,-1,-1,-1,-1,-1,-1,-1,-1,-1,-1,-1,-1,-1,-1,
63,MEX,'Mexico'Mexico'Mexico'Mexico'Mexico'Mexico'Mexico'Mexico'Mexico'Mexico'Mexico'Mexico'Mexico (b)'Mexico (b)'Mexico (b)'Mexico (d)'Mexico (d)'Mexico (d)'Mexico (d)'Mexico (d)'Mexico : ..,52796.44,36338.256,20596.352,28401.264,50968.656,70199.504,50877.216,49175.416,-1,-1,53354.224,49097.184,51319.176,64543.432,58730.896,65501.52,86549.992,73408.032,54208.68,35253.168,39823.136,44266.104,39371.016,29711.904,46075.6,41849.04,44388.024,37601.144,48713.136,50893.472,49771.808,41297.352,61677.296,61050.424,63488.824,59073.288,57243.472,61695.584,67347.592,58460.64,60145.168,54803.04,54672.992,54861.968,60553.6,64959.992,57270.904,60327.032,49311.56,47123.096,55858.664,52502.816,69159.12,74392.536,62619.128,65024.0,66741.04,61012.0,63150.0,78720.0,80501.0,82700.0,78196.0,88970.0,89662.0,87186.0,110200.0,175399.0,230466.0,239091.0,206062.0,189100.0,167977.0,174558.0,230573.0,268359.0,249328.0,298695.0,284174.0,279042.0,303989.0,305487.0,333565.0,340710.0,390536.0,384641.0,381184.0,364566.0,371123.0,329574.0,355653.0,405540.0,429042.0,334129.0,337527.0,246593.0,240648.0,270136.0,443621.0,500275.0,480124.0,515025.0,594451.0,766129.0,742246.0,696580.0,768542.0,145116.1525
64,MKD,'Jugoslavia'Jugoslavia'Jugoslavia (estimated)'Macedonia'Macedonia'Macedonia'Macedonia'Macedonia'North MacedoniaYugoslaviaYugoslaviaYugoslaviaYugoslaviaYugoslaviaYugoslaviaYugoslaviaYugoslaviaYugoslaviaYugoslaviaYugoslaviaYugoslaviaYugoslavia,-1,-1,-1,-1,-1,-1,-1,-1,-1,-1,6807.2,8142.224,10160.0,10613.136,10363.2,13208.0,20320.0,23368.0,22352.0,18186.4,34036.0,42976.8,41656.0,41656.0,44704.0,49479.2,41656.0,46949.36,-1,-1,-1,-1,20320.0,24384.0,33528.0,41656.0,38608.0,43290.744,35948.112,36968.176,35315.144,32148.272,29117.544,31829.248,33528.0,35233.864,34598.864,33275.016,37906.96,51714.4,62089.792,63180.976,62546.992,62218.824,63148.464,70482.968,81673.192,90808.0,94392.0,103133.0,111797.0,112080.0,114894.0,120130.0,116218.0,123319.0,96000.0,114786.0,110961.0,119299.0,129506.0,137600.0,142479.0,138544.0,130470.0,103523.0,139631.0,140145.0,121842.0,105011.0,75007.0,96800.0,84619.0,82967.0,100404.0,93727.0,72977.0,10000.0,6800.0,5600.0,700.0,-1,4799.0,7054.0,7029.0,8051.0,7440.0,7912.0,7555.0,9506.0,9802.0,8187.0,11400.0,10200.0,9000.0,8000.0,7100.0,
65,MLI,'French West Africa,-1,-1,-1,-1,-1,-1,-1,-1,-1,-1,-1,-1,-1,-1,-1,-1,-1,-1,-1,-1,-1,-1,-1,-1,-1,-1,-1,-1,-1,-1,-1,-1,-1,-1,-1,-1,-1,-1,-1,-1,-1,82.296,138.176,97.536,-1,-1,-1,-1,-1,-1,-1,-1,-1,-1,-1,-1,-1,-1,-1,-1,-1,-1,-1,-1,-1,-1,-1,-1,-1,-1,-1,-1,-1,-1,-1,-1,-1,-1,-1,-1,-1,-1,-1,-1,-1,-1,-1,-1,-1,-1,-1,-1,-1,-1,-1,-1,-1,-1,-1,-1,-1,-1,-1,-1,-1,-1,-1,
66,MMR,BurmaBurmaBurmaBurmaBurmaBurmaBurmaBurmaBurmaBurma'Myanmar'Myanmar'Myanmar'Myanmar,-1,-1,-1,-1,-1,-1,-1,-1,-1,-1,-1,-1,-1,-1,-1,-1,-1,-1,-1,-1,-1,-1,4267.2,4064.0,3759.2,3556.0,3696.208,2886.456,3410.712,2952.496,-1,-1,-1,-1,-1,-1,-1,-1,-1,-1,-1,-1,-1,-1,-1,132.08,152.4,142.24,111.76,152.4,172.72,121.92,142.24,101.6,71.12,40.64,40.64,70.0,80.0,80.0,75.0,70.0,86.0,92.0,100.0,100.0,100.0,56.0,77.0,101.0,4200.0,9000.0,16700.0,10100.0,10600.0,4700.0,5000.0,4400.0,5700.0,5000.0,5200.0,4800.0,5282.0,4841.0,2977.0,3200.0,26700.0,26711.0,25800.0,27500.0,27900.0,31800.0,34500.0,19500.0,15100.0,6900.0,9800.0,10000.0,8000.0,14000.0,18000.0,27000.0,71000.0,95000.0,116000.0,180000.0,219000.0,
67,MNE,'Jugoslavia'Jugoslavia'Jugoslavia (estimated)YugoslaviaYugoslaviaYugoslaviaYugoslaviaYugoslaviaYugoslaviaYugoslaviaYugoslaviaYugoslaviaYugoslaviaYugoslaviaYugoslaviaYugoslavia,-1,-1,-1,-1,-1,-1,-1,-1,-1,-1,6807.2,8142.224,10160.0,10613.136,10363.2,13208.0,20320.0,23368.0,22352.0,18186.4,34036.0,42976.8,41656.0,41656.0,44704.0,49479.2,41656.0,46949.36,-1,-1,-1,-1,20320.0,24384.0,33528.0,41656.0,38608.0,43290.744,35948.112,36968.176,35315.144,32148.272,29117.544,31829.248,33528.0,35233.864,34598.864,33275.016,37906.96,51714.4,62089.792,63180.976,62546.992,62218.824,63148.464,70482.968,81673.192,90808.0,94392.0,103133.0,111797.0,112080.0,114894.0,120130.0,116218.0,123319.0,96000.0,114786.0,110961.0,119299.0,129506.0,137600.0,142479.0,138544.0,130470.0,103523.0,139631.0,140145.0,121842.0,97811.0,68007.0,90800.0,74619.0,69467.0,87404.0,84627.0,62777.0,-1,-1,-1,-1,-1,-1,-1,-1,-1,-1,-1,-1,-1,-1,-1,-1,-1,-1,-1,-1,
68,MNG,'Mongolia'Mongolia'Mongolia'Mongolia'Mongolia'Mongolia'Mongolia'Mongolia,-1,-1,-1,-1,-1,-1,-1,-1,-1,-1,-1,-1,-1,-1,-1,-1,-1,-1,-1,-1,-1,-1,-1,-1,-1,-1,-1,-1,-1,-1,-1,-1,-1,-1,-1,-1,-1,-1,-1,-1,-1,-1,-1,-1,-1,-1,-1,-1,-1,-1,-1,-1,-1,-1,-1,-1,-1,-1,-1,-1,-1,-1,-1,-1,-1,-1,-1,44000.0,71800.0,95000.0,95000.0,128000.0,100000.0,120000.0,120000.0,130000.0,135000.0,123893.0,90100.0,105100.0,96900.0,99600.0,121900.0,121000.0,130000.0,127784.0,128210.0,125868.0,133500.0,131700.0,130300.0,130000.0,126560.0,129675.0,130165.0,126980.0,129800.0,127600.0,124000.0,123900.0,189000.0,252000.0,318300.0,335700.0,310700.0,308400.0,297500.0,
69,MOZ,'Mozambique'Mozambique,-1,-1,-1,-1,-1,-1,-1,-1,-1,-1,-1,-1,-1,-1,-1,-1,-1,-1,-1,-1,-1,-1,-1,-1,-1,-1,-1,-1,-1,-1,-1,-1,-1,-1,-1,-1,-1,-1,-1,-1,-1,-1,-1,-1,-1,-1,-1,-1,-1,-1,-1,-1,-1,-1,-1,-1,-1,-1,-1,-1,-1,-1,-1,-1,-1,-1,-1,145.0,194.0,224.0,250.0,284.0,124.0,273.0,151.0,139.0,88.0,-1,-1,-1,-1,-1,-1,-1,-1,-1,-1,-1,-1,-1,-1,-1,-1,-1,-1,-1,-1,-1,-1,-1,-1,-1,-1,-1,-1,-1,-1,
70,MRT,'Mauritania'Mauritania'Mauritania'Mauritania'Mauritania'Mauritania,-1,-1,-1,-1,-1,-1,-1,-1,-1,-1,-1,-1,-1,-1,-1,-1,-1,-1,-1,-1,-1,-1,-1,-1,-1,-1,-1,-1,-1,-1,-1,-1,-1,-1,-1,-1,-1,-1,-1,-1,-1,-1,-1,-1,-1,-1,41.656,-1,-1,-1,-1,-1,-1,-1,-1,-1,-1,1950.0,4740.0,15051.0,21277.0,20079.0,582.0,10000.0,8000.0,2830.0,-1,-1,-1,-1,-1,-1,-1,-1,-1,-1,-1,-1,-1,-1,-1,-1,-1,-1,-1,-1,-1,-1,-1,-1,-1,-1,-1,5031.0,28755.0,33073.0,36608.0,36969.0,35281.0,37670.0,37970.0,33079.0,45001.0,32820.0,28791.0,28138.0,29620.0,
71,MYS,Federated Malay States'Malaysia'Malaysia'Malaysia'Malaysia'Malaysia,-1,-1,-1,-1,-1,-1,-1,-1,-1,-1,-1,-1,-1,-1,-1,-1,-1,-1,-1,-1,-1,-1,-1,21.336,-1,-1,-1,-1,-1,-1,-1,-1,-1,-1,-1,-1,-1,-1,-1,-1,-1,-1,-1,-1,-1,-1,-1,-1,-1,-1,-1,-1,-1,-1,-1,-1,-1,-1,-1,-1,-1,-1,3800.0,18200.0,24000.0,26000.0,24514.0,26990.0,28642.0,30906.0,29136.0,29288.0,30506.0,28301.0,29861.0,22014.0,23565.0,24327.0,25581.0,28556.0,25182.0,25267.0,20751.0,20219.0,18821.0,13907.0,4600.0,-1,-1,-1,-1,-1,-1,-1,-1,-1,-1,-1,-1,-1,-1,-1,-1,-1,-1,-1,-1,
72,NAM,'Namibia'Namibia'Namibia'Namibia'Namibia'Namibia'Namibia'Namibia'Namibia'NamibiaSouth West Africa South West Africa South West Africa South West Africa South West Africa South West Africa South West Africa South West Africa South-West AfricaSouth-West Africa Territory ,-1,-1,-1,-1,-1,-1,-1,-1,-1,-1,9043.416,8020.304,8333.232,8940.8,10668.0,11277.6,12598.4,15138.4,8432.8,2438.4,-1,-1,-1,-1,11785.6,8890.0,8803.64,1212.088,-1,-1,-1,-1,-1,-1,5059.68,8280.4,9666.224,10996.168,12615.672,14193.52,12239.752,14228.064,21374.608,28309.824,27329.384,28448.0,31496.0,20320.0,25400.0,23368.0,32512.0,34544.0,39624.0,38608.0,33528.0,30480.0,25400.0,23000.0,25900.0,21500.0,300.0,26100.0,34900.0,43500.0,49200.0,37700.0,41900.0,39200.0,44300.0,48800.0,52100.0,50000.0,43128.0,47111.0,37993.0,42899.0,32792.0,27797.0,31719.0,31313.0,29146.0,26555.0,22530.0,14904.0,17879.0,6500.0,-1,5070.0,15003.0,18040.0,16175.0,11174.0,10157.0,6262.0,5800.0,8800.0,-1,-1,3366.0,5304.0,4896.0,5249.0,14010.0,16653.0,15534.0,15177.0,16108.0,
73,NER,'French West Africa,-1,-1,-1,-1,-1,-1,-1,-1,-1,-1,-1,-1,-1,-1,-1,-1,-1,-1,-1,-1,-1,-1,-1,-1,-1,-1,-1,-1,-1,-1,-1,-1,-1,-1,-1,-1,-1,-1,-1,-1,-1,82.296,138.176,97.536,-1,-1,-1,-1,-1,-1,-1,-1,-1,-1,-1,-1,-1,-1,-1,-1,-1,-1,-1,-1,-1,-1,-1,-1,-1,-1,-1,-1,-1,-1,-1,-1,-1,-1,-1,-1,-1,-1,-1,-1,-1,-1,-1,-1,-1,-1,-1,-1,-1,-1,-1,-1,-1,-1,-1,-1,-1,-1,-1,-1,-1,-1,-1,
74,NIC,'Nicaragua'Nicaragua'Nicaragua'Nicaragua,-1,-1,-1,-1,-1,-1,-1,-1,-1,-1,-1,-1,-1,-1,-1,-1,-1,-1,-1,-1,-1,-1,-1,-1,-1,-1,-1,-1,-1,-1,-1,-1,-1,-1,-1,-1,-1,-1,-1,-1,-1,-1,-1,-1,-1,-1,908.304,4897.12,6276.848,7271.512,7282.688,9239.504,10185.4,9763.76,9335.008,6719.824,5886.704,3029.0,3662.0,2500.0,2700.0,2500.0,600.0,800.0,300.0,100.0,-1,-1,-1,-1,-1,-1,-1,-1,-1,-1,-1,-1,-1,-1,-1,-1,-1,-1,-1,-1,-1,-1,-1,-1,-1,-1,-1,-1,-1,-1,-1,-1,-1,-1,-1,-1,-1,-1,-1,-1,-1,
75,NOR,'Norway'Norway'Norway'Norway'Norway'Norway'Norway'Norway'Norway'Norway'Norway'Norway'Norway'Norway'Norway ..'Norway ...'Norway : ..,14272.768,13369.544,15786.608,9036.304,10133.584,-1,-1,-1,-1,-1,8519.16,9478.264,31683.96,13522.96,12363.704,17776.952,19037.808,18292.064,8702.04,16765.016,19812.0,21173.44,20513.04,22604.984,20076.16,21625.56,20355.56,15528.544,17987.264,15470.632,16246.856,14461.744,5202.936,12248.896,14706.6,15110.968,14874.24,15284.704,14002.512,13631.672,13028.168,13587.984,13987.272,14957.552,14990.064,15876.016,14358.112,15390.368,13951.712,15534.64,14264.64,14972.792,14766.544,14814.296,14452.6,16775.176,21482.304,19947.0,21672.0,7.0,22245.0,20336.0,26647.0,31080.0,29053.0,29073.0,28016.0,28891.0,28123.0,27590.0,22568.0,22310.0,19252.0,29572.0,23235.0,18655.0,16497.0,23041.0,19901.0,12734.0,8743.0,7408.0,6799.0,7394.0,6671.0,2699.0,-1,-1,-1,-1,-1,-1,-1,-1,-1,-1,-1,-1,-1,-1,-1,-1,-1,-1,-1,-1,-1,105200.5445
76,NZL,'New Zealand'New Zealand'New Zealand'New Zealand,-1,-1,-1,-1,-1,-1,-1,-1,-1,-1,-1,-1,-1,-1,-1,-1,-1,-1,-1,-1,-1,-1,-1,-1,-1,-1,-1,-1,-1,-1,-1,-1,-1,60.96,-1,-1,76.2,-1,19.304,-1,-1,-1,-1,-1,-1,-1,-1,-1,-1,10.16,20.32,71.12,10.16,-1,152.4,50.8,71.12,47.0,85.0,123.0,-1,-1,-1,-1,-1,-1,-1,-1,-1,-1,-1,-1,-1,-1,-1,-1,-1,-1,-1,-1,-1,-1,-1,-1,-1,-1,-1,-1,-1,-1,-1,-1,-1,-1,-1,-1,-1,-1,-1,-1,-1,-1,-1,-1,-1,-1,-1,474098.9111
77,OMN,'Oman'Oman'Oman'Oman'Oman'Oman,-1,-1,-1,-1,-1,-1,-1,-1,-1,-1,-1,-1,-1,-1,-1,-1,-1,-1,-1,-1,-1,-1,-1,-1,-1,-1,-1,-1,-1,-1,-1,-1,-1,-1,-1,-1,-1,-1,-1,-1,-1,-1,-1,-1,-1,-1,-1,-1,-1,-1,-1,-1,-1,-1,-1,-1,-1,-1,-1,-1,-1,-1,-1,-1,-1,-1,-1,-1,-1,-1,11300.0,16200.0,17600.0,16700.0,16900.0,18100.0,16600.0,13700.0,13500.0,13400.0,8800.0,4300.0,-1,-1,-1,-1,-1,-1,-1,-1,-1,-1,-1,-1,9100.0,16800.0,15000.0,16530.0,21166.0,19684.0,10906.0,13699.0,7828.0,-1,-1,-1,-1,
78,PAK,'Pakistan'Pakistan'Pakistan'Pakistan'Pakistan,-1,-1,-1,-1,-1,-1,-1,-1,-1,-1,-1,-1,-1,-1,-1,-1,-1,-1,-1,-1,-1,-1,-1,-1,-1,-1,-1,-1,-1,-1,-1,-1,-1,-1,-1,-1,-1,-1,-1,-1,-1,-1,-1,-1,-1,-1,-1,-1,-1,-1,-1,-1,-1,-1,-1,-1,-1,-1,-1,-1,-1,-1,-1,-1,-1,-1,-1,-1,-1,-1,-1,-1,-1,-1,-1,-1,-1,-1,-1,-1,-1,-1,4400.0,3000.0,-1,-1,-1,-1,-1,-1,2500.0,7100.0,17700.0,18700.0,18800.0,18700.0,19600.0,19900.0,20000.0,23900.0,20700.0,17700.0,16000.0,14000.0,10052.0,12538.0,13049.0,
79,PAN,'Panama'Panama,-1,-1,-1,-1,-1,-1,-1,-1,-1,-1,-1,-1,-1,-1,-1,-1,-1,-1,-1,-1,-1,-1,39.624,22.352,-1,-1,-1,-1,-1,-1,-1,-1,-1,-1,-1,-1,-1,-1,-1,-1,-1,-1,-1,-1,-1,-1,-1,-1,-1,-1,-1,-1,-1,-1,-1,-1,-1,-1,-1,-1,-1,-1,-1,-1,-1,-1,-1,-1,-1,-1,-1,-1,-1,-1,-1,-1,-1,-1,-1,-1,-1,-1,-1,-1,-1,-1,-1,-1,-1,-1,-1,-1,-1,-1,-1,-1,-1,-1,-1,-1,-1,-1,-1,-1,-1,-1,147480.0,
80,PER,PeruPeruPeruPeruPeruPeruPeruPeruPeruPeruPeruPeruPeruPeruPeruPeruPeruPeruPeruPeruPeru,27767.28,27081.48,34715.704,43064.176,45161.2,44399.2,39217.6,-1,-1,-1,44154.344,34911.792,39014.4,42008.552,54853.84,52460.144,56111.648,47548.8,44297.6,22726.904,24372.824,27676.856,30720.792,33350.2,36576.0,37526.976,35613.848,43963.336,36819.84,35330.384,33405.064,32389.064,31914.592,24591.264,22491.192,18068.544,27957.272,29928.312,32588.2,31177.992,35399.472,38423.088,43401.488,46234.096,48344.328,53616.352,49814.48,181712.616,198042.784,166782.496,177364.136,176436.528,180327.808,199989.44,192659.0,213501.224,199136.0,220225.0,207346.0,219126.0,220000.0,213200.0,165813.0,220269.0,341000.0,366400.0,397000.0,366800.0,327614.0,356300.0,322200.0,364100.0,385000.0,386060.0,406430.0,298332.0,364073.0,323400.0,382277.0,369365.0,374771.0,359400.0,409693.0,485595.0,506498.0,483338.0,536277.0,553924.0,722035.0,842783.0,842578.0,1035574.0,1009898.0,1048472.0,1190274.0,1267867.0,1274725.0,1247184.0,1235345.0,1298761.0,1375641.0,1379626.0,1700817.0,2353859.0,2445585.0,2437035.0,2455440.0,34693.28494
81,PHL,Philippine IslandsPhilippine RepublicPhilippine RepublicPhilippine RepublicPhilippine RepublicPhilippinesPhilippinesPhilippinesPhilippinesPhilippinesPhilippinesPhilippinesPhilippinesPhilippinesPhilippines,-1,-1,-1,-1,-1,-1,-1,-1,-1,-1,-1,-1,-1,-1,-1,-1,-1,-1,-1,-1,-1,-1,-1,-1,-1,3527.552,7496.048,9258.808,9855.2,-1,-1,-1,-1,-1,2501.392,3352.8,7006.336,10383.52,12705.08,13240.512,12714.224,14347.952,17459.96,26961.592,40379.904,47027.592,49518.824,44008.04,51872.896,54725.824,63682.88,60455.048,62736.984,73753.472,86156.8,110269.528,131064.0,160292.0,197573.0,213695.0,221195.0,225485.0,225775.0,237588.0,272792.0,263425.0,300486.0,304504.0,302328.0,292086.0,271403.0,225216.0,222189.0,217023.0,214103.0,216465.0,196422.0,180459.0,148000.0,123523.0,136258.0,112100.0,102637.0,62297.0,48637.0,45381.0,37631.0,31900.0,20321.0,18365.0,20414.0,15984.0,16320.0,17161.0,22862.0,21235.0,49060.0,58412.0,63835.0,65444.0,90861.0,91922.0,83835.0,83649.0,68156.0,69933.0,71892.0,
82,PNG,'Papua (years ended June 30)'Papua ..'Papua New Guinea'Papua New Guinea'Papua New Guinea'Papua New Guinea'Papua New Guinea'Papua New Guinea'Papua New Guinea'Papua New Guinea'Papua New Guinea'Papua New Guinea,-1,-1,-1,-1,-1,-1,-1,-1,-1,-1,-1,2.032,545.592,1685.544,121.92,-1,-1,-1,-1,-1,-1,-1,-1,-1,-1,-1,-1,-1,-1,-1,-1,-1,-1,-1,-1,-1,-1,-1,-1,-1,-1,-1,-1,-1,-1,-1,-1,-1,-1,-1,-1,-1,-1,-1,-1,-1,-1,-1,-1,124000.0,182900.0,184100.0,172477.0,176519.0,182291.0,198603.0,170788.0,146813.0,165420.0,170004.0,183191.0,164447.0,175048.0,178913.0,217699.0,218633.0,201025.0,170211.0,204459.0,193359.0,203945.0,-1,212737.0,186665.0,111515.0,152200.0,187921.0,203061.0,203762.0,211315.0,205500.0,177200.0,192978.0,194355.0,169184.0,159650.0,166669.0,159821.0,130456.0,125348.0,121571.0,75901.0,45185.0,80022.0,105419.0,96287.0,99398.0,474098.9111
83,POL,PolandPolandPolandPolandPolandPolandPolandPolandPolandPolandPolandPolandPoland,-1,-1,-1,-1,-1,-1,-1,-1,-1,-1,-1,-1,-1,-1,-1,-1,-1,-1,-1,-1,-1,-1,-1,-1,-1,-1,-1,-1,-1,-1,-1,-1,-1,-1,-1,-1,-1,-1,-1,-1,4267.2,4775.2,5486.4,7112.0,7518.4,8026.4,8940.8,10566.4,11684.0,13716.0,13208.0,14427.2,15240.0,15240.0,15240.0,15240.0,45720.0,83000.0,122300.0,135000.0,155000.0,198000.0,230000.0,267000.0,289300.0,318000.0,345000.0,343000.0,294600.0,376000.0,402300.0,431000.0,432000.0,435000.0,438000.0,459000.0,401000.0,370000.0,382000.0,373000.0,382600.0,378000.0,384200.0,421900.0,414737.0,436156.0,463604.0,454100.0,474000.0,502800.0,503544.0,530768.0,511799.0,497200.0,451900.0,429687.0,439000.0,425725.0,426665.0,427064.0,428879.0,421700.0,426196.0,424000.0,419000.0,401300.0,449000.0,
84,PRK,'Korea'Korea'Korea (North)'Korea (North) (c)'Korea (ore)'Korea (smelter) :'Korea Dem. P.R. of'Korea Dem. P.R. of'Korea Dem. P.R. of'Korea Dem. P.R. of'Korea Dem. P.R. of'Korea Dem. P.R. of'Korea Dem. P.R. of'Korea Dem. P.R. of'Korea Dem. P.R. of'Korea Dem. P.R. of,-1,-1,-1,-1,-1,-1,-1,-1,-1,-1,-1,-1,-1,1722.12,-1,-1,538.48,580.136,-1,812.8,914.4,1524.0,2235.2,3657.6,-1,-1,-1,-1,-1,-1,-1,-1,-1,-1,-1,-1,-1,-1,-1,-1,-1,-1,-1,-1,-1,-1,5384.8,5994.4,5994.4,8026.4,8026.4,10160.0,12192.0,12192.0,12192.0,12192.0,12192.0,13000.0,13000.0,13000.0,13000.0,13000.0,15000.0,15000.0,15000.0,15000.0,15000.0,12000.0,12000.0,12000.0,10000.0,10000.0,10000.0,10000.0,12000.0,12000.0,12000.0,12000.0,14000.0,12000.0,12000.0,12000.0,10000.0,10000.0,10000.0,10000.0,10000.0,12000.0,12000.0,12000.0,12000.0,12000.0,12000.0,12000.0,12000.0,12000.0,12000.0,4600.0,4400.0,6600.0,5500.0,4600.0,8600.0,12600.0,1800.0,-1,2000.0,
85,PRT,PortugalPortugalPortugalPortugalPortugalPortugalPortugalPortugalPortugalPortugalPortugalPortugalPortugalPortugalPortugalPortugalPortugalPortugalPortugalPortugalPortugal,6629.4,4712.208,4606.544,-1,-1,-1,-1,-1,-1,-1,2032.0,2032.0,2032.0,2032.0,-1,-1,4064.0,4064.0,3048.0,2032.0,2032.0,2032.0,2032.0,2032.0,5606.288,6365.24,4080.256,-1,270.256,2032.0,1219.2,2032.0,1625.6,1828.8,2133.6,2540.0,2946.4,2626.36,3010.408,2763.52,748.792,430.784,545.592,967.232,501.904,742.696,719.328,525.272,564.896,521.208,497.84,4364.736,3861.816,3734.816,3662.68,4521.2,4074.16,3762.0,3957.0,1543.0,651.0,568.0,447.0,387.0,331.0,326.0,500.0,3889.0,2849.0,2287.0,2615.0,2706.0,314.0,271.0,203.0,8221.0,98017.0,159841.0,158885.0,152300.0,150483.0,130300.0,129726.0,107774.0,106580.0,114515.0,99472.0,76300.0,82965.0,77227.0,77581.0,95700.0,89541.0,78576.0,90182.0,89026.0,86462.0,74426.0,79686.0,74043.0,77236.0,75433.0,83081.0,74453.0,63812.0,49064.0,41553.0,1350969.147
86,ROU,RomaniaRomaniaRomaniaRomaniaRomaniaRomaniaRomaniaRomaniaRomaniaRomaniaRomaniaRomaniaRomaniaRomaniaRomania,-1,-1,-1,-1,-1,-1,-1,-1,-1,-1,219.456,4363.72,-1,188.976,215.392,103.632,143.256,169.672,-1,12.192,23.368,17.272,213.36,254.0,203.2,580.136,728.472,-1,-1,-1,-1,-1,-1,-1,-1,-1,-1,-1,-1,-1,-1,-1,-1,-1,-1,-1,-1,-1,-1,-1,-1,-1,-1,-1,-1,-1,-1,-1,-1,-1,-1,-1,44000.0,41000.0,41000.0,40000.0,40000.0,28000.0,30000.0,30000.0,28000.0,30000.0,30000.0,35000.0,38000.0,40000.0,42900.0,32000.0,27200.0,24700.0,25361.0,25500.0,24520.0,24434.0,22638.0,19065.0,16807.0,16099.0,19185.0,19323.0,23389.0,18767.0,16286.0,12535.0,2213.0,308.0,1200.0,5127.0,6355.0,5902.0,6700.0,7200.0,3600.0,7300.0,7400.0,8722.0,9200.0,
87,RUS,RussiaRussiaRussiaRussiaRussiaRussiaRussiaRussiaRussiaRussiaSoviet UnionSoviet UnionSoviet UnionSoviet UnionSoviet UnionUSSRUSSRUSSRUSSRUSSRUSSRUSSR,42955.464,31927.8,25872.44,20869.656,15994.888,4998.72,-1,-1,-1,-1,5080.0,3251.2,-1,10668.0,13614.4,20218.4,26416.0,34137.6,31089.6,32004.0,32715.2,44094.4,63246.0,83312.0,91440.0,101600.0,144272.0,-1,-1,-1,-1,-1,121920.0,148336.0,161544.0,195072.0,234696.0,255016.0,300736.0,334264.0,345440.0,360680.0,406400.0,431800.0,472440.0,436880.0,436880.0,457200.0,477520.0,508000.0,558800.0,685800.0,711200.0,762000.0,863600.0,863600.0,889000.0,925000.0,990000.0,1050000.0,1100000.0,2300000.0,1130000.0,1100000.0,1140000.0,1150000.0,-1,980000.0,1000000.0,1010000.0,1020000.0,1020000.0,1030000.0,1030000.0,1010000.0,990000.0,950000.0,900000.0,840000.0,680000.0,594000.0,447900.0,525900.0,523000.0,505000.0,500000.0,510000.0,530000.0,540000.0,662100.0,630000.0,700000.0,640000.0,675000.0,690000.0,705000.0,675700.0,702700.0,713100.0,720000.0,720000.0,720000.0,711400.0,702300.0,762300.0,871700.0,813600.0,432977.314
88,SAU,Saudi ArabiaSaudi ArabiaSaudi ArabiaSaudi ArabiaSaudi ArabiaSaudi ArabiaSaudi Arabia,-1,-1,-1,-1,-1,-1,-1,-1,-1,-1,-1,-1,-1,-1,-1,-1,-1,-1,-1,-1,-1,-1,-1,-1,-1,-1,4.064,13.208,8.128,10.16,-1,-1,-1,9.144,252.984,67.056,48.768,41.656,-1,-1,-1,-1,-1,-1,-1,-1,-1,-1,-1,-1,-1,-1,-1,-1,-1,-1,-1,-1,-1,-1,-1,-1,-1,-1,-1,-1,-1,-1,-1,-1,-1,-1,-1,-1,-1,-1,-1,-1,-1,-1,-1,-1,1000.0,786.0,703.0,782.0,821.0,837.0,1000.0,600.0,800.0,700.0,668.0,730.0,737.0,1465.0,1700.0,1603.0,1954.0,2150.0,3000.0,9000.0,11563.0,27500.0,36279.0,57300.0,67300.0,
89,SCG,Serbia and MontenegroSerbia and Montenegro,-1,-1,-1,-1,-1,-1,-1,-1,-1,-1,-1,-1,-1,-1,-1,-1,-1,-1,-1,-1,-1,-1,-1,-1,-1,-1,-1,-1,-1,-1,-1,-1,-1,-1,-1,-1,-1,-1,-1,-1,-1,-1,-1,-1,-1,-1,-1,-1,-1,-1,-1,-1,-1,-1,-1,-1,-1,-1,-1,-1,-1,-1,-1,-1,-1,-1,-1,-1,-1,-1,-1,-1,-1,-1,-1,-1,-1,-1,-1,-1,-1,-1,-1,-1,-1,-1,-1,46000.0,31000.0,34600.0,25200.0,23900.0,11600.0,-1,-1,-1,-1,-1,-1,-1,-1,-1,-1,-1,-1,-1,-1,
90,SEN,'French West Africa,-1,-1,-1,-1,-1,-1,-1,-1,-1,-1,-1,-1,-1,-1,-1,-1,-1,-1,-1,-1,-1,-1,-1,-1,-1,-1,-1,-1,-1,-1,-1,-1,-1,-1,-1,-1,-1,-1,-1,-1,-1,82.296,138.176,97.536,-1,-1,-1,-1,-1,-1,-1,-1,-1,-1,-1,-1,-1,-1,-1,-1,-1,-1,-1,-1,-1,-1,-1,-1,-1,-1,-1,-1,-1,-1,-1,-1,-1,-1,-1,-1,-1,-1,-1,-1,-1,-1,-1,-1,-1,-1,-1,-1,-1,-1,-1,-1,-1,-1,-1,-1,-1,-1,-1,-1,-1,-1,-1,
91,SRB,'Jugoslavia'Jugoslavia'Jugoslavia (estimated)SerbiaSerbiaSerbiaYugoslaviaYugoslaviaYugoslaviaYugoslaviaYugoslaviaYugoslaviaYugoslaviaYugoslaviaYugoslaviaYugoslaviaYugoslaviaYugoslaviaYugoslavia,-1,-1,-1,-1,-1,-1,-1,-1,-1,-1,6807.2,8142.224,10160.0,10613.136,10363.2,13208.0,20320.0,23368.0,22352.0,18186.4,34036.0,42976.8,41656.0,41656.0,44704.0,49479.2,41656.0,46949.36,-1,-1,-1,-1,20320.0,24384.0,33528.0,41656.0,38608.0,43290.744,35948.112,36968.176,35315.144,32148.272,29117.544,31829.248,33528.0,35233.864,34598.864,33275.016,37906.96,51714.4,62089.792,63180.976,62546.992,62218.824,63148.464,70482.968,81673.192,90808.0,94392.0,103133.0,111797.0,112080.0,114894.0,120130.0,116218.0,123319.0,96000.0,114786.0,110961.0,119299.0,129506.0,137600.0,142479.0,138544.0,130470.0,103523.0,139631.0,140145.0,121842.0,97811.0,68007.0,90800.0,74619.0,69467.0,87404.0,84627.0,62777.0,-1,-1,-1,-1,-1,-1,11100.0,16500.0,17600.0,19400.0,22800.0,26100.0,32200.0,36200.0,33739.0,29827.0,41300.0,44800.0,44100.0,44000.0,
92,SVK,SlovakiaSlovakiaSlovakiaSlovakiaSlovakiaSlovakiaSlovakiaSlovakiaSlovakiaSlovakiaSlovakia,-1,-1,-1,-1,-1,-1,-1,-1,-1,-1,-1,590.296,-1,-1,-1,-1,1359.408,2338.832,1687.576,67.056,-1,450.088,243.84,346.456,-1,-1,-1,-1,-1,-1,-1,-1,-1,-1,-1,-1,-1,-1,-1,-1,-1,-1,-1,-1,-1,-1,-1,-1,-1,-1,-1,-1,-1,-1,-1,-1,-1,-1,-1,-1,-1,-1,10700.0,8500.0,9300.0,8200.0,8000.0,11500.0,9200.0,9300.0,9800.0,10000.0,10100.0,8500.0,9400.0,9700.0,8000.0,2884.0,1550.0,1000.0,500.0,3000.0,-1,-1,-1,-1,-1,-1,-1,-1,-1,-1,-1,-1,-1,-1,-1,22.0,28.0,31.0,40.0,46.0,58.0,39.0,32.0,21.0,17.0,
93,SVN,'Jugoslavia'Jugoslavia (estimated)YugoslaviaYugoslaviaYugoslaviaYugoslaviaYugoslaviaYugoslaviaYugoslaviaYugoslaviaYugoslaviaYugoslaviaYugoslaviaYugoslaviaYugoslavia,-1,-1,-1,-1,-1,-1,-1,-1,-1,-1,6807.2,8142.224,10160.0,-1,-1,-1,20320.0,23368.0,22352.0,18186.4,34036.0,42976.8,41656.0,41656.0,44704.0,49479.2,41656.0,46949.36,-1,-1,-1,-1,20320.0,24384.0,33528.0,41656.0,38608.0,43290.744,35948.112,36968.176,35315.144,32148.272,29117.544,31829.248,33528.0,35233.864,34598.864,33275.016,37906.96,51714.4,62089.792,63180.976,62546.992,62218.824,63148.464,70482.968,81673.192,90808.0,94392.0,103133.0,111797.0,112080.0,114894.0,120130.0,116218.0,123319.0,96000.0,114786.0,110961.0,119299.0,129506.0,137600.0,142479.0,138544.0,130470.0,103523.0,139631.0,140145.0,121842.0,97811.0,68007.0,90800.0,74619.0,69467.0,87404.0,84627.0,62777.0,-1,-1,-1,-1,-1,-1,-1,-1,-1,-1,-1,-1,-1,-1,-1,-1,-1,-1,-1,-1,
94,SWE,SwedenSwedenSwedenSwedenSwedenSwedenSwedenSwedenSwedenSwedenSwedenSwedenSwedenSwedenSwedenSwedenSwedenSwedenSwedenSwedenSweden,1175.512,1326.896,2575.56,3203.448,4323.08,4694.936,3218.688,-1,-1,-1,1639.824,1727.2,-1,709.168,783.336,618.744,1127.76,806.704,1016.0,4308.856,6870.192,5061.712,6387.592,8102.6,7173.976,9288.272,9609.328,9489.44,13389.864,18055.336,17830.8,16119.856,14925.04,15360.904,13142.976,14834.616,16272.256,16099.536,14427.2,13770.864,13538.2,13212.064,15670.784,16724.376,18074.64,18554.192,17307.56,17476.216,18185.384,19089.624,17949.672,16188.944,15786.608,15276.576,15284.704,18211.8,25149.048,26283.0,30200.0,30819.0,44819.0,40637.0,40634.0,44860.0,44764.0,47412.0,45800.0,42785.0,51472.0,52682.0,75338.0,85800.0,91867.0,87871.0,86113.0,75032.0,71238.0,74283.0,81650.0,89145.0,88909.0,79384.0,83603.0,71659.0,86610.0,73685.0,71160.0,77765.0,74269.0,71991.0,83143.0,82415.0,87068.0,86746.0,62905.0,57688.0,55414.0,76514.0,82967.0,82422.0,82904.0,79681.0,75125.0,78992.0,104450.0,106142.0,99332.0,108295.0
95,TCD,'French Equatorial Africa'French Equatorial Africa'French Equatorial Africa,-1,-1,-1,-1,-1,-1,-1,-1,-1,-1,-1,-1,-1,384.048,499.872,235.712,184.912,304.8,152.4,152.4,1524.0,-1,-1,-1,-1,-1,-1,-1,-1,-1,-1,-1,-1,-1,-1,-1,-1,-1,-1,-1,-1,-1,-1,-1,-1,-1,-1,-1,-1,-1,-1,-1,-1,-1,-1,-1,-1,-1,-1,-1,-1,-1,-1,-1,-1,-1,-1,-1,-1,-1,-1,-1,-1,-1,-1,-1,-1,-1,-1,-1,-1,-1,-1,-1,-1,-1,-1,-1,-1,-1,-1,-1,-1,-1,-1,-1,-1,-1,-1,-1,-1,-1,-1,-1,-1,-1,-1,
96,TJK,Soviet UnionSoviet UnionSoviet UnionSoviet UnionSoviet UnionTajikistanTurkestanUSSRUSSRUSSRUSSRUSSRUSSRUSSR,-1,-1,-1,-1,-1,-1,-1,-1,-1,-1,10.16,-1,-1,-1,-1,-1,-1,-1,-1,32004.0,32715.2,44094.4,63246.0,83312.0,91440.0,101600.0,144272.0,-1,-1,-1,-1,-1,121920.0,148336.0,161544.0,195072.0,234696.0,255016.0,300736.0,334264.0,345440.0,360680.0,406400.0,431800.0,472440.0,436880.0,436880.0,457200.0,477520.0,508000.0,558800.0,685800.0,711200.0,762000.0,863600.0,863600.0,889000.0,925000.0,990000.0,1050000.0,1100000.0,2300000.0,1130000.0,1100000.0,1140000.0,1150000.0,-1,980000.0,1000000.0,1010000.0,1020000.0,1020000.0,1030000.0,1030000.0,1010000.0,990000.0,950000.0,900000.0,840000.0,-1,-1,-1,-1,-1,-1,-1,-1,-1,-1,-1,-1,-1,-1,-1,-1,-1,-1,-1,-1,-1,-1,-1,1400.0,2500.0,6100.0,8500.0,8500.0,
97,TKM,Soviet UnionSoviet UnionSoviet UnionSoviet UnionSoviet UnionTurkestanUSSRUSSRUSSRUSSRUSSRUSSRUSSR,-1,-1,-1,-1,-1,-1,-1,-1,-1,-1,10.16,-1,-1,-1,-1,-1,-1,-1,-1,32004.0,32715.2,44094.4,63246.0,83312.0,91440.0,101600.0,144272.0,-1,-1,-1,-1,-1,121920.0,148336.0,161544.0,195072.0,234696.0,255016.0,300736.0,334264.0,345440.0,360680.0,406400.0,431800.0,472440.0,436880.0,436880.0,457200.0,477520.0,508000.0,558800.0,685800.0,711200.0,762000.0,863600.0,863600.0,889000.0,925000.0,990000.0,1050000.0,1100000.0,2300000.0,1130000.0,1100000.0,1140000.0,1150000.0,-1,980000.0,1000000.0,1010000.0,1020000.0,1020000.0,1030000.0,1030000.0,1010000.0,990000.0,950000.0,900000.0,840000.0,-1,-1,-1,-1,-1,-1,-1,-1,-1,-1,-1,-1,-1,-1,-1,-1,-1,-1,-1,-1,-1,-1,-1,-1,-1,-1,-1,-1,
98,TUN,Tunis Tunis ,-1,-1,-1,-1,-1,-1,-1,-1,-1,-1,352.552,165.608,75.184,-1,74.168,-1,-1,-1,-1,-1,-1,-1,-1,-1,-1,-1,-1,-1,-1,-1,-1,-1,-1,-1,-1,-1,-1,-1,-1,-1,-1,-1,-1,-1,-1,-1,-1,-1,-1,-1,-1,-1,-1,-1,-1,-1,-1,-1,-1,-1,-1,-1,-1,-1,-1,-1,-1,-1,-1,-1,-1,-1,-1,-1,-1,-1,-1,-1,-1,-1,-1,-1,-1,-1,-1,-1,-1,-1,-1,-1,-1,-1,-1,-1,-1,-1,-1,-1,-1,-1,-1,-1,-1,-1,-1,-1,-1,
99,TUR,TurkeyTurkeyTurkeyTurkeyTurkeyTurkeyTurkeyTurkeyTurkeyTurkeyTurkeyTurkeyTurkeyTurkeyTurkeyTurkeyTurkeyTurkey,-1,-1,-1,-1,-1,-1,-1,-1,-1,-1,-1,-1,-1,845.312,-1,13.208,65.024,-1,-1,-1,-1,-1,-1,-1,406.4,2488.184,6736.08,8753.856,10933.176,8257.032,9720.072,10953.496,9847.072,10049.256,10079.736,10978.896,11282.68,11699.24,13095.224,23329.392,27343.608,25212.04,23797.768,24761.952,26218.896,22528.784,23843.488,26011.632,19992.848,25773.888,24788.368,28185.872,28751.784,28938.728,29176.472,31966.408,29948.632,31100.0,30000.0,25000.0,-1,40700.0,27300.0,29323.0,34979.0,27474.0,37959.0,21300.0,32085.0,32789.0,24767.0,29561.0,29860.0,26085.0,31531.0,37746.0,45400.0,39825.0,39422.0,36425.0,39200.0,35000.0,500.0,52200.0,64600.0,73900.0,74700.0,76053.0,56820.0,48217.0,43245.0,49900.0,54100.0,46400.0,81400.0,83000.0,87070.0,79900.0,92500.0,104300.0,120500.0,122000.0,108000.0,100000.0,83000.0,79600.0,73500.0,2931.034483
100,TWN,'Formosa'Formosa'Formosa'Formosa'Formosa'Formosa (b)'Formosa (estimated)'Formosa (ore)'Japan and FormosaTaiwanTaiwanTaiwan,67891.152,72171.56,76719.176,101550.216,108801.408,90131.392,83174.84,66003.424,-1,-1,707.136,226.568,-1,-1,-1,-1,99296.728,-1,-1,3454.4,3962.4,-1,4064.0,4064.0,-1,4064.0,4064.0,4064.0,-1,-1,-1,-1,-1,-1,-1,-1,-1,-1,-1,196.088,764.032,856.488,1331.976,1823.72,-1,1544.32,1626.616,2100.072,2232.152,2107.184,1618.488,1738.376,1546.352,1993.392,2242.312,2235.2,2339.848,2500.0,2400.0,1996.0,2400.0,2500.0,1900.0,2000.0,2000.0,800.0,800.0,500.0,500.0,-1,-1,-1,-1,-1,-1,-1,-1,-1,-1,-1,-1,-1,-1,-1,-1,-1,-1,-1,-1,-1,-1,-1,-1,-1,-1,-1,-1,-1,-1,-1,-1,-1,-1,-1,-1,-1,-1,
101,TZA,TanganyikaTanganyikaTanganyikaTanzaniaTanzaniaTanzaniaTanzania,-1,-1,-1,-1,-1,-1,-1,-1,-1,-1,-1,-1,-1,-1,-1,-1,-1,-1,-1,-1,-1,-1,-1,-1,-1,-1,-1,-1,-1,-1,-1,-1,-1,-1,-1,-1,-1,41.656,173.736,256.032,492.76,373.888,589.28,1158.24,1068.832,1606.296,1098.296,1274.064,100.584,-1,-1,-1,-1,-1,-1,-1,-1,-1,-1,-1,-1,-1,-1,-1,-1,-1,-1,-1,-1,-1,-1,-1,-1,-1,-1,-1,-1,-1,-1,-1,-1,-1,-1,-1,-1,-1,-1,-1,3600.0,4200.0,3700.0,4300.0,3661.0,3285.0,3276.0,2852.0,2019.0,6400.0,6748.0,5840.0,5740.0,6363.0,16800.0,17400.0,11500.0,10000.0,10000.0,
102,UGA,UgandaUgandaUgandaUgandaUganda,-1,-1,-1,-1,-1,-1,-1,-1,-1,-1,-1,-1,-1,-1,-1,-1,-1,-1,-1,-1,-1,-1,-1,-1,-1,-1,-1,-1,-1,-1,-1,-1,-1,-1,-1,-1,-1,-1,-1,-1,-1,-1,-1,2930.144,10634.472,11004.296,12134.088,14747.24,13373.608,15576.296,16215.36,18258.536,17139.92,16097.504,14425.168,15599.664,16570.96,16984.0,15731.0,14100.0,14200.0,11500.0,8500.0,7000.0,4000.0,1300.0,-1,-1,-1,-1,-1,-1,-1,-1,-1,-1,-1,-1,-1,-1,-1,-1,-1,-1,-1,-1,-1,-1,-1,-1,-1,-1,-1,-1,-1,-1,-1,-1,-1,-1,-1,-1,-1,-1,-1,-1,-1,
103,UKR,Soviet UnionSoviet UnionSoviet UnionSoviet UnionSoviet UnionUSSRUSSRUSSRUSSRUSSRUSSRUSSR,-1,-1,-1,-1,-1,-1,-1,-1,-1,-1,-1,-1,-1,-1,-1,-1,-1,-1,-1,32004.0,32715.2,44094.4,63246.0,83312.0,91440.0,101600.0,144272.0,-1,-1,-1,-1,-1,121920.0,148336.0,161544.0,195072.0,234696.0,255016.0,300736.0,334264.0,345440.0,360680.0,406400.0,431800.0,472440.0,436880.0,436880.0,457200.0,477520.0,508000.0,558800.0,685800.0,711200.0,762000.0,863600.0,863600.0,889000.0,925000.0,990000.0,1050000.0,1100000.0,2300000.0,1130000.0,1100000.0,1140000.0,1150000.0,-1,980000.0,1000000.0,1010000.0,1020000.0,1020000.0,1030000.0,1030000.0,1010000.0,990000.0,950000.0,900000.0,840000.0,-1,-1,-1,-1,-1,-1,-1,-1,-1,-1,-1,-1,-1,-1,-1,-1,-1,-1,-1,-1,-1,-1,-1,-1,-1,-1,-1,-1,
104,USA,USAUSAUSAUSAUSAUSAUSAUSAUSAUSAUSAUSAUSAUSAUSAUSAUSAUSAUSAUSAUSA,555390.304,521668.248,629560.336,874416.336,855489.272,865655.368,594424.008,560160.424,-1,-1,670260.28,728510.608,763930.4,782535.392,748374.424,848358.984,904924.784,639602.48,482803.2,216000.584,172940.472,217097.864,345158.568,557452.784,759977.144,505971.048,660690.576,796549.08,869177.84,979769.44,989528.12,882240.552,701125.344,552211.24,768861.048,757294.904,682851.568,824903.608,842127.856,839448.664,840420.976,757892.312,905845.28,1003393.472,985285.304,888391.416,748253.52,979867.992,1056962.072,1114352.864,1100514.944,1131007.136,1226215.48,1296445.464,865472.488,1092762.864,1401153.408,1560038.0,1380894.0,1510319.0,1558490.0,1448776.0,1282184.0,1456564.0,1364375.0,1357587.0,1441295.0,1181116.0,1538160.0,1146975.0,1038098.0,1091284.0,1102600.0,1144200.0,1243600.0,1419700.0,1497500.0,1587742.0,1631078.0,1764756.0,1801382.0,1811000.0,1849100.0,1918300.0,1939600.0,1859300.0,1602500.0,1444100.0,1338600.0,1142400.0,1116000.0,1160000.0,1140000.0,1197000.0,1169000.0,1307900.0,1204000.0,1110000.0,1110000.0,1170000.0,1250000.0,1370000.0,1380000.0,1430000.0,1260000.0,1220000.0,1260000.0,3045800.363
105,UZB,Soviet UnionSoviet UnionSoviet UnionSoviet UnionSoviet UnionTurkestanUSSRUSSRUSSRUSSRUSSRUSSRUSSRUzbekistanUzbekistanUzbekistanUzbekistanUzbekistanUzbekistan,-1,-1,-1,-1,-1,-1,-1,-1,-1,-1,10.16,-1,-1,-1,-1,-1,-1,-1,-1,32004.0,32715.2,44094.4,63246.0,83312.0,91440.0,101600.0,144272.0,-1,-1,-1,-1,-1,121920.0,148336.0,161544.0,195072.0,234696.0,255016.0,300736.0,334264.0,345440.0,360680.0,406400.0,431800.0,472440.0,436880.0,436880.0,457200.0,477520.0,508000.0,558800.0,685800.0,711200.0,762000.0,863600.0,863600.0,889000.0,925000.0,990000.0,1050000.0,1100000.0,1200000.0,1100000.0,1130000.0,1100000.0,1140000.0,1150000.0,980000.0,1000000.0,1010000.0,1020000.0,1020000.0,1030000.0,1030000.0,1010000.0,990000.0,950000.0,900000.0,840000.0,50000.0,50000.0,60000.0,40000.0,64000.0,74400.0,74400.0,66000.0,70000.0,70000.0,80000.0,80000.0,83000.0,80000.0,80000.0,80000.0,80000.0,80000.0,80000.0,80000.0,80000.0,80000.0,80000.0,103000.0,135000.0,140100.0,141200.0,141000.0,
106,VEN,VenezuelaVenezuelaVenezuela,-1,363.728,597.408,1174.496,2957.576,2078.736,187.96,-1,-1,-1,1219.2,1117.6,-1,1016.0,152.4,-1,-1,-1,-1,-1,-1,-1,-1,-1,-1,-1,-1,-1,-1,-1,-1,-1,-1,-1,-1,-1,-1,-1,-1,-1,-1,-1,-1,-1,-1,-1,-1,-1,-1,-1,-1,-1,-1,-1,-1,-1,-1,-1,-1,-1,-1,-1,-1,-1,-1,-1,-1,-1,-1,-1,-1,-1,-1,-1,-1,-1,-1,-1,-1,-1,-1,-1,-1,-1,-1,-1,-1,-1,-1,-1,-1,-1,-1,-1,-1,-1,-1,-1,-1,-1,-1,-1,-1,-1,-1,-1,-1,115777.677
107,VNM,VietnamVietnamVietnamVietnam,-1,-1,-1,-1,-1,-1,-1,-1,-1,-1,-1,-1,-1,-1,-1,-1,-1,-1,-1,-1,-1,-1,-1,-1,-1,-1,-1,-1,-1,-1,-1,-1,-1,-1,-1,-1,-1,-1,-1,-1,-1,-1,-1,-1,-1,-1,-1,-1,-1,-1,-1,-1,-1,-1,-1,-1,-1,-1,-1,-1,-1,-1,-1,-1,-1,-1,-1,-1,-1,-1,-1,-1,-1,-1,-1,-1,-1,-1,-1,-1,-1,-1,-1,-1,-1,-1,-1,2400.0,1600.0,1100.0,1200.0,2000.0,3100.0,11400.0,12500.0,11000.0,12000.0,12260.0,11888.0,12716.0,12946.0,16500.0,22524.0,22636.0,21451.0,26235.0,30551.0,
108,ZAF,South AfricaSouth AfricaSouth AfricaSouth AfricaSouth AfricaSouth AfricaSouth AfricaSouth AfricaSouth AfricaSouth AfricaSouth AfricaSouth AfricaUnion of South AfricaUnion of South AfricaUnion of South AfricaUnion of South AfricaUnion of South AfricaUnion of South AfricaUnion of South AfricaUnion of South AfricaUnion of South Africa,8394.192,11468.608,11055.096,10360.152,8156.448,5146.04,2318.512,-1,-1,-1,7978.648,8383.016,8235.696,8819.896,9271.0,8800.592,9013.952,8626.856,10205.72,9402.064,8382.0,7868.92,10697.464,9067.8,11388.344,11305.032,10997.184,14333.728,20737.576,24582.12,22729.952,22868.128,24016.208,27003.248,29330.904,29269.944,31314.136,33981.136,33729.168,35110.928,36144.2,42307.256,44367.704,46494.192,46226.984,49543.208,50524.664,46125.384,52570.888,46368.208,55147.464,59488.832,60452.0,124655.072,127529.336,128225.296,126179.072,144200.0,148400.0,161927.0,175797.0,179111.0,178927.0,196880.0,205414.0,205745.0,190591.0,210348.0,208567.0,195643.0,212112.0,206550.0,205052.0,192936.0,197913.0,178171.0,191577.0,188368.0,193642.0,176074.0,166348.0,165213.0,182000.0,188000.0,185000.0,187800.0,162900.0,147600.0,141900.0,90000.0,89338.0,85710.0,88600.0,89500.0,97000.0,108700.0,107600.0,102600.0,96600.0,88800.0,80821.0,78697.0,77360.0,65257.0,65503.0,46900.0,52501.0,178745.9165
109,ZMB,'Northern Rhodesia'Northern Rhodesia'Northern Rhodesia'Northern Rhodesia'Northern Rhodesia'Northern Rhodesia (a)'Northern Rhodesia (d)'Northern Rhodesia (d)'Northern Rhodesia (d)'Northern Rhodesia (smelter)ZambiaZambiaZambiaZambiaZambiaZambiaZambiaZambiaZambiaZambiaZambia,59497.976,775.208,178.816,1177.544,1831.848,805.688,184.912,132.08,-1,-1,131.064,99.568,67.056,719.328,3342.64,6024.88,5553.456,6369.304,23164.8,88634.824,131493.768,160120.584,171357.544,173459.648,249822.208,254891.032,215054.688,266592.304,231906.064,250551.696,255013.968,224386.648,199327.008,191536.32,197278.752,226466.4,259067.808,297472.608,319358.264,329463.4,372663.72,397971.264,358603.296,404099.776,435712.616,400115.024,543227.768,576331.08,574706.496,562297.072,588044.544,632319.792,695709.048,623411.504,662940.0,664854.144,748080.8,684100.0,651400.0,717700.0,706574.0,697956.0,647163.0,711681.0,658788.0,654012.0,583894.0,609935.0,587442.0,529641.0,578300.0,564800.0,510800.0,512858.0,527000.0,518062.0,540079.0,545677.0,423000.0,432600.0,431500.0,384400.0,341938.0,339744.0,331235.0,378798.0,270995.0,249304.0,306909.0,307834.0,346900.0,412300.0,465002.0,515618.0,524000.0,567700.0,601200.0,767008.0,739759.0,699020.0,763805.0,710700.0,710860.0,725359.0,786731.0,851089.0,797518.0,
110,ZWE,RhodesiaRhodesiaSouthern RhodesiaSouthern RhodesiaSouthern RhodesiaSouthern RhodesiaSouthern RhodesiaSouthern RhodesiaSouthern RhodesiaSouthern RhodesiaSouthern RhodesiaSouthern RhodesiaZimbabweZimbabweZimbabweZimbabweZimbabweZimbabweZimbabweZimbabweZimbabwe,-1,917.448,3190.24,3194.304,3548.888,2951.48,2732.024,2819.4,-1,-1,2696.464,2564.384,1712.976,7.112,-1,110.744,316.992,1334.008,538.48,6.096,-1,-1,-1,10.16,-1,5.08,15.24,30.48,40.64,20.32,20.32,5.08,157.48,145.288,173.736,131.064,80.264,116.84,95.504,108.712,457.2,300.736,1076.96,1752.6,2927.096,7647.432,10900.664,13722.096,13827.76,13740.384,16771.112,16638.016,17960.848,17170.4,17960.848,19507.2,27838.4,24000.0,23300.0,31800.0,-1,32000.0,47579.0,48186.0,34767.0,33848.0,29724.0,26901.0,24583.0,24693.0,21560.0,22687.0,20700.0,20600.0,18800.0,16116.0,15800.0,14800.0,13811.0,9600.0,8187.0,9350.0,8045.0,9028.0,6832.0,5952.0,4977.0,558.0,492.0,1356.0,1374.0,2383.0,2570.0,2581.0,2681.0,2827.0,3572.0,4629.0,6555.0,6665.0,8285.0,8261.0,8218.0,9101.0,8839.0,9077.0,8700.0,
