ISO3,Country,1913,1914,1915,1916,1917,1918,1919,1920,1921,1922,1923,1924,1925,1926,1927,1928,1929,1930,1931,1932,1933,1934,1935,1936,1937,1938,1939,1940,1941,1942,1943,1944,1945,1946,1947,1948,1949,1950,1951,1952,1953,1954,1955,1956,1957,1958,1959,1960,1961,1962,1963,1964,1965,1966,1967,1968,1969,1970,1971,1972,1973,1974,1975,1976,1977,1978,1979,1980,1981,1982,1983,1984,1985,1986,1987,1988,1989,1990,1991,1992,1993,1994,1995,1996,1997,1998,1999,2000,2001,2002,2003,2004,2005,2006,2007,2008,2009,2010,2011,2012,2013,2014,2015,2016,2017,2018,2019
ARG,ArgentinaArgentinaArgentinaArgentinaArgentinaArgentinaArgentinaArgentinaArgentinaArgentinaArgentinaArgentinaArgentinaArgentinaArgentinaArgentinaArgentinaArgentinaArgentinaArgentina,1.097042083,0.0,0.0,0.662498834,0.901993717,0.777580791,0.0,0.0,0.0,0,1.9667506460000002,1.047805667,1.008771111,0.466548474,0.466548474,0.466548474,0.466548474,0.466548474,0.466548474,1.555161581,1.555161581,0.0,0.0,16.26076949,0.0,99.81027029,148.4246213,115.3618861,99.06379273,113.4023825,302.9143728,0.0,85.84491929,96.10898572,75.7488103,37.38297409,38.86103076,35.76871637,0.0,29.95079469,27.85213524,50.99959566,46.34381512,48.13054026,41.98936269,0,0,0,0,0,0,60.43752916,71.09741532,68.65030637,82.11253149,76.82436005,0.0,63.8,98.873,66.002,77.759,59.727,72.046,69.993,76.225,67.3,56.0,73.309,78.326,83.489,77.767,78.0,67.5,66.371,0.665,79.415,83.436,82.657,69.959,45.374,42.743,38.056,47.787,50.399,52.55,35.768,73.788,78.271,152.802,125.878,133.907,155.368,263.766,245.124,255.567,355.596,415.235,693.6,702.0,750.0,774.47,905.1,1175.246,1055.7,997.961,1023.768,1000.0
ARM,ArmeniaArmeniaArmeniaArmeniaSovietUnionSovietUnionSovietUnionSovietUnionSovietUnionSovietUnionSovietUnion,0.0,0.0,0.0,0.0,0.0,0.0,0.0,0.0,0.0,0,0.0,0.0,0.0,0.0,0.0,0.0,0.0,0.0,0.0,0.0,0.0,0.0,121.3026033,155.5161581,155.5161581,217.7226214,217.7226214,0.0,0.0,0.0,0.0,0.0,0.0,0.0,0.0,0.0,0.0,0.0,0.0,0.0,0.0,0.0,0.0,0.0,0.0,0,0,0,0,0,0,0.0,0.0,0.0,0.0,0.0,0.0,1182.0,1213.0,1244.0,1275.0,1300.0,1340.0,1370.0,1400.0,1430.0,1430.0,1550.0,1580.0,1595.0,1600.0,1600.0,1620.0,1600.0,1550.0,1580.0,1500.0,1380.0,1270.0,0.0,0.0,0.0,0.0,0.0,0.0,0.0,0.0,0.0,0.0,5.5,4.0,4.0,4.0,4.0,4.0,4.0,4.0,16.4,16.1,14.0,14.083,13.295,14.344,16.0,19.0,15.0,20.0
AUS,AustraliaAustraliaAustraliaAustraliaAustraliaAustraliaAustraliaAustraliaAustraliaAustraliaAustraliaAustraliaAustraliaAustraliaAustraliaAustraliaAustraliaAustraliaAustraliaAustraliaAustraliaAustralia,469.391372005,386.528475003,343.078380171,316.48079379899997,382.36073529600003,464.775465735,181.85860471,20.84333302,0.0,0,1.046281609,0.0,0.0,320.639047,361.0216167,298.4005474,313.2427918,313.3651208,209.3318093,294.2480483,336.4486952,353.242232,359.6271656,382.1975366,437.2883581,483.7186091,476.5051165,493.6697459,479.3810768,442.9663463,321.2910951,291.3043451,251.212715,281.337439,296.3248422,312.821343,306.3423533,332.1033871,335.667071,355.3815433,385.772231,430.0655656,452.7203508,453.6778638,489.5474169,0,0,0,0,0,0,573.1389381,537.4899381,587.468228,617.1503219,665.4225374,776.6787969,808.443,678.418,680.685,707.414,669.954,726.218,778.658,856.11,775.548,826.612,766.816,743.557,906.863,1042.828,970.22,1085.933,1022.761,1119.3,1134.332,1075.0,0.0,0.0,0.0,0.0,0.0,939.0,1013.0,1106.0,1474.0,1720.0,2059.0,1970.0,2077.0,1868.0,2209.0,2417.0,1727.0,1880.0,1926.0,1633.0,1879.0,1725.006,1726.933,1839.782,1847.11,0.0,0.0,0.0,0.0,0.0
AUT,AustriaAustriaAustriaAustriaAustriaAustriaAustriaAustriaAustria-Hungary,0.0,65.44452739,48.91748313,55.1366676,46.65484744,46.65484744,54.43065535,0.0,0.0,0,0.271997761,0.0,0.0,2.322447202,1.6361855,1.545146341,1.193959752,0.94696899,2.569935616,0.584274206,1.214954434,0.867780162,0.569748997,0.119685235,0.0,0.0,0.0,0.0,0.0,0.0,0.0,0.0,0.0,0.0,0.0,0.0,0.040994059,0.026997605,0.189978539,0.139995646,0.159995023,0.173991478,0.113993344,0.039998756,0.039998756,0,0,0,0,0,0,0.0,0.0,0.0,0.0,0.0,0.0,5.47,6.84,5.97,5.98,0.0,0.0,0.0,0.0,0.0,0.0,0.0,0.0,0.0,0.0,0.0,0.0,0.0,0.0,0.0,0.0,0.0,0.0,0.0,0.0,0.0,0.0,0.0,0.0,0.0,0.0,0.0,0.0,0.0,0.0,0.0,0.0,0.0,0.0,0.0,0.0,0.0,0.0,0.0,0.0,0.0,0.0,0.0,0.0,0.0,0.0
AZE,AzerbaijanAzerbaijanSovietUnionSovietUnionSovietUnionSovietUnionSovietUnionSovietUnionSovietUnion,0.0,0.0,0.0,0.0,0.0,0.0,0.0,0.0,0.0,0,0.0,0.0,0.0,0.0,0.0,0.0,0.0,0.0,0.0,0.0,0.0,0.0,121.3026033,155.5161581,155.5161581,217.7226214,217.7226214,0.0,0.0,0.0,0.0,0.0,0.0,0.0,0.0,0.0,0.0,0.0,0.0,0.0,0.0,0.0,0.0,0.0,0.0,0,0,0,0,0,0,0.0,0.0,0.0,0.0,0.0,0.0,1182.0,1213.0,1244.0,1275.0,1300.0,1340.0,1370.0,1400.0,1430.0,1430.0,1550.0,1580.0,1595.0,1600.0,1600.0,1620.0,1600.0,1550.0,1580.0,1500.0,1380.0,1270.0,0.0,0.0,0.0,0.0,0.0,0.0,0.0,0.0,0.0,0.0,0.0,0.0,0.0,0.0,0.0,0.0,0.0,0.0,1.4,4.175,0.626,2.051,0.97,0.89,5.136,8.076,8.943,8.16
BEL,Belgium,0.0,253.9321016,141.5855805,33.64893782,41.0587229,10.48965818,4.899847594,6.606792946,0.0,0,0.0,0.0,0.0,0.0,0.0,0.0,0.0,0.0,0.0,0.0,0.0,0.0,0.0,0.0,0.0,0.0,0.0,0.0,0.0,0.0,0.0,0.0,0.0,0.0,0.0,0.0,0.0,0.0,0.0,0.0,0.0,0.0,0.0,0.0,0.0,0,0,0,0,0,0,0.0,0.0,0.0,0.0,0.0,0.0,0.0,0.0,0.0,0.0,0.0,0.0,0.0,0.0,0.0,0.0,0.0,0.0,0.0,0.0,0.0,0.0,0.0,0.0,0.0,0.0,0.0,0.0,0.0,0.0,0.0,0.0,0.0,0.0,0.0,0.0,0.0,0.0,0.0,0.0,0.0,0.0,0.0,0.0,0.0,0.0,0.0,0.0,0.0,0.0,0.0,0.0,0.0,0.0,0.0,0.0
BFA,BurkinaFasoBurkinaFaso,0.0,0.0,0.0,0.0,0.0,0.0,0.0,0.0,0.0,0,0.0,0.0,0.0,0.0,0.0,0.0,0.0,0.0,0.0,0.0,0.0,0.0,0.0,0.0,0.0,0.0,0.0,0.0,0.0,0.0,0.0,0.0,0.0,0.0,0.0,0.0,0.0,0.0,0.0,0.0,0.0,0.0,0.0,0.0,0.0,0,0,0,0,0,0,0.0,0.0,0.0,0.0,0.0,0.0,0.0,0.0,0.0,0.0,0.0,0.0,0.0,0.0,0.0,0.0,0.0,0.0,0.0,0.0,0.0,0.0,0.0,0.0,0.0,0.0,0.0,0.0,0.0,0.0,0.0,0.0,0.0,0.0,0.0,0.0,0.0,0.0,0.0,0.0,0.0,0.0,0.0,0.0,0.0,0.0,0.0,0.0,0.0,31.32,60.0,5.5,5.8,7.0,8.0,7.7
BGR,BulgariaBulgariaBulgariaBulgariaBulgariaBulgariaBulgariaBulgariaBulgariaBulgariaBulgaria,0.0,0.0,0.0,0.0,0.0,0.0,0.0,0.0,0.0,0,0.0,0.0,0.0,0.0,0.0,0.0,0.0,0.0,0.0,0.0,0.0,0.0,0.573979036,0.0,0.0,0.404342011,0.0,0.0,0.0,0.0,0.0,0.0,0.0,0.0,0.0,0.0,0.0,0.0,0.0,0.0,0.0,0.0,0.0,0.0,0.0,0,0,0,0,0,0,0.0,0.0,0.0,0.0,0.0,0.0,0.0,0.0,0.0,0.0,0.0,25.0,28.0,25.0,28.0,25.0,24.0,23.0,0.0,25.0,26.0,26.0,26.0,26.0,24.5,20.0,54.0,37.3,33.0,30.0,29.0,29.0,48.77,31.53,23.79,25.0,54.534,56.806,60.0,60.0,60.0,55.0,65.0,55.0,55.0,55.0,55.0,55.0,55.0,55.0,55.0,37.955,52.526,53.053,41.315,35.145
BIH,JugoslaviaJugoslaviaJugoslaviaYugoslaviaYugoslaviaYugoslaviaYugoslaviaYugoslaviaYugoslaviaYugoslaviaYugoslaviaYugoslaviaYugoslaviaYugoslaviaYugoslavia,0.0,0.0,0.0,0.0,0.0,0.0,0.0,0.0,0.0,0,0.763957575,0.971975988,0.0,1.399956455,1.673353861,0.0,2.48825853,2.394948835,2.48825853,62.76943174,63.91714099,68.92476128,54.53929893,55.53727722,69.7488414,76.20291748,71.53743274,0.0,0.0,0.0,0.0,0.0,0.0,0.0,0.0,0.0,0.0,74.21231066,94.30499829,80.15436534,94.80324096,88.00329694,92.79925974,85.84532363,80.54934528,0,0,0,0,0,0,106.0131567,132.7649218,114.0010886,107.5461416,94.02824173,107.5091288,106.271,104.307,101.0,106.0,121.0,143.595,144.0,145.5,159.4,162.0,148.791,137.516,103.976,124.0,128.0,156.451,177.446,151.129,138.957,133.018,105.3,0.0,66.42,25.144,18.0,31.054,68.805,42.64,34.474,7.643,0.0,0.0,0.0,0.0,0.0,0.0,0.0,0.0,0.0,0.0,0.0,0.0,0.0,0.0,0.0,0.0,0.0,0.0,0.0,0.0
BLR,SovietUnionSovietUnionSovietUnionSovietUnionSovietUnionSovietUnionSovietUnion,0.0,0.0,0.0,0.0,0.0,0.0,0.0,0.0,0.0,0,0.0,0.0,0.0,0.0,0.0,0.0,0.0,0.0,0.0,0.0,0.0,0.0,121.3026033,155.5161581,155.5161581,217.7226214,217.7226214,0.0,0.0,0.0,0.0,0.0,0.0,0.0,0.0,0.0,0.0,0.0,0.0,0.0,0.0,0.0,0.0,0.0,0.0,0,0,0,0,0,0,0.0,0.0,0.0,0.0,0.0,0.0,1182.0,1213.0,1244.0,1275.0,1300.0,1340.0,1370.0,1400.0,1430.0,1430.0,1550.0,1580.0,1595.0,1600.0,1600.0,1620.0,1600.0,1550.0,1580.0,1500.0,1380.0,1270.0,0.0,0.0,0.0,0.0,0.0,0.0,0.0,0.0,0.0,0.0,0.0,0.0,0.0,0.0,0.0,0.0,0.0,0.0,0.0,0.0,0.0,0.0,0.0,0.0,0.0,0.0,0.0,0.0
BOL,BoliviaBoliviaBoliviaBoliviaBoliviaBoliviaBoliviaBoliviaBoliviaBoliviaBoliviaBoliviaBoliviaBoliviaBoliviaBoliviaBoliviaBoliviaBoliviaBolivia,93.0634817,71.53743274,77.00799353,77.61189388,75.74258966,0.0,0.0,0.0,0.0,0,162.156293736,141.05750985999998,145.3454014,181.4663619,168.045784,175.3835339,193.2919971,220.5530155,179.5374016,127.9970141,170.1057199,162.2399614,247.3123075,333.5199527,293.9877453,198.0031725,225.2185002,174.9867811,228.5776492,252.589344,227.0535909,211.4397686,207.8803459,189.9214643,194.8774533,235.209107,206.4413549,204.2523716,223.0792199,219.7632422,211.1113185,156.8747473,181.9925352,234.6211315,167.181674,0,0,0,0,0,0,149.6368076,127.971976,143.4768436,132.1779416,148.3624149,188.9832354,180.0,172.0,157.0,164.277,192.8,155.702,176.914,183.098,200.284,178.592,189.715,205.332,186.738,187.403,141.8,111.352,95.107,141.772,231.766,267.305,310.543,337.01,282.35,332.768,352.083,425.053,384.384,387.2,403.961,422.5,433.59,409.72,460.9,466.3,413.98,420.3,472.21,525.0,1114.0,1325.73,1259.0,1215.586,1206.0,1287.2,1345.022,1306.977,1356.62,1222.371,1191.024,1153.11
BRA,BrazilBrazilBrazilBrazilBrazilBrazilBrazilBrazilBrazilBrazilBrazilBrazilBrazilBrazilBrazilBrazilBrazilBrazilBrazilBrazil,0.882212062,2.385151317,0.669434854,0.684271096,0.777580791,0.777580791,0.0,0.0,0.0,0,1.085347268,8.192746726,0.163820721,0.642966004,0.622064633,0.0,0.653976548,0.622064633,0.0,0.673011726,0.727597897,0.692824484,0.647973624,0.742962894,0.0,0.795962801,0.858262573,0.768063202,0.658455414,0.800379459,0.934589904,0.893347019,0.882803023,0.683182483,0.631115673,0.717986999,0.654443097,0.657988865,0.631986563,5.978943112,6.591956704,3.932972536,4.357967093,3.856956238,6.220646325,0,0,0,0,0,0,9.498926939,7.085316164,6.917358714,14.88911698,14.43189947,0.0,11.108,19.408,9.942,10.2,6.69,7.323,0.626,11.583,15.723,9.95,24.394,19.3,23.625,15.112,25.108,55.263,59.514,61.095,89.742,64.0,60.0,50.0,50.0,52.5,52.5,13.0,12.0,10.0,10.0,10.0,10.0,10.0,10.0,6.496,6.192,6.672,10.0,18.62,19.0,19.0,14.63,15.238,20.145,22.427,22.0,44.142,48.793,41.9,49.6,50.0
BWA,BechuanalandBechuanalandBechuanalandBechuanalandBechuanalandBechuanalandBechuanalandBechuanalandBechuanalandBotswanaBotswanaBotswana,0.0,0.0,0.0,0.0,0.017386706,0.003483562,0.0,0.0,0.0,0,29.43908432,22.7844235,21.98998476,0.014214177,0.004883207,0.004385556,0.004603278,0.013498803,0.042362601,0.052129016,0.01934621,0.029765793,0.054710584,0.042860253,0.046623744,0.035053342,0.025286927,0.037541601,0.02954807,0.039407794,0.037945943,0.041025163,0.038474698,0.052999907,0.033622593,0.007247053,0.000839787,0.001213026,0.002177226,0.008771111,0.014431899,0.009082144,0.005878511,0.006687195,0.001088613,0,0,0,0,0,0,3.11032e-05,0.0,0.0,0.0,0.0,0.0,0.0,0.0,0.0,0.0,0.0,0.0,0.0,0.0,0.0,0.0,0.0,0.0,0.0,0.0,0.0,0.0,0.0,0.0,0.0,0.0,0.0,0.0,0.0,0.0,0.0,0.0,0.0,0.0,0.0,0.0,0.0,0.0,0.0,0.0,0.0,0.0,0.0,0.0,0.0,0.0,0.0,0.0,8.7,22.597,22.288,2.801,0.0,0.0,0.0,0.0
CAN,AlbertaandNewBrunswickBritishColombiaCanadaCanadaCanadaCanadaCanadaCanadaCanadaCanadaCanadaCanadaCanadaCanadaCanadaCanadaCanadaCanadaCanadaCanadaCanadaCanadaCapeProvinceManitobaNewfoundlandNewfoundlandNewfoundlandNewfoundlandNewfoundlandOntarioQuebecYukon,990.507387101,884.881372238,828.153649975,791.8802214809999,691.1534322360001,665.1108519449999,498.29420546,397.920469059,0.0,0,14.178097101,23.48595689,28.54072968,695.8391341,707.1847843,682.293148,719.8302075,822.4883518,639.4269541,612.17085008,509.97573951,544.8780130800001,551.85079784,609.1244129300001,759.70850052,742.27193553,764.6661068300001,787.80174803,728.1743958100001,678.08827095,578.62203357,460.02659325,436.03729275,424.61904758,418.65167490000005,528.51373204,548.707443,722.2615471,754.0962645,784.4927685,880.2007714,967.8687755,870.3991789,884.3223228,937.4030979,0,0,0,0,0,0,930.0678361,1003.777923,1037.672483,1129.519735,1400.043451,1340.330814,1376.386,1431.526,1393.226,1477.063,1331.562,1234.642,1281.437,1313.685,1266.927,1184.0,1069.635,1129.394,1313.63,1197.031,1306.373,1197.072,1087.989,1452.0,1484.0,1371.0,1501.451,1338.799,1215.388,895.837,774.506,1284.757,1308.758,1223.953,1195.943,1231.302,1212.386,1320.03,1407.558,1310.153,1335.827,1123.837,995.024,860.449,755.103,630.897,591.482,661.089,685.255,640.362,493.087,383.807,385.134,389.568,404.0,410.0
CHL,ChileChileChileChileChileChileChileChileChileChileChileChileChileChileChileChileChileChileChileChile,29.25290038,27.44586483,25.23877951,47.44147927,53.38558676,134.8325091,0.0,0.0,0.0,0,104.055052753,94.34309975,0.0,101.1315667,46.7940655,0.0,48.8411869,23.65291904,11.58163043,2.283661472,7.933750117,32.75397344,40.39454449,46.59665329,55.5572766,42.7834282,36.76504619,46.85232186,38.83935181,28.19137818,31.3109079,30.99586327,25.67378931,17.33485739,23.73580915,26.80980374,24.87244565,23.09380735,30.58974837,44.02771298,46.58763336,51.163603,55.13057137,59.76451743,48.3946067,0,0,0,0,0,0,87.11393114,92.44701564,112.2814842,95.34708096,116.3050605,97.43920873,74.42,84.897,145.849,156.608,172.53,193.96,228.35,263.179,255.374,271.836,298.545,361.107,382.188,468.276,490.365,517.333,500.077,499.761,506.501,545.412,654.603,676.339,1024.823,970.068,959.21,1041.098,1147.002,1091.311,1340.199,1379.853,1242.194,1348.667,1210.473,1312.789,1360.14,1399.539,1607.164,1936.465,1405.02,1301.018,1286.688,1291.272,1194.521,1173.845,1571.788,1504.271,1501.436,1318.582,1370.237,1309.321
CHN,ChinaChinaChinaChinaChinaChinaChinaChinaChinaChinaChinaChinaChinaChinaChinaChinaChinaChinaManchoukuoManchuriac,0.0,3.332866785,0.567011913,0.933096949,1.987496501,2.177226214,0.0,1.244129265,0.0,0,7.5257379239999995,0.0,0.0,4.043420111,3.110323163,0.0,3.607974869,4.509968586,5.785201082,4.167833038,3.794594258,0.0,4.774252744999999,4.665484744,0.0,4.758794439,4.665484744,0.0,0.0,0.0,0.0,0.0,0.0,0.0,0.0,0.0,0.0,0.0,0.0,0.0,0.0,0.0,0.0,0.0,0.0,0,0,0,0,0,0,24.8825853,24.8825853,24.8825853,24.8825853,24.8825853,24.8825853,25.0,30.0,30.0,40.0,40.0,30.0,30.0,31.0,46.6,62.2,60.0,65.0,70.0,80.0,90.0,100.0,105.0,125.0,145.0,165.0,150.0,180.0,200.0,220.0,225.0,910.0,1140.0,1300.0,1299.0,1378.714,1569.145,2013.25,2200.0,2400.0,2450.0,2500.0,2600.0,2700.0,2800.0,2900.0,3085.441,3231.626,3639.1,3670.21,3567.568,3421.355,3496.003,3601.8,3421.355,3443.128
CIV,IvoryCoastIvoryCoast,0.0,0.0,0.0,0.0,0.0,0.0,0.0,0.0,0.0,0,0.0,0.0,0.0,0.0,0.0,0.0,0.0,0.0,0.0,0.0,0.0,0.0,0.0,0.0,0.0,0.0,0.0,0.0,0.0,0.0,0.0,0.0,0.0,0.0,0.0,0.0,0.0,0.0,0.0,0.0,0.0,0.0,0.0,0.0,0.0,0,0,0,0,0,0,0.0,0.0,0.0,0.0,0.0,0.0,0.0,0.0,0.0,0.0,0.0,0.0,0.0,0.0,0.0,0.0,0.0,0.0,0.0,0.0,0.0,0.0,0.0,0.0,0.0,0.0,0.0,0.0,0.0,0.0,0.0,0.0,0.0,0.0,0.0,0.0,0.0,0.0,0.0,0.0,0.0,0.0,0.0,0.0,0.0,0.0,0.0,0.098,0.41,0.572,0.585,0.587,0.549,0.493,0.137,0.0
COD,"BelgianCongoBelgianCongoBelgianCongoBelgianCongoBelgianCongoBelgianCongoBelgianCongoCongo,DemocraticRepublicCongo,DemocraticRepublicCongo,DemocraticRepublicCongo,DemocraticRepublicZaireZaireZaireZaireZaire",0.0,0.045224099,0.148362415,0.148362415,0.342135548,0.320363286,0.326583932,0.0,0.0,0,0.271997761,0.0,0.0,0.0,0.0,0.0,0.0,0.0,0.0,58.713166,82.31936798,105.7367111,118.0023327,86.51230133,92.12114709,97.10428914,64.35258623,110.0121303,107.9904202,121.9868744,97.01097944,85.00513203,128.9851016,157.0091132,125.9991913,118.3670492,141.4979316,138.6986408,118.0389412,147.0328139,153.9920998,140.990949,126.9944947,118.0056608,94.7093403,0,0,0,0,0,0,0.0,0.0,0.0,0.0,0.0,0.0,61.404,45.73,64.637,62.052,52.693,88.99,80.562,110.34,113.544,111.71,78.756,80.119,59.176,39.501,38.0,42.772,34.328,36.767,45.0,46.6,84.0,50.0,35.0,10.0,0.0,0.0,0.0,0.0,0.0,0.0,0.5,0.5,2.1,35.7,69.7,53.6,67.6,76.2,34.1,0.0,5.875,9.187,12.342,60.431,6.485,2.401,0.8,3.4,3.4,3.4
COG,CongoRepublic,0.0,0.0,0.0,0.0,0.0,0.0,0.0,0.0,0.0,0,0.0,0.0,0.0,0.0,0.0,0.0,0.0,0.0,0.0,0.0,0.0,0.0,0.0,0.0,0.0,0.0,0.0,0.0,0.0,0.0,0.0,0.0,0.0,0.0,0.0,0.0,0.0,0.0,0.0,0.0,0.0,0.0,0.0,0.0,0.0,0,0,0,0,0,0,46.04211378,47.84921153,57.58452303,57.22372555,66.53292277,61.70150229,0.0,0.0,0.0,0.0,0.0,0.0,0.0,0.0,0.0,0.0,0.0,0.0,0.0,0.0,0.0,0.0,0.0,0.0,0.0,0.0,0.0,0.0,0.0,0.0,0.0,0.0,0.0,0.0,0.0,0.0,0.0,0.0,0.0,0.0,0.0,0.0,0.0,0.0,0.0,0.0,0.0,0.0,0.0,0.0,0.0,0.0,0.0,0.0,0.0,0.0
COL,ColombiaColombiaColombiaColombiaColombiaColombiaColombiaColombiaColombiaColombiaColombiaColombiaColombiaColombiaColombiaColombiaColombiaColombiaColombiaColombia,18.27884047,10.92566328,10.88613107,9.623339865,10.10855028,10.10855028,0.0,0.0,0.0,0,4.827532581,8.711704146,4.749618985,0.087089049,0.0,0.0,1.625734814,0.0,0.0,2.612671457,3.359304532,0.0,4.135641193,4.712170695,5.224440919,5.999160213,7.547136948,8.096482225,8.432552642,7.660134988,6.53012348,6.137382974,5.247084072,4.747939411,3.447171161,3.381418929,3.31790613,3.611209605,4.044291002,3.830829523,3.650990638,3.500171068,3.484681658,3.444029735,3.312307549,0,0,0,0,0,0,4.054399552,3.528692731,3.320487699,3.423221673,3.084569687,2.366489378,2.351,2.074,2.167,2.357,2.3,2.727,3.288,2.833,2.388,3.0,4.714,4.44,4.232,4.118,4.773,4.768,5.822,5.198,0.562,6.847,6.631,8.037,8.292,7.328,5.817,5.915,6.407,3.515,5.218,7.593,7.97,7.242,6.986,9.511,8.539,7.142,8.399,9.766,9.162,10.827,15.3,24.045,19.368,13.968,11.498,11.602,11.866,12.076,16.684,12.706
CRI,CostaRicaCostaRicaCostaRicaCostaRicaCostaRicac,0.0,0.0,0.0,0.0,0.0,0.0,0.0,0.0,0.0,0,0.0,0.0,0.0,0.0,0.0,0.0,0.03474231,0.0,0.0,0.0,0.0,0.0,0.0,0.0,0.0,0.0,0.311032316,0.248825853,0.37323878,0.18661939,0.037323878,0.108861311,0.043544524,0.018661939,0.046654847,0.093309695,0.021772262,0.006220646,0.0,0.0,0.0,0.0,0.0,0.002488259,0.0,0,0,0,0,0,0,0.0,0.0,0.0,0.0,0.0,0.0,0.0,0.0,0.0,0.0,0.0,0.0,0.0,0.0,0.0,0.0,0.0,0.0,0.0,0.0,0.0,0.0,0.0,0.0,0.0,0.0,0.0,0.0,0.0,0.0,0.0,0.0,0.0,0.0,0.0,0.0,0.0,0.0,0.0,0.0,0.0,0.196,0.486,0.331,0.0,0.0,0.0,0.0,0.0,0.0,0.0,0.0,0.0,0.0,0.0,0.0
CUB,CubaCubaCuba,0.0,0.0,0.0,0.0,0.0,0.0,0.0,0.0,0.0,0,0.0,0.0,0.0,0.0,0.0,0.0,0.0,0.0,0.0,0.0,0.0,0.0,0.0,0.0,0.0,3.879101739,3.200989083,1.425647725,0.844452739,1.127118908,4.429722248,1.336972411,3.334110914,3.957015334,4.570060029,5.760816149,4.895990793,6.898043607,0.0,5.076389537,5.222077074,5.108239246,8.069422413,8.839600635,7.860657522,0,0,0,0,0,0,0.0,0.0,0.0,0.0,0.0,0.0,0.0,0.0,0.0,0.0,0.0,0.0,0.0,0.0,0.0,0.0,0.0,0.0,0.0,0.0,0.0,0.0,0.0,0.0,0.0,0.0,0.0,0.0,0.0,0.0,0.0,0.0,0.0,0.0,0.0,0.0,0.0,0.0,0.0,0.0,0.0,0.0,0.0,0.0,0.0,0.0,0.0,0.0,0.0,0.0,0.0,0.0,0.0,0.0,0.0,0.0
CYP,CyprusCyprusCyprusCyprusb,0.0,0.0,0.0,0.0,0.0,0.0,0.0,0.0,0.0,0,0.0,0.0,0.0,0.0,0.0,0.0,0.0,0.0,0.0,0.0,0.0,0.0,1.385213524,3.909800628,4.135734503,6.211906317,3.241641007,2.023887282,3.155764984,1.199993779,0.537526049,0.151845977,0.0,0.0,0.002705981,0.0,0.0,0.0,0.0,0.0,0.0,0.0,0.0,0.0,0.0,0,0,0,0,0,0,0.0,0.0,0.0,0.0,0.0,0.0,0.0,0.0,0.0,0.0,0.0,0.0,0.0,0.0,0.0,0.0,0.0,0.0,0.0,0.0,0.0,0.0,0.0,0.0,0.0,0.0,0.0,0.0,0.0,0.0,0.0,0.0,0.0,0.0,0.0,0.0,0.0,0.0,0.0,0.0,0.0,0.0,0.0,0.0,0.0,0.0,0.0,0.0,0.0,0.0,0.0,0.0,0.0,0.099,0.18,0.097
CZE,CzechoslovakiaCzechoslovakiaCzechoslovakiaCzechoslovakiaCzechoslovakiaCzechoslovakiaCzechoslovakiaCzechoslovakiaCzechoslovakiaCzechoslovakiaCzechoslovakiaCzechoslovakiaCzechoslovakiaCzechoslovakia,0.0,0.0,0.0,0.0,0.0,0.0,0.0,0.0,0.0,0,2824.511151,2844.015552,2889.029144,23.4716494,32.45699978,34.30695779,40.50492986,45.69077167,38.31227645,32.96846132,30.50343691,29.08152157,31.9941837,31.22335231,32.03632857,31.10323163,25.03810146,27.05981151,25.03810146,23.0163914,23.0163914,20.99468135,9.330969488,18.66193898,43.54452428,49.7651706,0.0,0.0,0.0,50.01399645,50.01399645,50.01399645,50.01399645,50.01399645,50.01399645,0,0,0,0,0,0,74.6477559,74.6477559,74.6477559,74.6477559,74.6477559,74.6477559,35.0,35.0,35.0,35.0,35.0,37.0,37.0,37.0,36.0,35.0,5.0,35.0,33.0,30.0,32.0,32.0,33.0,34.0,25.0,20.0,26.0,28.0,20.0,0.0,0.0,0.0,0.0,0.0,0.0,0.0,0.0,0.0,0.0,0.0,0.0,0.0,0.0,0.0,0.0,0.0,0.0,0.0,0.0,0.0,0.0,0.0,0.0,0.0,0.0,0.0
CentralAmerica,CentralAmericaCentralAmericaCentralAmerica,0.0,66.42533669,85.6852975,90.83686355,80.94616031,73.69910734,90.19937171,0.0,0.0,0,62.20646325,62.20646325,62.20646325,62.20646325,62.20646325,62.20646325,0.0,0.0,0.0,0.0,0.0,0.0,0.0,0.0,0.0,0.0,0.0,0.0,0.0,0.0,0.0,0.0,0.0,0.0,0.0,0.0,0.0,0.0,0.0,0.0,0.0,0.0,0.0,0.0,0.0,0,0,0,0,0,0,0.0,0.0,0.0,0.0,0.0,0.0,0.0,0.0,0.0,0.0,0.0,0.0,0.0,0.0,0.0,0.0,0.0,0.0,0.0,0.0,0.0,0.0,0.0,0.0,0.0,0.0,0.0,0.0,0.0,0.0,0.0,0.0,0.0,0.0,0.0,0.0,0.0,0.0,0.0,0.0,0.0,0.0,0.0,0.0,0.0,0.0,0.0,0.0,0.0,0.0,0.0,0.0,0.0,0.0,0.0,0.0
DEU,"GermanDemocraticRepublicGermanDemocraticRepublicGermanDemocraticRepublicGermanDemocraticRepublicGermanDemocraticRepublicGermanyGermanyGermanyGermanyGermanyGermanyGermanyGermanyEastdGermanyEastgGermanyFederalGermanyFederalGermanyFederalGermany,FederalRepublicofGermany,FederalRepublicofGermany,FederalRepublicofGermany,FederalRepublicofGermany,FederalRepublicof",0.0,765.7761811,651.0797487,349.3891325,0.0,0.0,0.0,0.0,0.0,0,62.20646325,62.20646325,62.20646325,166.6809119,164.6428727,162.3849647,171.4616653,170.6146932,105.240739,186.4171876,196.5941961,173.1856241,194.6346925,203.4586794,0.0,217.7226214,199.0606824,195.9503592,177.2884203,174.1780971,0.0,0.0,0.0,0.0,0.0,26.9807782,49.82059656,50.91959815,56.60654412,168.40222702,211.98519489,214.61994959999998,209.20397498,208.31000589,206.3379988,0,0,0,0,0,0,213.44903735000003,211.25936984,210.97944076000002,212.19557712000002,204.32645952000001,201.68710149000003,131.424,133.209,124.628,104.971,98.12,88.6,82.0,83.0,74.9,80.3,84.7,84.3,84.7,79.3,78.1,95.3,87.5,60.9,80.0,68.5,28.0,7.2,1.8,1.8,1.8,0.0,0.0,0.0,0.0,0.0,0.0,0.0,0.0,0.0,0.0,0.0,0.0,0.0,0.0,0.0,0.0,0.0,0.0,0.0,0.0,0.0,0.0,0.0,0.0,0.0
DOM,DominicanRepublicDominicanRepublicDominicanRepublicDominicanRepublicDominicanRepublicDominicanRepublicDominicanRepublicDominicanRepublic,0.0,0.0,0.0,0.0,0.0,0.0,0.0,0.0,0.0,0,0.0,0.0,0.0,0.0,0.0,0.0,0.0,0.0,0.0,0.0,0.0,0.0,0.0,0.0,0.0,0.0,0.0,0.0,0.0,0.0,0.0,0.0,0.0,0.0,0.0,0.0,0.0,0.0,0.0,0.0,0.0,0.0,0.0,0.0,0.0,0,0,0,0,0,0,0.0,0.0,0.0,0.0,0.0,0.0,0.0,0.0,0.0,0.0,0.0,3.39,28.212,42.216,57.343,70.249,50.48,63.255,68.357,41.342,37.995,49.184,42.185,33.995,44.153,21.786,22.861,21.955,14.878,1.664,9.29,21.066,17.018,12.407,7.409,3.14,0.0,0.0,0.0,0.0,0.0,0.0,0.0,0.0,0.0,18.973,22.816,18.169,27.296,78.228,127.712,95.705,121.748,151.756,166.499,108.685
DZA,AlgeriaAlgeriaAlgeriaAlgeriaAlgeriaAlgeriaAlgeriaAlgeriaAlgeriaAlgeriaAlgeriaAlgeriaAlgeriaAlgeriaAlgeriaAlgeriaAlgeriaAlgeriaAlgeria,0.0,0.0,0.0,0.0,0.0,0.0,0.0,0.0,0.0,0,4.443874219,0.0,0.0,6.553793039,5.183851202,3.62088271,4.062859631,4.013623215,0.0,1.829958633,0.849118223,1.15081957,1.446953438,2.038661317,2.244937949,3.985972443,3.515971509,1.480980374,1.399645423,0.569189139,0.47998507,1.511990296,0.456004479,1.244004852,1.499984448,0.925010109,0.0,0.0,0.0,0.0,1.499175764,1.800877111,1.900407452,1.866193898,1.866193898,0,0,0,0,0,0,9.019937171,10.57509875,9.330969488,4.97651706,9.019937171,8.086840223,3.0,6.221,6.843,4.883,6.2,0.732,2.5,1.25,3.1,0.1,3.1,3.4,3.4,3.7,3.7,3.7,3.7,0.7,3.0,0.0,2.0,3.5,3.5,3.0,3.0,2.0,1.6,1.5,1.5,1.5,1.5,1.5,1.4,0.5,0.1,0.8,0.5,0.5,0.114,0.2,0.147,0.07,0.042,0.027,0.016,0.02,0.02,0.02,0.1,0.1
ECU,EcuadorEcuadorEcuadorEcuadorEcuadorEcuadorEcuadorEcuadorEcuadorEcuadorEcuadorEcuadorEcuadoraEcuadorbEcuadorestimated,0.70423937,0.520232652,0.766850176,0.933096949,1.399645423,1.244129265,0.0,0.0,0.0,0,2.332742372,2.177226214,2.457466331,2.86149731,2.737084383,0.0,3.001803987,3.300892663,0.0,3.550962645,3.52088582,0.0,2.49653199,2.314391465,0.0,2.549656309,3.250878666,5.358837983,8.532705048,8.147336008,11.25977419,11.71238842,7.961338683,7.908649809,4.170943361,6.401045069,8.612484837,8.49740288,0.0,2.55668564,2.693539859,1.09172343,1.477403502,9.144350098,1.082392461,0,0,0,0,0,0,3.642997107,2.176168704,2.385928898,2.477590122,4.23638456,1.104164723,2.17,2.253,2.146,2.364,1.098,1.152,1.471,1.776,1.991,2.2,0.9,1.0,0.313,0.098,0.1,0.0,0.0,0.0,0.0,0.0,0.0,0.0,0.0,0.0,0.0,0.0,0.0,0.0,0.0,0.0,0.0,0.0,0.0,0.0,0.0,0.0,0.0,0.0,0.0,0.0,1.169,1.589,2.934,1.198,0.577,2.521,0.934,0.068,0.192,0.2
EGY,Egypt,0.0,0.038039252,0.051538055,0.037323878,0.027992908,0.024882585,0.0,0.0,0.0,0,0.0,0.0,0.0,0.0,0.0,0.0,0.0,0.0,0.0,0.0,0.0,0.0,0.0,0.0,0.0,0.0,0.0,0.0,0.0,0.0,0.0,0.0,0.0,0.0,0.0,0.0,0.0,0.0,0.0,0.0,0.0,0.0,0.0,0.0,0.0,0,0,0,0,0,0,0.0,0.0,0.0,0.0,0.0,0.0,0.0,0.0,0.0,0.0,0.0,0.0,0.0,0.0,0.0,0.0,0.0,0.0,0.0,0.0,0.0,0.0,0.0,0.0,0.0,0.0,0.0,0.0,0.0,0.0,0.0,0.0,0.0,0.0,0.0,0.0,0.0,0.0,0.0,0.0,0.0,0.0,0.0,0.0,0.0,0.0,0.0,0.0,0.0,0.0,0.0,0.0,0.0,0.0,0.0,0.0
ERI,EritreaEritrea,0.0,0.0,0.0,0.0,0.0,0.0,0.0,0.0,0.0,0,0.0,0.0,0.0,0.0,0.0,0.0,0.0,0.0,0.0,0.0,0.0,0.0,0.0,0.0,0.0,0.0,0.0,0.0,0.0,0.0,0.0,0.0,0.0,0.0,0.0,0.0,0.0,0.0,0.0,0.0,0.0,0.0,0.0,0.0,0.0,0,0,0,0,0,0,0.0,0.0,0.0,0.0,0.0,0.0,0.0,0.0,0.0,0.0,0.0,0.0,0.0,0.0,0.0,0.0,0.0,0.0,0.0,0.0,0.0,0.0,0.0,0.0,0.0,0.0,0.0,0.0,0.0,0.0,0.0,0.0,0.0,0.0,0.0,0.0,0.0,0.0,0.0,0.0,0.0,0.0,0.0,0.0,0.0,0.0,0.0,4.417,29.922,15.799,47.398,38.91,13.219,1.192,31.0,44.836
ESP,SpainSpainSpainSpainSpainSpainSpainSpainSpainSpainSpainSpainSpainSpainSpainSpainSpainSpainSpainSpaina,0.0,125.3897857,134.5108084,141.9985693,140.5166247,114.3384343,98.98491493,82.92868029,0.0,0,88.3975304,89.57621847,0.0,93.3300986,95.06904917,0.0,82.71042891,87.6852664,34.64993313,104.9527231,91.11716587,0.0,45.09968586,0.0,0.0,7.391931822,9.532922771,32.66974589,14.16189232,4.46996983,20.41637896,24.1983142,0.0,20.80784424,19.8498336,11.5563124,15.99586327,18.22456533,18.95182109,25.75580853,37.60769494,40.82367578,45.83462412,43.63164443,41.85667631,0,0,0,0,0,0,71.53743274,62.20646325,62.98404404,68.98696775,74.6477559,74.6477559,51.0,113.85,72.6,72.7,90.0,107.218,115.152,92.256,90.991,97.3,184.643,218.089,116.176,214.94,289.624,366.939,342.389,522.208,530.0,530.0,270.0,180.0,160.0,180.0,132.0,175.73,204.015,142.52,99.91,0.0,114.537,55.0,12.792,2.173,3.581,5.227,2.369,0.0,0.0,0.0,20.8,29.9,32.943,31.0,31.0,27.3,17.6,98.6,87.78,77.501
EST,SovietUnionSovietUnionSovietUnionSovietUnionSovietUnionSovietUnionSovietUnion,0.0,0.0,0.0,0.0,0.0,0.0,0.0,0.0,0.0,0,0.0,0.0,0.0,0.0,0.0,0.0,0.0,0.0,0.0,0.0,0.0,0.0,121.3026033,155.5161581,155.5161581,217.7226214,217.7226214,0.0,0.0,0.0,0.0,0.0,0.0,0.0,0.0,0.0,0.0,0.0,0.0,0.0,0.0,0.0,0.0,0.0,0.0,0,0,0,0,0,0,0.0,0.0,0.0,0.0,0.0,0.0,1182.0,1213.0,1244.0,1275.0,1300.0,1340.0,1370.0,1400.0,1430.0,1430.0,1550.0,1580.0,1595.0,1600.0,1600.0,1620.0,1600.0,1550.0,1580.0,1500.0,1380.0,1270.0,0.0,0.0,0.0,0.0,0.0,0.0,0.0,0.0,0.0,0.0,0.0,0.0,0.0,0.0,0.0,0.0,0.0,0.0,0.0,0.0,0.0,0.0,0.0,0.0,0.0,0.0,0.0,0.0
ETH,EthiopiabEthiopiabEthiopiabEthiopiac,0.0,0.0,0.0,0.0,0.0,0.0,0.0,0.0,0.0,0,0.0,0.0,0.0,0.0,0.0,0.0,0.0,0.0,0.0,0.0,0.0,0.0,0.0,0.0,0.0,0.0,0.0,0.0,0.0,0.0,0.0,0.0,0.0,0.0,0.0,0.0,0.0,0.0,0.0,0.0,0.0,0.0,0.0,0.0,0.0,0,0,0,0,0,0,0.0,0.0,0.0,0.0,0.0,0.0,0.0,0.0,0.0,0.0,0.0,0.0,0.0,0.0,0.0,0.0,0.0,0.0,0.0,0.0,0.0,0.0,0.0,0.0,0.0,0.0,0.0,0.0,0.0,0.0,0.0,0.0,0.0,0.0,0.0,0.0,1.018,3.545,0.9,0.999,1.133,0.883,0.902,0.9,2.714,0.771,0.771,0.715,2.4,1.4,1.0,1.0,0.745,1.0,1.0,1.0
FIN,FinlandFinlandFinlandFinlandFinlandFinlandFinlandFinlandFinlandFinlandFinlandFinlandFinlandFinlanda,0.0,0.0,0.0,0.0,0.0,0.0,0.0,0.0,0.0,0,0.0,0.0,0.0,0.0,0.0,0.0,0.0,0.0,0.0,0.0,0.0,0.0,1.867935679,1.825946316,1.714938882,1.803987434,1.866193898,0.0,0.0,0.0,0.0,0.0,1.029983515,4.360953003,5.872943299,5.212963827,5.226151597,3.605984262,4.891947373,4.667973002,7.333955398,7.447948742,6.984946036,9.904917421,11.61991851,0,0,0,0,0,0,18.90784112,18.10786601,16.17688408,19.3773133,21.05688781,19.43784019,23.009,19.367,19.444,24.676,25.215,23.16,24.07,25.824,35.245,31.966,48.024,61.702,42.402,45.008,34.942,48.704,28.966,0.216,28.428,31.22,28.989,26.643,6.277,0.507,26.1,0.0,0.0,0.0,0.0,0.0,10.0,11.0,15.0,20.0,20.0,47.462,50.843,44.895,69.906,69.6,11.02,11.16,10.479,14.226,12.83,13.051,16.348,13.654,12.849,40.461
FJI,FijiFijiFijiFijiFijiFijiFijiFijiFijiFijiFijiFijiFiji,0.0,0.0,0.0,0.0,0.0,0.0,0.0,0.0,0.0,0,0.0,0.0,0.0,0.0,0.0,0.0,0.0,0.0,0.0,0.0,0.0,0.0,0.019719449,0.036857329,0.107710491,0.385058008,0.501228578,0.716276321,0.945009486,0.89922553,0.592454356,0.290970732,0.914372803,0.819601257,1.033809213,0.907810021,0.925476657,1.173835962,0.773506267,0.803645299,0.601163261,0.764361917,0.612951386,0.755870735,0.759696432,0,0,0,0,0,0,1.88373612,1.880812416,2.099437032,1.922801779,1.699916021,1.191067152,0.828,0.619,0.59,0.881,0.947,0.871,0.615,0.457,0.323,0.324,0.214,0.26,0.576,0.412,0.52,0.442,0.785,0.815,0.988,1.055,0.0,0.0,0.0,0.0,0.0,2.078,1.984,2.654,1.787,2.159,1.475,2.109,1.901,1.247,1.2,1.418,0.494,0.0,0.265,0.313,0.328,0.418,0.342,0.462,0.361,0.0,0.0,0.0,0.0,0.0
FRA,FranceFranceFranceFranceFranceFranceFranceFranceFranceFranceFranceFranceFranceFranceFranceFranceFrance,0.0,31.26702124,26.40216478,12.80059718,14.99253522,11.96964325,8.468725701,0.0,0.0,0,2188.294548,1992.807533,2056.138907,9.457715157,9.642001804,0.0,16.84846506,20.27930702,0.0,12.7796025,9.349693633,0.0,17.71646294,14.8315449,17.53746384,17.17747504,18.53286056,12.25090977,10.48592579,11.3349196,9.664924886,7.468943423,10.88690865,16.64688501,14.75288482,15.37787316,17.75686604,22.3898168,0.0,22.15081957,21.01082392,17.29187273,19.53485117,16.85387702,18.69304221,0,0,0,0,0,0,30.15271687,43.58184815,62.46462007,67.26117384,67.38048583,74.53541103,71.012,70.998,64.805,56.68,52.557,48.79,84.632,93.449,85.667,74.9,73.772,53.059,30.768,22.803,24.56,0.413,25.884,20.724,22.2,21.95,22.19,28.45,14.5,10.1,0.858,3.507,2.718,2.402,1.027,1.14,0.723,0.929,0.709,0.495,0.682,0.0,0.0,0.0,0.0,0.0,0.0,0.0,0.0,0.0,0.0,0.0,0.0,0.0,0.0,0.0
GBR,GoldCoastestimatedGreatBritainGreatBritainUnitedKingdomUnitedKingdomUnitedKingdomUnitedKingdomUnitedKingdomUnitedKingdomUnitedKingdomUnitedKingdomUnitedKingdomUnitedKingdomUnitedKingdomUnitedKingdomUnitedKingdomUnitedKingdomUnitedKingdom,14.545208546,14.364094429,12.413921806000001,2.488227427,2.171378806,2.29143728,1.968305807,0.0,0.0,0,0.372585612,1.265963734,1.326117384,1.286118628,1.452676433,1.019408417,1.119374203,1.273832851,1.05716774,0.498989145,1.168019657,4.322540512,3.26111163,2.8268172070000004,2.813225094,3.358682467,2.202668657,2.534788965,1.855898728,1.464402351,1.053933004,1.078038008,0.855867625,0.724238748,0.731610214,0.495847719,0.43532083,0.564616964,0.832851233,0.0,0.0,0.0,0.0,0.0,0.0,0,0,0,0,0,0,0.0,0.0,0.0,0.0,0.0,0.0,0.0,0.0,0.0,0.0,0.0,4.354,3.345,4.166,1.272,0.0,1.373,3.278,3.28,2.635,2.558,1.72,1.773,2.031,2.113,1.689,2.695,0.565,0.0,0.0,0.0,0.0,0.0,0.0,0.0,0.0,0.0,0.0,0.0,0.0,0.0,0.0,0.0,0.212,0.398,0.505,0.506,0.531,0.23,0.082,0.0,0.0,0.0,0.0,0.0,0.13
GEO,GeorgiaSovietUnionSovietUnionSovietUnionSovietUnionSovietUnionSovietUnionSovietUnion,0.0,0.0,0.0,0.0,0.0,0.0,0.0,0.0,0.0,0,0.0,0.0,0.0,0.0,0.0,0.0,0.0,0.0,0.0,0.0,0.0,0.0,121.3026033,155.5161581,155.5161581,217.7226214,217.7226214,0.0,0.0,0.0,0.0,0.0,0.0,0.0,0.0,0.0,0.0,0.0,0.0,0.0,0.0,0.0,0.0,0.0,0.0,0,0,0,0,0,0,0.0,0.0,0.0,0.0,0.0,0.0,1182.0,1213.0,1244.0,1275.0,1300.0,1340.0,1370.0,1400.0,1430.0,1430.0,1550.0,1580.0,1595.0,1600.0,1600.0,1620.0,1600.0,1550.0,1580.0,1500.0,1380.0,1270.0,0.0,0.0,0.0,0.0,0.0,0.0,0.0,0.0,0.0,0.0,0.0,0.0,0.0,0.0,0.0,0.0,0.0,0.0,0.0,0.0,0.0,0.0,0.0,18.0,20.0,21.0,20.042,1.0
GHA,GhanaGhanaGhanaGhanaGhanaGhanaGhanaGhanabGoldCoastbGoldCoastbGoldCoastcGoldCoastestimatedGoldCoastestimatedGoldCoastestimated,0.0,0.0,0.0,0.0,0.0,0.0,0.0,0.0,0.0,0,5.233834095,0.0,0.0,0.202171006,0.171067774,0.171067774,0.233274237,0.255046499,0.276818761,0.279929085,0.311032316,0.342135548,0.0,0.0,0.0,1.312742994,1.443283257,1.431401823,1.130789089,2.070853162,1.564119312,1.767254518,1.140431091,1.695934808,1.283008305,1.41684551,1.24571553,1.347298684,1.634225996,1.372150166,1.398059158,1.49961121,1.221859351,1.025349134,0.789711051,0,0,0,0,0,0,0.0,0.0,0.0,0.0,0.0,0.0,0.0,0.0,0.0,0.0,0.0,0.0,0.0,0.0,0.0,0.0,0.0,0.0,0.0,0.0,0.0,0.435,0.435,0.435,0.1,1.1,1.1,1.2,1.2,1.2,1.2,1.2,1.2,1.3,1.4,1.4,2.1,1.9,2.129,3.08,3.035,3.571,3.142,3.3,3.2,2.58,3.9,3.9,3.9,0.9,3.9,4.0,4.0,2.8,10.2,10.0
GRC,GreatBritainGreeceGreeceGreeceGreeceGreeceGreeceGreeceGreeceGreeceGreeceGreeceGreeceGreeceGreeceGreeceGreeceGreeceGreeceGreeceGreece,0.0,24.99922242,18.39644179,18.35090666,10.88613107,10.88613107,10.88613107,0.0,0.0,0,0.889956767,0.0,0.0,8.404901869,9.540480856,8.165531399,5.322696028,8.230132811,0.0,4.285496563,18.46692171,0.0,6.777580791,16.37967715,0.0,4.178314827,4.665484744,0.0,0.0,0.0,0.0,0.0,0.0,0.0,0.0,0.0,0.0,0.0,2.319990047,3.187894622,3.1783148270000003,3.47911418,3.3459301420000003,3.327081584,3.338527573,0,0,0,0,0,0,4.78989767,4.323349196,6.904917421,7.433672359,8.366769307,8.021927778,13.061,14.194,11.534,18.27,17.89,0.8,57.4,33.3,42.3,54.5,52.0,60.5,49.2,55.9,57.0,50.7,53.7,51.9,61.3,61.2,62.6,70.2,61.9,53.5,44.9,33.0,16.7,37.3,44.0,39.0,30.644,62.4,74.8,7.0,0.0,2.3,25.5,38.3,35.5,30.177,29.0,33.3,39.8,39.759,35.785,28.1,29.3,34.2,34.9,43.8
GRL,GreenlandGreenlandGreenlandGreenlandGreenland,0.0,0.0,0.0,0.0,0.0,0.0,0.0,0.0,0.0,0,0.0,0.0,0.0,0.0,0.0,0.0,0.0,0.0,0.0,0.0,0.0,0.0,0.0,0.0,0.0,0.0,0.0,0.0,0.0,0.0,0.0,0.0,0.0,0.0,0.0,0.0,0.0,0.0,0.0,0.0,0.0,0.0,0.0,0.0,0.0,0,0,0,0,0,0,0.0,0.0,0.0,0.0,0.0,0.0,0.0,0.0,0.0,0.0,0.0,12.4,14.9,16.2,17.4,0.9,16.8,15.2,15.0,12.3,10.3,10.4,11.1,13.2,14.3,14.7,9.2,0.0,0.0,0.0,0.0,0.0,0.0,0.0,0.0,0.0,0.0,0.0,0.0,0.0,0.0,0.0,0.0,0.0,0.0,0.0,0.0,0.009,0.027,0.003,0.0,0.0,0.0,0.0,0.0,0.0
GTM,GuatemalaGuatemalaGuatemalaGuatemalaGuatemalaGuatemalacGuatemalac,0.0,0.0,0.0,0.0,0.0,0.0,0.0,0.0,0.0,0,0.0,0.0,0.0,0.0,0.0,0.0,0.0,0.0,0.0,4.463313738,0.000808684,0.0,0.10404031,0.0,0.0,0.0,0.0,0.0,0.0,0.0,0.0,0.0,0.0,0.0,0.0,0.0,0.0,0.0,0.0,11.56041803,14.26024074,8.833317782,10.67186091,16.58358993,16.43606731,0,0,0,0,0,0,0.293770023,0.0,0.0,0.0,0.0,0.0,0.0,0.0,0.0,0.0,0.0,0.0,0.0,0.0,0.0,0.0,0.0,0.0,0.0,0.0,0.0,0.0,0.0,0.0,0.0,0.0,0.0,0.0,0.0,0.0,0.0,0.0,0.0,0.0,0.0,0.0,0.0,0.0,0.0,0.0,0.0,7.074,49.78,88.247,99.131,127.836,194.681,273.058,204.681,281.331,858.349,862.814,837.815,336.944,0.0,0.0
GUF,GuianaDutchandFrenchandUruguayGuianaFrenchandGuianaFrenchandDutchGuianaFrenchandDutchGuianaFrenchandDutch,1.589717272,0.0,0.0,0.264377469,0.248825853,0.248825853,0.0,0.0,0.0,0,42.73366303,43.53292277,36.08189481,0.0,0.0,0.0,0.0,0.0,0.0,0.130633573,0.18661939,0.0,0.18661939,0.18661939,0.18661939,0.18661939,0.18661939,0.18661939,0.18661939,0.18661939,0.18661939,0.18661939,0.0,0.0,0.0,0.0,0.0,0.0,0.0,0.0,0.0,0.0,0.0,0.0,0.0,0,0,0,0,0,0,0.0,0.0,0.0,0.0,0.0,0.0,0.0,0.0,0.0,0.0,0.0,0.0,0.0,0.0,0.0,0.0,0.0,0.0,0.0,0.0,0.0,0.0,0.0,0.0,0.0,0.0,0.0,0.0,0.0,0.0,0.0,0.0,0.0,0.0,0.0,0.0,0.0,0.0,0.0,0.0,0.0,0.0,0.0,0.0,0.0,0.0,0.0,0.0,0.0,0.0,0.0,0.0,0.0,0.0,0.0,0.0
GUY,BritishGuianaBritishGuianaBritishGuianaBritishGuianaBritishGuianaBritishGuianaGuianaandUruguayaGuianaDutchandFrenchandUruguayGuianaestimated,1.589717272,0.0,0.0,0.264377469,0.248825853,0.248825853,0.0,0.0,0.0,0,45.338963021000005,46.049454137,36.08189481,0.274641535,0.272153277,0.017728842,0.02550465,0.024260521,0.04167833,0.056918914,0.095486921,0.103884794,0.124723959,0.131877702,0.147429318,0.157382352,0.0,0.0,0.0,0.0,0.0,0.0,0.0,0.0,0.0,0.0,0.0,0.0,0.0,0.0,0.0,0.0,0.0,0.0,0.0,0,0,0,0,0,0,0.0,0.0,0.0,0.0,0.0,0.0,0.0,0.0,0.0,0.0,0.0,0.0,0.0,0.0,0.0,0.0,0.0,0.0,0.0,0.0,0.0,0.0,0.0,0.0,0.0,0.0,0.0,0.0,0.0,0.0,0.0,0.0,0.0,0.0,0.0,0.0,0.0,0.0,0.0,0.0,0.0,0.0,0.0,0.0,0.0,0.0,0.0,0.0,0.0,0.0,0.0,0.0,0.0,0.0,0.0,0.0
HND,HondurasHondurasHondurasHondurasHondurasHondurasHondurasHondurasHondurasHondurasHondurasHondurasHondurasHondurasHondurasHondurasHondurasdHungaryHungary,0.0,0.0,0.0,0.0,0.0,0.0,0.0,0.0,0.0,0,0.0,0.0,0.0,0.0,0.0,0.0,76.703524,91.97598831,0.0,115.38773291,122.26282230199999,96.15632484,82.566918601,96.81832601900001,99.88168331,104.0790644,128.109981,121.3648098,109.7322012,108.363659,98.41062486,96.88656651,93.41840067,83.44717116,74.75661721,9.860564213,105.0667164,109.3271127,98.98609686,115.2055924,175.4300333,106.7470063,55.9047619,63.13980903,1934.217629,0,0,0,0,0,0,100.1639451,114.1693571,116.1484868,124.7058567,136.7609095,121.4581195,118.682,113.268,111.82,98.03,98.694,118.258,99.036,87.683,86.719,68.0,54.935,56.697,52.221,77.6,80.7,85.936,41.061,23.388,49.483,37.176,30.866,42.033,35.353,24.171,27.634,30.202,36.378,42.809,42.898,46.473,52.485,46.76,52.796,50.884,48.217,53.617,55.036,53.894,58.936,57.698,59.787,50.634,51.896,50.916,58.826,34.369,17.6,21.784,31.181,43.582
HRV,CroatiaJugoslaviaJugoslaviaJugoslaviaYugoslaviaYugoslaviaYugoslaviaYugoslaviaYugoslaviaYugoslaviaYugoslaviaYugoslaviaYugoslaviaYugoslaviaYugoslaviaYugoslavia,0.0,0.0,0.0,0.0,0.0,0.0,0.0,0.0,0.0,0,0.763957575,0.971975988,0.0,1.399956455,1.673353861,0.0,2.48825853,2.394948835,2.48825853,62.76943174,63.91714099,68.92476128,54.53929893,55.53727722,69.7488414,76.20291748,71.53743274,0.0,0.0,0.0,0.0,0.0,0.0,0.0,0.0,0.0,0.0,74.21231066,94.30499829,80.15436534,94.80324096,88.00329694,92.79925974,85.84532363,80.54934528,0,0,0,0,0,0,106.0131567,132.7649218,114.0010886,107.5461416,94.02824173,107.5091288,106.271,104.307,101.0,106.0,121.0,143.595,144.0,145.5,159.4,162.0,148.791,137.516,103.976,124.0,128.0,156.451,177.446,151.129,138.957,133.018,105.3,0.0,67.22,25.644,19.0,31.054,68.805,42.64,34.474,7.643,0.0,0.0,0.0,0.0,0.0,0.0,0.0,0.0,0.0,0.0,0.0,0.0,0.0,0.0,0.0,0.0,0.0,0.0,0.0,0.0
HTI,HaitiHaiti,0.0,0.0,0.0,0.0,0.0,0.0,0.0,0.0,0.0,0,0.0,0.0,0.0,0.0,0.0,0.0,0.0,0.0,0.0,0.0,0.0,0.0,0.0,0.0,0.0,0.0,0.0,0.0,0.0,0.0,0.0,0.0,0.0,0.0,0.0,0.0,0.0,0.0,0.0,0.0,0.0,0.0,0.0,0.0,0.0,0,0,0,0,0,0,2.863270194,2.410127212,1.576622811,1.057509875,0.404342011,0.0,0.53,0.53,0.53,0.53,0.6,0.0,0.0,0.0,0.0,0.0,0.0,0.0,0.0,0.0,0.0,0.0,0.0,0.0,0.0,0.0,0.0,0.0,0.0,0.0,0.0,0.0,0.0,0.0,0.0,0.0,0.0,0.0,0.0,0.0,0.0,0.0,0.0,0.0,0.0,0.0,0.0,0.0,0.0,0.0,0.0,0.0,0.0,0.0,0.0,0.0
HUN,Austria-HungaryHungaryHungaryHungaryHungary,0.0,65.44452739,48.91748313,55.1366676,46.65484744,46.65484744,54.43065535,0.0,0.0,0,0.0,0.0,0.0,0.0,0.0,0.0,0.0,0.0,0.0,0.0,0.0,0.0,0.0,0.0,0.0,1.461851886,1.555161581,0.0,0.0,0.0,0.0,0.0,0.0,0.0,0.0,0.0,0.0,0.0,0.0,0.0,0.0,0.0,0.0,0.0,0.0,0,0,0,0,0,0,0.0,0.0,0.0,0.0,0.0,0.0,0.2,0.2,0.2,0.3,0.3,0.0,0.0,0.0,0.0,0.0,1.1,1.0,0.5,0.5,0.5,0.5,0.0,0.0,0.0,0.0,0.0,0.0,0.0,0.0,0.0,0.0,0.0,0.0,0.0,0.0,0.0,0.0,0.0,0.0,0.0,0.0,0.0,0.0,0.0,0.0,0.0,0.0,0.0,0.0,0.0,0.0,0.0,0.0,0.0,0.0
IDN,DutchEastIndiesDutchEastIndiesDutchEastIndiesIndonesiaIndonesiaIndonesiaIndonesiaIndonesiaIndonesiaIndonesiaIndonesiaIndonesiaIndonesiaIndonesiaNetherlandsEastIndiesNetherlandsEastIndiesNetherlandsEastIndiesNetherlandsEastIndies,17.21147087,32.55397966,41.65170601,37.51482069,34.01293894,28.62511275,0.0,0.0,0.0,0,65.08310784,82.74548226,15.37998818,73.48340643,71.09548692,0.0,61.93048428,65.13828497,0.0,26.20027371,26.76314889,24.07387018,21.82513763,20.62296663,15.55422848,18.01757333,19.22217038,46.63954465,0.0,0.0,0.0,0.0,0.0,0.0,0.0,0.0,0.0,0.0,0.0,0.0,0.0,0.0,0.0,0.0,0.0,0,0,0,0,0,0,7.922926192,9.292930235,6.866940375,9.609934372,9.612920282,9.828621194,8.8,8.9,8.7,9.372,6.465,4.758,3.397,2.832,2.506,1.645,19.956,23.368,32.039,32.43,33.32,38.327,46.596,50.485,61.538,65.47,66.723,67.989,99.904,90.285,105.961,265.212,255.404,279.161,348.974,292.331,314.032,348.332,293.52,285.206,262.935,328.749,261.398,268.967,226.051,326.773,335.04,227.173,247.827,123.109,119.189,151.934,185.234,331.644,335.491,484.9
IND,IndiaIndiaIndiaIndiaIndiaIndiaIndiaIndiaIndiaIndiaIndiaIndiaIndiaIndiaIndiaBurmachieflyandMadrasIndiaabIndiacIndiacIndiacIndiad,3.894404529,7.354234705,8.876457964,23.65008864,49.20027371,61.32882336,67.35737613,0.0,0.0,0,5.999813381,6.220646325,0.0,159.4379024,187.3909365,230.9666884,227.0015552,219.9636092,184.2245964,187.4509969,189.1151442,180.9437965,0.761811452,0.788311406,0.766445834,0.693446549,0.707443003,0.72464309,0.713197101,0.625112749,0.578862244,0.442878915,0.44023514,0.305464838,0.386364343,0.398028055,0.350688937,0.487574259,0.454480421,0.549749619,0.454853659,5.01337439,4.78787596,3.253522441,3.919007185,0,0,0,0,0,0,4.733911853,5.234673883,1.219993157,3.46996983,2.925974309,3.277969581,1.54,3.774,4.427,4.255,4.58,2.582,3.183,13.228,12.083,11.502,11.377,17.298,14.405,15.792,24.9,25.587,35.266,37.943,40.958,35.499,32.2,31.9,47.0,51.0,52.0,35.531,39.689,53.925,55.409,53.627,46.15,57.675,59.502,37.87,10.955,27.961,53.271,80.697,105.301,135.308,148.303,207.144,374.046,349.774,340.0,426.443,460.811,557.691,679.376,481.967
IRL,"Ireland,RepublicofIreland,RepublicofIreland,RepublicofIrishRepublicIrishRepublicIrishRepublicIrishRepublicIrishRepublicIrishRepublicIrishRepublic",0.0,0.0,0.0,0.0,0.0,0.0,0.0,0.0,0.0,0,0.0,0.0,0.0,0.0,0.0,0.0,0.0,0.0,0.0,0.0,0.0,0.0,0.0,0.0,0.0,0.0,0.0,0.0,0.0,0.0,0.0,0.0,0.0,0.0,0.0,0.0,0.0,0.0,0.0,0.0,0.0,0.0,0.0,0.0,0.0,0,0,0,0,0,0,0.0,0.0,0.0,0.0,0.0,0.0,67.0,44.54,48.3,57.2,61.6,39.2,29.0,29.1,19.6,32.9,24.0,28.0,3.6,9.9,8.67,8.6,8.15,7.2,5.5,7.2,8.8,10.5,13.1,13.0,17.4,13.7,14.7,13.3,10.8,10.4,16.7,8.7,7.5,8.5,5.2,10.5,12.9,9.65,7.172,5.267,3.818,6.109,0.454,7.822,6.436,3.77,1.08,1.34,1.16,1.578
IRN,IranIranIranIranIranIranIran,0.0,0.0,0.0,0.0,0.0,0.0,0.0,0.0,0.0,0,0.0,0.0,0.0,0.0,0.0,0.0,0.0,0.0,0.0,0.0,0.0,0.0,0.0,0.0,0.0,0.0,0.0,0.0,0.0,0.0,0.0,0.0,0.0,0.0,0.0,0.0,0.0,0.0,0.0,0.0,0.0,0.0,0.0,0.0,0.0,0,0,0,0,0,0,0.0,0.0,0.0,0.0,0.0,0.0,0.0,0.0,0.0,0.0,0.0,0.0,0.0,0.0,0.0,0.0,0.0,0.0,0.0,0.0,0.0,20.0,25.0,28.0,25.0,25.0,38.0,47.5,60.0,50.0,60.0,60.0,46.0,50.0,55.0,50.0,20.0,20.0,23.0,23.0,23.0,25.0,30.0,40.0,40.0,40.0,40.0,40.0,40.0,35.0,34.945,48.4,50.0,0.0,0.0,0.0
ITA,ItalyItalyItalyItalyItalyItalyItalyItalyItalyItalyItalyItalyItalyaItalyaItalyaItalyaItalyhItalyt,0.0,13.09358962,15.25352244,15.36151286,15.13054026,10.67867251,10.11467762,8.239743709,8.239246058,0,12.7997885,12.26297782,16.33964729,25.06652981,23.45308078,15.10152095,18.62203353,15.74759728,13.74762838,12.26412864,10.65718018,11.37134148,13.06335728,19.59503592,22.23881061,25.50464993,27.37084383,0.0,0.0,0.0,0.0,0.0,0.923765979,9.701097944,15.93418556,18.53752605,19.76283786,26.00230164,0.0,22.12096047,26.43084196,24.39721937,26.07228391,27.06419707,29.53615751,0,0,0,0,0,0,33.39865012,34.31930578,35.20263755,42.9971074,35.94600479,56.99953345,33.073,38.434,67.508,41.946,40.537,36.368,48.403,37.543,30.708,33.121,42.499,0.344,55.737,73.45,50.2,0.572,56.338,83.531,91.562,97.0,14.0,13.6,12.0,5.0,13.7,13.9,9.1,4.4,2.5,0.1,1.0,1.0,1.0,1.0,0.0,0.1,0.0,0.0,0.0,0.0,0.0,0.0,0.0,0.0,0.0,0.0,0.0,0.0,0.0,0.0
JPN,JapanJapanJapanJapanJapanJapanJapanJapanJapanJapanJapanJapanJapanJapanJapanJapanJapanJapanJapanJapan,146.245871,150.912911,159.2263693,180.6356878,221.1735249,205.2442537,0.0,0.0,0.0,0,263.1438213,275.308513,327.0504806,139.247955,140.942459,150.0181643,160.5994837,175.0585052,167.3101614,163.6202917,185.6044913,214.0527822,255.9962365,298.7537246,311.0323163,340.3722746,342.1355479,411.3517153,420.5986128,404.7247675,198.3314049,156.428758,64.36748468,38.71170415,55.73954154,67.97947187,85.11032316,123.3110012,140.1468695,161.049703,187.5054897,191.6834624,185.0215234,191.8124786,202.9853815,0,0,0,0,0,0,271.0568878,278.9959877,320.9454138,335.9042954,333.2089204,336.0393145,243.077,351.258,312.484,265.796,266.329,243.625,259.457,285.673,281.64,269.5,247.741,270.8,294.674,296.557,323.575,339.485,351.27,281.02,251.971,155.792,149.92,170.676,178.33,136.886,133.713,100.078,85.115,87.18,94.472,94.004,103.587,82.452,103.203,99.162,85.999,54.1,11.5,0.0,0.0,0.0,4.981,4.486,3.536,3.644,3.541,4.616,5.076,3.408,3.596,3.467
KAZ,KazakhstanKazakhstanKazakhstanKazakhstanaKazakhstanaKazakhstanaSovietUnionSovietUnionSovietUnionSovietUnionSovietUnionSovietUnionSovietUnion,0.0,0.0,0.0,0.0,0.0,0.0,0.0,0.0,0.0,0,0.0,0.0,0.0,0.0,0.0,0.0,0.0,0.0,0.0,0.0,0.0,0.0,121.3026033,155.5161581,155.5161581,217.7226214,217.7226214,0.0,0.0,0.0,0.0,0.0,0.0,0.0,0.0,0.0,0.0,0.0,0.0,0.0,0.0,0.0,0.0,0.0,0.0,0,0,0,0,0,0,0.0,0.0,0.0,0.0,0.0,0.0,1182.0,1213.0,1244.0,1275.0,1300.0,1340.0,1370.0,1400.0,1430.0,1430.0,1550.0,1580.0,1595.0,1600.0,1600.0,1620.0,1600.0,1550.0,1580.0,1500.0,1380.0,1270.0,900.0,600.0,408.4,371.0,414.31,389.576,535.8,645.6,895.077,943.027,855.612,804.874,707.443,883.2,806.083,722.927,645.627,618.1,552.06,650.649,963.182,963.58,989.247,1308.926,1186.511,1060.662,969.347,1022.126
KEN,KenyaKenyaKenyaKenyaKenyaKenyaKenyaKenya,0.0,0.0,0.0,0.0,0.0,0.0,0.0,0.0,0.0,0,0.0,0.0,0.0,0.016671332,0.016049268,0.003514665,0.004074523,0.004821001,0.008957731,0.034773413,0.050169513,0.061242263,0.116419396,0.177941588,0.234798296,0.348356194,0.42300395,0.423812634,0.486516749,0.48527262,0.50866225,0.357687164,0.518148736,0.170850051,0.120027371,0.099032689,0.070884265,0.080432957,0.066871948,0.538552456,0.676744114,0.041211782,0.05505272,1.701004634,0.716960592,0,0,0,0,0,0,1.483686355,0.833100059,0.591054711,0.094491618,0.086124848,0.05188019,0.0,0.0,0.0,0.0,0.0,0.0,0.0,0.0,0.0,0.0,0.0,0.0,0.0,0.0,0.0,0.0,0.0,0.0,0.0,0.0,0.0,0.0,0.0,0.0,0.0,0.0,0.0,0.0,0.0,0.0,0.0,0.0,0.0,0.0,0.0,0.0,0.0,0.0,0.0,0.0,0.0,0.0,0.0,0.0,0.0,0.0,0.0,0.0,0.0,0.0
KGZ,KyrgyzstanSovietUnionSovietUnionSovietUnionSovietUnionSovietUnionSovietUnionSovietUnion,0.0,0.0,0.0,0.0,0.0,0.0,0.0,0.0,0.0,0,0.0,0.0,0.0,0.0,0.0,0.0,0.0,0.0,0.0,0.0,0.0,0.0,121.3026033,155.5161581,155.5161581,217.7226214,217.7226214,0.0,0.0,0.0,0.0,0.0,0.0,0.0,0.0,0.0,0.0,0.0,0.0,0.0,0.0,0.0,0.0,0.0,0.0,0,0,0,0,0,0,0.0,0.0,0.0,0.0,0.0,0.0,1182.0,1213.0,1244.0,1275.0,1300.0,1340.0,1370.0,1400.0,1430.0,1430.0,1550.0,1580.0,1595.0,1600.0,1600.0,1620.0,1600.0,1550.0,1580.0,1500.0,1380.0,1270.0,0.0,0.0,0.0,0.0,0.0,0.0,0.0,0.0,0.0,0.0,0.0,0.0,0.0,0.0,0.0,0.0,0.0,0.0,0.0,0.0,0.0,0.0,0.0,17.2,15.5,14.2,13.6,14.5
KHM,FrenchIndo-ChinaFrenchIndo-ChinaFrenchIndo-ChinaFrenchIndo-ChinaFrenchIndo-China,0.0,0.0,0.0,0.0,0.0,0.0,0.0,0.0,0.0,0,0.0,0.0,0.0,0.379988181,0.31597773,1.653945445,0.098503935,0.121302603,0.0,0.0,0.0,0.108861311,0.11299804,0.173991478,0.11001213,0.074989891,0.052004603,0.054399552,0.026406644,0.001399645,0.0,0.0,0.0,0.0,0.0,0.0,0.0,0.0,0.0,0.0,0.0,0.0,0.0,0.0,0.0,0,0,0,0,0,0,0.0,0.0,0.0,0.0,0.0,0.0,0.0,0.0,0.0,0.0,0.0,0.0,0.0,0.0,0.0,0.0,0.0,0.0,0.0,0.0,0.0,0.0,0.0,0.0,0.0,0.0,0.0,0.0,0.0,0.0,0.0,0.0,0.0,0.0,0.0,0.0,0.0,0.0,0.0,0.0,0.0,0.0,0.0,0.0,0.0,0.0,0.0,0.0,0.0,0.0,0.0,0.0,0.0,0.0,0.0,0.0
KOR,"KoreaKoreaKoreaKoreaKoreaKoreaKoreaKoreaKoreaRep.ofKoreaRep.ofKoreaRep.ofKoreaSouthKoreaSouthKorea,Dem.P.R.ofKorea,RepublicofKorea,RepublicofKorea,RepublicofKorea,RepublicofKorea,Republicof",0.734160679,0.571210849,0.682840347,0.784299089,0.823147025,0.0,0.0,0.0,0.0,0,369.38337844100005,285.750894181,268.6826537,1.57093092,1.617368045,0.0,1.702093247,20.80047277,0.0,19.28400361,23.32742372,32.65839321,39.34558801,58.816211,0.0,93.30969488,93.30969488,0.0,0.0,0.0,0.0,0.0,0.0,0.0,2.082547977,1.197598831,0.589001897,0.0,0.0,0.191004945,1.622002426,1.562999596,2.476968057,6.10895462,8.626916737,0,0,0,0,0,0,12.58001306,13.49880253,15.55472614,18.28590091,18.99185095,19.58383876,0.0,0.0,0.0,0.0,0.0,101.78,107.793,115.512,93.07300000000001,118.848,63.169,84.137,76.623,66.557,69.6,68.926,142.7,71.026,48.865,53.428,16.4,3.1,4.723,4.712,8.6,0.0,0.0,0.0,0.0,0.0,0.0,0.058,6.802,15.417,50.866,41.489,56.256,57.369,76.196,81.512,2.025,2.649,2.925,3.897,3.289,4.6,6.579,8.863,7.09,5.245
LAO,FrenchIndo-ChinaFrenchIndo-ChinaFrenchIndo-ChinaFrenchIndo-ChinaFrenchIndo-ChinaLaosLaosLaosLaos,0.0,0.0,0.0,0.0,0.0,0.0,0.0,0.0,0.0,0,0.0,0.0,0.0,0.379988181,0.31597773,1.653945445,0.098503935,0.121302603,0.0,0.0,0.0,0.108861311,0.11299804,0.173991478,0.11001213,0.074989891,0.052004603,0.054399552,0.026406644,0.001399645,0.0,0.0,0.0,0.0,0.0,0.0,0.0,0.0,0.0,0.0,0.0,0.0,0.0,0.0,0.0,0,0,0,0,0,0,0.0,0.0,0.0,0.0,0.0,0.0,0.0,0.0,0.0,0.0,0.0,0.0,0.0,0.0,0.0,0.0,0.0,0.0,0.0,0.0,0.0,0.0,0.0,0.0,0.0,0.0,0.0,0.0,0.0,0.0,0.0,0.0,0.0,0.0,0.0,0.0,0.0,0.0,0.0,4.4,2.735,3.405,6.331,4.499,6.706,14.726,17.234,17.976,20.221,32.262,39.823,51.763,51.302,42.84,37.464,34.443
LTU,SovietUnionSovietUnionSovietUnionSovietUnionSovietUnionSovietUnionSovietUnion,0.0,0.0,0.0,0.0,0.0,0.0,0.0,0.0,0.0,0,0.0,0.0,0.0,0.0,0.0,0.0,0.0,0.0,0.0,0.0,0.0,0.0,121.3026033,155.5161581,155.5161581,217.7226214,217.7226214,0.0,0.0,0.0,0.0,0.0,0.0,0.0,0.0,0.0,0.0,0.0,0.0,0.0,0.0,0.0,0.0,0.0,0.0,0,0,0,0,0,0,0.0,0.0,0.0,0.0,0.0,0.0,1182.0,1213.0,1244.0,1275.0,1300.0,1340.0,1370.0,1400.0,1430.0,1430.0,1550.0,1580.0,1595.0,1600.0,1600.0,1620.0,1600.0,1550.0,1580.0,1500.0,1380.0,1270.0,0.0,0.0,0.0,0.0,0.0,0.0,0.0,0.0,0.0,0.0,0.0,0.0,0.0,0.0,0.0,0.0,0.0,0.0,0.0,0.0,0.0,0.0,0.0,0.0,0.0,0.0,0.0,0.0
LVA,SovietUnionSovietUnionSovietUnionSovietUnionSovietUnionSovietUnionSovietUnion,0.0,0.0,0.0,0.0,0.0,0.0,0.0,0.0,0.0,0,0.0,0.0,0.0,0.0,0.0,0.0,0.0,0.0,0.0,0.0,0.0,0.0,121.3026033,155.5161581,155.5161581,217.7226214,217.7226214,0.0,0.0,0.0,0.0,0.0,0.0,0.0,0.0,0.0,0.0,0.0,0.0,0.0,0.0,0.0,0.0,0.0,0.0,0,0,0,0,0,0,0.0,0.0,0.0,0.0,0.0,0.0,1182.0,1213.0,1244.0,1275.0,1300.0,1340.0,1370.0,1400.0,1430.0,1430.0,1550.0,1580.0,1595.0,1600.0,1600.0,1620.0,1600.0,1550.0,1580.0,1500.0,1380.0,1270.0,0.0,0.0,0.0,0.0,0.0,0.0,0.0,0.0,0.0,0.0,0.0,0.0,0.0,0.0,0.0,0.0,0.0,0.0,0.0,0.0,0.0,0.0,0.0,0.0,0.0,0.0,0.0,0.0
MAR,MoroccoMoroccoMoroccoMoroccoMoroccoMoroccoMoroccoMoroccoMoroccoMoroccoMoroccoMoroccoFrenchMoroccoFrenchMoroccoFrenchMoroccoFrenchzoneMoroccoSouthernMoroccoSpanishzone,0.0,0.0,0.0,0.0,0.0,0.0,0.0,0.0,0.0,0,0.0,0.0,0.0,0.0,0.0,0.0,1.617368045,1.990606824,0.0,0.321296383,0.213679201,0.0,0.027992908,0.0,7.512767877,8.600043545,9.453920562,9.249945569,4.434947591,2.629964853,2.665982396,2.034991136,3.346987652,3.643961308,11.68803459,15.16587353,15.29986626,31.34894716,48.80097042,71.0086778,70.01337439,59.99813381,72.00398121,69.98227116,74.99766726,0,0,0,0,0,0,18.78884016,18.63886038,22.00283039,24.03679512,28.6149731,26.43774688,21.176,29.61,28.39,28.593,27.637,26.837,21.066,21.739,12.652,13.5,81.4,83.6,81.7,89.0,51.99,108.0,89.0,162.0,221.0,194.8,241.108,296.075,213.286,309.155,327.539,204.0,199.0,261.0,307.0,278.0,289.0,280.7,276.8,200.43,201.0,185.7,202.3,177.712,201.195,210.0,243.0,227.1,230.2,255.0,276.8,216.383,237.418,239.416,190.5,231.4
MDA,SovietUnionSovietUnionSovietUnionSovietUnionSovietUnionSovietUnionSovietUnion,0.0,0.0,0.0,0.0,0.0,0.0,0.0,0.0,0.0,0,0.0,0.0,0.0,0.0,0.0,0.0,0.0,0.0,0.0,0.0,0.0,0.0,121.3026033,155.5161581,155.5161581,217.7226214,217.7226214,0.0,0.0,0.0,0.0,0.0,0.0,0.0,0.0,0.0,0.0,0.0,0.0,0.0,0.0,0.0,0.0,0.0,0.0,0,0,0,0,0,0,0.0,0.0,0.0,0.0,0.0,0.0,1182.0,1213.0,1244.0,1275.0,1300.0,1340.0,1370.0,1400.0,1430.0,1430.0,1550.0,1580.0,1595.0,1600.0,1600.0,1620.0,1600.0,1550.0,1580.0,1500.0,1380.0,1270.0,0.0,0.0,0.0,0.0,0.0,0.0,0.0,0.0,0.0,0.0,0.0,0.0,0.0,0.0,0.0,0.0,0.0,0.0,0.0,0.0,0.0,0.0,0.0,0.0,0.0,0.0,0.0,0.0
MEX,MexicoMexicoMexicoMexicoMexicoMexicoMexicoMexicoMexicoMexicoMexicoMexicoMexicoMexicoMexicoMexicoMexicoMexicoMexicoMexico,0.0,1725.806849,810.6213804,712.5771205,925.9638269,1306.947187,1944.481851,2049.834406,2068.873659,0,2824.511151,2844.015552,2889.029144,3298.559392,3252.586825,3375.861,3380.932848,3272.186215,2676.882741,2155.550963,2118.163105,2306.096265,2351.013872,2409.322074,2633.788094,2519.888619,2359.820099,2570.373425,2437.372492,2639.555815,2686.434512,2286.174707,1900.336786,1345.623215,1830.234332,1789.048677,1538.206681,1528.457746,1362.251096,1566.158471,1489.423066,1240.909054,1491.638052,1339.866256,1466.502255,0,0,0,0,0,0,1297.510497,1254.458026,1306.024696,1190.42487,1245.093465,1334.464216,1332.362,1140.166,1165.852,1206.436,1167.814,1182.822,1326.243,1462.798,1579.393,1609.0,1472.557,1654.829,1550.221,1910.839,1987.0,2152.959,2303.142,2414.954,2358.907,2306.091,2351.561,2223.647,2317.382,2415.805,2334.181,2324.349,2527.875,2674.979,2686.021,2466.981,2620.495,2759.985,2746.989,2568.877,2569.478,2894.161,3028.395,3135.43,3236.312,3553.841,4410.749,4777.71,5358.195,5821.001,5765.662,5955.151,5408.521,5815.034,7243.245,5840.0
MKD,JugoslaviaJugoslaviaJugoslaviaMacedoniaMacedoniaMacedoniaMacedoniaMacedoniaNorthMacedoniaYugoslaviaYugoslaviaYugoslaviaYugoslaviaYugoslaviaYugoslaviaYugoslaviaYugoslaviaYugoslaviaYugoslaviaYugoslaviaYugoslavia,0.0,0.0,0.0,0.0,0.0,0.0,0.0,0.0,0.0,0,0.763957575,0.971975988,0.0,1.399956455,1.673353861,0.0,2.48825853,2.394948835,2.48825853,62.76943174,63.91714099,68.92476128,54.53929893,55.53727722,69.7488414,76.20291748,71.53743274,0.0,0.0,0.0,0.0,0.0,0.0,0.0,0.0,0.0,0.0,74.21231066,94.30499829,80.15436534,94.80324096,88.00329694,92.79925974,85.84532363,80.54934528,0,0,0,0,0,0,106.0131567,132.7649218,114.0010886,107.5461416,94.02824173,107.5091288,106.271,104.307,101.0,106.0,121.0,143.595,144.0,145.5,159.4,162.0,148.791,137.516,103.976,124.0,128.0,156.451,177.446,151.129,138.957,133.018,105.3,0.0,82.813,33.794,30.978,41.054,78.805,52.64,44.474,17.643,10.0,10.0,10.0,10.0,10.0,0.0,10.0,30.0,40.0,35.0,32.0,30.0,31.0,32.0,33.0,17.7,14.0,12.775,12.694,11.707
MLI,Mali,0.0,0.0,0.0,0.0,0.0,0.0,0.0,0.0,0.0,0,0.0,0.0,0.0,0.0,0.0,0.0,0.0,0.0,0.0,0.0,0.0,0.0,0.0,0.0,0.0,0.0,0.0,0.0,0.0,0.0,0.0,0.0,0.0,0.0,0.0,0.0,0.0,0.0,0.0,0.0,0.0,0.0,0.0,0.0,0.0,0,0,0,0,0,0,0.0,0.0,0.0,0.0,0.0,0.0,0.0,0.0,0.0,0.0,0.0,0.0,0.0,0.0,0.0,0.0,0.0,0.0,0.0,0.0,0.0,0.0,0.0,0.0,0.0,0.0,0.0,0.0,0.0,0.0,0.0,0.0,0.0,0.0,0.0,0.0,0.0,0.0,0.0,0.0,0.0,0.0,0.0,0.0,0.0,0.0,0.0,0.0,0.0,0.0,0.0,2.608,2.005,2.1,2.6,2.7
MMR,BurmaBurmaBurmaBurmaBurmaBurmaBurmaBurmaBurmaMyanmarMyanmaraMyanmarabMyanmarac,0.0,0.0,0.0,0.0,0.0,0.0,0.0,0.0,0.0,0,0.0,0.0,0.0,0.0,0.0,0.0,0.0,0.0,0.0,0.0,0.0,0.0,181.2047215,185.1264346,192.2179714,216.1674598,205.2813287,212.0929365,197.9098628,132.7796958,0.0,0.0,0.0,0.0,0.0,21.77226214,2.338963018,0.0,0.0,4.814251501,22.34247768,39.75891885,47.8335044,42.46070107,47.48872508,0,0,0,0,0,0,58.06201984,50.9470934,34.08914186,28.5216634,24.26052067,28.05511493,30.0,29.6,35.9,23.3,24.7,23.3,21.8,24.6,25.0,39.5,29.7,24.1,16.4,17.4,17.9,17.7,13.375,9.331,6.843,8.398,6.128,5.257,4.79,2.395,5.6,4.417,3.67,1.9,3.4,4.2,2.019,0.7,0.7,0.7,0.7,2.3,0.7,0.2,0.0,0.0,0.0,0.0,0.0,0.0,0.0,0.0,0.0,0.0,0.0,0.0
MNE,JugoslaviaJugoslaviaJugoslaviaSerbiaandMontenegroaSerbiaandMontenegroaYugoslaviaYugoslaviaYugoslaviaYugoslaviaYugoslaviaYugoslaviaYugoslaviaYugoslaviaYugoslaviaYugoslaviaYugoslaviaYugoslavia,0.0,0.0,0.0,0.0,0.0,0.0,0.0,0.0,0.0,0,0.763957575,0.971975988,0.0,1.399956455,1.673353861,0.0,2.48825853,2.394948835,2.48825853,62.76943174,63.91714099,68.92476128,54.53929893,55.53727722,69.7488414,76.20291748,71.53743274,0.0,0.0,0.0,0.0,0.0,0.0,0.0,0.0,0.0,0.0,74.21231066,94.30499829,80.15436534,94.80324096,88.00329694,92.79925974,85.84532363,80.54934528,0,0,0,0,0,0,106.0131567,132.7649218,114.0010886,107.5461416,94.02824173,107.5091288,106.271,104.307,101.0,106.0,121.0,143.595,144.0,145.5,159.4,162.0,148.791,137.516,103.976,124.0,128.0,156.451,177.446,151.129,138.957,133.018,105.3,0.0,66.42,25.144,18.0,31.054,68.805,42.64,34.474,7.643,9.068,5.745,6.838,2.028,2.275,2.6,0.0,0.0,0.0,0.0,0.0,0.0,0.0,0.0,0.0,0.0,0.0,0.0,0.0,0.0
MNG,MongoliaMongoliaMongoliaMongoliaMongoliaMongolia,0.0,0.0,0.0,0.0,0.0,0.0,0.0,0.0,0.0,0,0.0,0.0,0.0,0.0,0.0,0.0,0.0,0.0,0.0,0.0,0.0,0.0,0.0,0.0,0.0,0.0,0.0,0.0,0.0,0.0,0.0,0.0,0.0,0.0,0.0,0.0,0.0,0.0,0.0,0.0,0.0,0.0,0.0,0.0,0.0,0,0,0,0,0,0,0.0,0.0,0.0,0.0,0.0,0.0,0.0,0.0,0.0,0.0,0.0,0.0,0.0,0.0,0.0,0.0,0.0,0.0,0.0,0.0,0.0,0.0,0.0,0.0,0.0,0.0,21.2,16.0,18.0,20.0,21.0,21.0,21.0,21.0,21.0,21.0,21.0,21.0,21.0,21.0,21.0,19.888,20.378,20.455,19.954,20.397,19.641,19.107,19.118,29.332,39.16,48.989,79.48,72.44,64.8,69.432
MOZ,MozambiqueMozambiqueMozambiqueMozambiqueMozambiqueMozambiqueMozambique,0.0,0.0,0.0,0.0,0.0,0.0,0.0,0.0,0.0,0,0.0,0.0,0.0,0.0,0.0,0.0,0.001679575,0.001181923,0.0,0.007993531,0.006967124,0.023731766,0.022549843,0.041585021,0.0,0.0510093,0.066001058,0.054990514,0.039998756,0.027992908,0.017013468,0.026002302,0.031009922,0.025006998,0.021989985,0.019159591,0.007589189,0.002208329,0.00298591,0.00317253,0.006500575,0.001337439,0.0,0.001306336,0.0,0,0,0,0,0,0,0.000155516,0.0,0.0,0.0,0.0,0.0,0.0,0.0,0.0,0.0,0.0,0.0,0.0,0.0,0.0,0.0,0.0,0.0,0.0,0.0,0.0,0.0,0.0,0.0,0.0,0.0,0.0,0.0,0.0,0.0,0.0,0.0,0.0,0.0,0.0,0.0,0.0,0.0,0.0,0.0,0.0,0.0,0.0,0.0,0.0,0.0,0.0,0.0,0.0,0.0,0.0,0.0,0.0,0.0,0.0,0.0
MYS,FederatedMalayStatescFederatedMalayStatescFederatedMalayStatescFederatedMalayStatescFederatedMalayStatescFederatedMalayStatescMalaysiaMalaysiaMalaysiaMalaysiaMalaysiaMalaysiaMalaysiaMalaysiaSarawak,0.0,0.0,0.0,0.0,0.0,0.0,0.0,0.0,0.0,0,265.1925912,268.72865541,0.0,0.0,0.0,0.0,0.073403627,0.080868402,0.080868402,0.074647756,0.080868402,0.083978725,0.080868402,0.102640664,0.093309695,0.051631364,0.0,0.0,0.0,0.0,0.0,0.0,0.0,0.0,0.0,0.0,0.0,0.0,0.0,0.0,0.0,0.0,0.0,0.0,0.0,0,0,0,0,0,0,0.0,0.0,0.0,0.0,0.0,0.0,0.0,0.0,0.0,0.0,0.0,0.0,0.0,0.0,0.0,0.0,13.604,14.708,16.202,15.092,14.653,16.249,14.066,15.776,10.775,12.877,12.556,13.44,15.325,14.008,13.342,11.079,9.72,9.647,7.285,2.744,0.004,0.003,0.0,0.0,0.364,0.402,0.41,0.296,0.349,0.367,0.436,0.459,1.628,0.361,0.533,0.945,1.075,1.404,1.542,0.686
NAM,NamibiaNamibiaNamibiaNamibiaNamibiaNamibiaNamibiaNamibiaaNamibiaaNamibiac,0.0,0.0,0.0,0.0,0.0,0.0,0.0,0.0,0.0,0,0.0,0.0,0.0,0.0,0.0,0.0,0.0,0.0,0.0,0.0,0.0,0.0,0.0,0.0,0.0,0.0,0.0,0.0,0.0,0.0,0.0,0.0,0.0,0.0,0.0,0.0,0.0,0.0,0.0,0.0,0.0,0.0,0.0,0.0,0.0,0,0,0,0,0,0,0.0,0.0,0.0,0.0,0.0,0.0,38.0,53.743,42.207,48.615,80.87,43.5,34.2,40.4,43.5,48.2,104.7,107.5,87.5,109.9,105.5,98.0,106.0,95.0,108.0,108.0,91.635,91.9,89.0,71.617,62.224,65.847,42.3,41.0,13.98,0.0,9.3,20.396,43.632,29.367,27.153,34.102,31.307,7.902,7.7,0.7,0.0,1.841,2.376,2.01,2.165,11.555,4.702,7.451,3.602,6.221
NCL,NewCaledonia,0.0,0.0,0.0,0.0,0.0,0.0,0.0,0.0,0.0,0,0.0,0.0,0.0,0.329694255,0.0,0.0,0.0,0.0,0.0,0.0,0.0,0.0,0.0,0.0,0.0,0.0,0.0,0.0,0.0,0.0,0.0,0.0,0.0,0.0,0.0,0.0,0.0,0.0,0.0,0.0,0.0,0.0,0.0,0.0,0.0,0,0,0,0,0,0,0.0,0.0,0.0,0.0,0.0,0.0,0.0,0.0,0.0,0.0,0.0,0.0,0.0,0.0,0.0,0.0,0.0,0.0,0.0,0.0,0.0,0.0,0.0,0.0,0.0,0.0,0.0,0.0,0.0,0.0,0.0,0.0,0.0,0.0,0.0,0.0,0.0,0.0,0.0,0.0,0.0,0.0,0.0,0.0,0.0,0.0,0.0,0.0,0.0,0.0,0.0,0.0,0.0,0.0,0.0,0.0
NER,NigerNigerNiger,0.0,0.0,0.0,0.0,0.0,0.0,0.0,0.0,0.0,0,0.0,0.0,0.0,0.0,0.0,0.0,0.0,0.0,0.0,0.0,0.0,0.0,0.0,0.0,0.0,0.0,0.0,0.0,0.0,0.0,0.0,0.0,0.0,0.0,0.0,0.0,0.0,0.0,0.0,0.0,0.0,0.0,0.0,0.0,0.0,0,0,0,0,0,0,0.0,0.0,0.0,0.0,0.0,0.0,0.0,0.0,0.0,0.0,0.0,0.0,0.0,0.0,0.0,0.0,0.0,0.0,0.0,0.0,0.0,0.0,0.0,0.0,0.0,0.0,0.0,0.0,0.0,0.0,0.0,0.0,0.0,0.0,0.0,0.0,0.0,0.0,0.0,0.0,0.0,0.201,0.1,0.139,0.289,0.3,0.326,0.197,0.329,0.11,0.067,0.119,0.239,0.1,0.064,0.031
NGA,NigeriaNigeriaNigeriaNigeriaNigeriaNigeria,0.0,0.0,0.0,0.0,0.0,0.0,0.0,0.0,0.0,0,0.0,0.0,0.0,0.0,0.0,0.0,0.199060682,1.570713197,7.833504401,2.655220677,3.654007651,2.519361762,4.329569842,4.758794439,3.176262014,0.0,0.056172436,0.0,0.0,0.161736804,0.065316786,0.033560387,0.034400174,0.020714752,0.066249883,0.132779696,0.015053964,0.009455382,0.006624988,0.005691891,0.005380859,0.005660788,0.005349756,0.003452459,0.006220646,0,0,0,0,0,0,0.0,0.0,0.0,0.0,0.0,0.0,0.0,0.0,0.0,0.0,0.0,0.0,0.0,0.0,0.0,0.0,0.0,0.0,0.0,0.0,0.0,0.0,0.0,0.0,0.0,0.0,0.0,0.0,0.0,0.0,0.0,0.0,0.0,0.0,0.0,0.0,0.0,0.0,0.0,0.0,0.0,0.0,0.0,0.0,0.0,0.0,0.0,0.0,0.0,0.0,0.0,0.0,0.0,0.0,0.0,0.0
NIC,NicaraguaNicaraguaNicaraguaNicaraguaNicaraguaNicaraguaNicaraguaNicaraguaNicaraguaNicaraguaNicaraguaNicaraguaNicaraguaNicaraguaNicaraguaaNicaraguac,0.0,0.0,0.0,0.0,0.0,0.0,0.0,0.0,0.0,0,0.0,0.0,0.0,0.0,0.0,0.0,0.0,0.0,0.0,1.722341451,0.648782308,0.0,2.753973438,3.457901776,0.0,4.922832882,7.415943517,7.983950732,195.097322,194.8673136,194.4543249,194.3494448,7.340362664,7.993530528,6.696308046,6.675624397,6.426052067,5.845945694,6.434698765,7.414668284,7.859693322,6.785107773,8.345494697,8.040838543,7.156262636,0,0,0,0,0,0,10.3377811,11.83095394,11.23598022,10.45435601,9.839196292,9.460296725,3.932,5.015,4.813,8.192,6.159,10.1,0.345,4.759,14.992,9.953,5.103,4.359,2.35,1.977,1.6,0.923,0.8,0.888,0.571,1.124,1.03,1.543,2.271,2.236,2.628,1.067,0.79,1.077,1.946,1.78,1.589,2.532,2.198,2.04,2.95,2.936,2.929,3.42,3.72,4.491,6.995,7.927,10.207,13.745,13.587,18.576,21.382,15.419,11.263,17.362
NLD,Dutchb,0.0,0.0,0.0,0.0,0.0,0.0,0.0,0.0,0.0,0,0.0,0.0,0.0,0.0,0.0,0.0,0.233274237,0.233274237,0.0,0.0,0.0,0.0,0.0,0.0,0.0,0.0,0.0,0.0,0.0,0.0,0.0,0.0,0.0,0.0,0.0,0.0,0.0,0.0,0.0,0.0,0.0,0.0,0.0,0.0,0.0,0,0,0,0,0,0,0.0,0.0,0.0,0.0,0.0,0.0,0.0,0.0,0.0,0.0,0.0,0.0,0.0,0.0,0.0,0.0,0.0,0.0,0.0,0.0,0.0,0.0,0.0,0.0,0.0,0.0,0.0,0.0,0.0,0.0,0.0,0.0,0.0,0.0,0.0,0.0,0.0,0.0,0.0,0.0,0.0,0.0,0.0,0.0,0.0,0.0,0.0,0.0,0.0,0.0,0.0,0.0,0.0,0.0,0.0,0.0
NOR,NorwayNorwayNorwayNorwayNorwayNorwayNorwayNorwayNorway,0.0,9.39970763,12.90361109,11.89962987,8.9297378,9.099716961,8.404093185,0.0,0.0,0,10.10820814,12.91729651,12.60321607,12.9163012,10.18270038,11.86202606,8.766912382,12.48278436,9.707443003,9.790706354,7.853348263,6.223632235,8.275947871,7.139373581,8.809959255,7.799944014,9.199931573,8.799944014,7.999937794,7.899940904,7.199931573,5.299959566,4.117259183,6.280551149,7.050449442,6.739043887,5.286958415,5.230972598,5.100929987,4.572361668,3.51895742,4.082952319,2.198998476,1.710677739,0.0,0,0,0,0,0,0,0.0,0.0,0.0,0.0,0.0,0.0,0.0,0.0,0.0,0.0,0.0,0.0,0.0,0.0,0.0,0.0,0.0,0.0,0.0,0.0,0.0,0.0,0.0,0.0,0.0,0.0,0.0,0.0,0.0,0.0,0.0,0.0,0.0,0.0,0.0,0.0,0.0,0.0,0.0,0.0,0.0,0.0,0.0,0.0,0.0,0.0,0.0,0.0,0.0,0.0,0.0,0.0,0.0,0.0,0.0,0.0
NZL,NewZealandNewZealandNewZealandNewZealandNewZealandNewZealandNewZealandNewZealandNewZealandNewZealandNewZealandNewZealandNewZealandNewZealandNewZealandNewZealandgNewZealandm,30.34481043,18.63587447,29.78261951,24.47989176,24.48297098,27.35165314,14.10739946,0.0,0.0,0,4.443874219,0.0,0.0,13.21112874,13.12307549,13.82495101,12.92980001,17.60007465,13.52436938,17.50464993,13.38969239,11.90056297,13.62218905,13.46685951,13.80924388,11.12590588,12.14089764,12.91810519,11.76731672,9.684302199,8.733351995,10.21059998,7.606108675,6.977730086,6.904419769,7.233460857,7.234580573,6.211346459,4.145780847,1.586762465,2.360362042,1.027930702,0.868713259,0.02954807,0.039781033,0,0,0,0,0,0,0.004385556,0.001710678,6.22065e-05,0.0,0.119871855,0.0,0.465,1.877,0.886,1.53,0.056,0.062,0.016,0.236,0.063,0.051,0.0,0.0,0.0,0.0,0.0,0.0,0.0,0.0,1.845,4.837,0.0,0.0,0.0,0.0,0.0,27.794,29.34,31.684,22.681,24.308,22.886,27.118,28.725,29.932,30.1,43.003,27.221,8.553,18.269,14.264,17.136,14.324,5.63,11.223,15.811,0.0,0.0,0.0,0.0,0.0
OMN,OmanOmanOman,0.0,0.0,0.0,0.0,0.0,0.0,0.0,0.0,0.0,0,0.0,0.0,0.0,0.0,0.0,0.0,0.0,0.0,0.0,0.0,0.0,0.0,0.0,0.0,0.0,0.0,0.0,0.0,0.0,0.0,0.0,0.0,0.0,0.0,0.0,0.0,0.0,0.0,0.0,0.0,0.0,0.0,0.0,0.0,0.0,0,0,0,0,0,0,0.0,0.0,0.0,0.0,0.0,0.0,0.0,0.0,0.0,0.0,0.0,0.0,0.0,0.0,0.0,0.0,0.0,0.0,0.0,0.0,0.0,1.9,1.6,1.6,1.9,2.67,10.3,8.7,6.9,2.9,4.7,0.0,0.0,0.0,0.0,0.0,0.0,0.0,0.0,0.0,0.0,0.111,4.404,3.863,2.14,2.162,0.0,0.0,0.0,0.0,0.0,0.0,0.0,0.0,0.0,0.0
PAN,PanamaPanamaPanamaPanamaPanama,0.0,0.0,0.0,0.0,0.0,0.0,0.0,0.0,0.0,0,0.0,0.0,0.0,0.0,0.0,0.0,9.373425399,0.0,0.087089049,0.0,0.0,0.0,0.104817891,0.144070169,0.0,0.0,0.0,0.0,0.0,0.0,0.0,0.0,0.0,0.0,0.0,0.0,0.0,0.0,0.156324842,0.0,0.0,0.0,0.0,0.0,0.0,0,0,0,0,0,0,0.0,0.0,0.0,0.0,0.0,0.0,0.0,0.0,0.0,0.0,0.0,0.0,0.0,0.0,0.0,0.0,0.0,0.0,0.0,0.0,0.0,0.0,0.0,0.0,0.0,0.0,0.0,0.0,0.0,0.0,0.0,0.569,1.307,2.178,2.0,2.0,0.0,0.0,0.0,0.0,0.0,0.0,0.0,0.0,0.0,0.0,0.0,0.0,0.0,0.0,0.0,0.0,0.0,0.0,0.0,35.217
PER,PeruPeruPeruPeruPeruPeruPeruPeruPeruPeruPeruPeruPeruPerubPerubPerubPerucPerucPeruePerufPhilippineIslands,310.1324065,286.5910858,294.4158502,335.5185531,337.9174831,304.2435383,305.4875121,185.346801,0.0,0,1159.960250078,1236.42032907,1280.39221174,661.5874156,652.3356972,0.0,674.1860284,447.0340891,343.628503,109.4445896,236.2346428,352.6550341,531.9824578,619.4047464,528.5435601,639.2589966,584.8099904,602.3529906,470.2549843,498.7449846,455.9689901,492.4439986,404.2749837,383.6350036,335.3859911,288.9086809,329.9943703,415.7786694,462.0756431,596.5452085,611.2001182,634.6889055,713.7452956,714.527262,787.2376909,0,0,0,0,0,0,1145.158782,1134.34593,1021.468788,1116.699325,1120.338403,1062.08205,1239.023,1242.642,1255.677,1295.614,1275.0,1058.35,1117.325,1235.801,1152.255,1150.0,1337.1,1387.2,1692.1,1792.4,1772.9,1915.002,1925.798,2054.463,1551.6,1839.9,1761.7,1769.7,1613.9,1630.6,1666.4,1928.853,1976.536,2090.311,2024.571,2221.885,2437.706,2673.834,2761.486,2910.922,3059.829,3193.146,3470.661,3493.09,3685.931,3854.019,3640.444,3418.862,3480.587,3674.283,3777.8,4101.568,4375.337,4417.987,4160.162,3860.306
PHL,PhilippineIslandsPhilippineIslandsPhilippineIslandsPhilippineIslandsPhilippineIslandsPhilippineRepublicPhilippineRepublicPhilippineRepublicPhilippinesPhilippinesPhilippinesPhilippines,0.0,0.0,0.0,0.0,0.0,0.0,0.0,0.0,0.0,0,0.0,0.0,0.0,1.424310286,0.970234207,0.0,3.156355945,3.430002177,3.234860502,4.982022332,5.288855712,7.045628441,10.01586265,14.55273553,22.38720413,36.31650649,37.06693415,39.66856396,39.19308886,7.190973842,0.810581319,0.0,0.53522441,0.02839725,1.393922429,4.6891232,6.793972194,6.719355541,8.541009611,21.57789804,17.79247924,16.39637958,15.6159684,16.83207365,14.90516625,0,0,0,0,0,0,28.22630711,29.04848994,36.16960592,42.57957762,46.98143137,48.71736493,52.935,60.336,57.466,58.83,53.067,50.373,46.053,50.429,50.93,56.928,60.715,62.943,61.724,56.696,48.956,52.416,51.532,53.452,54.634,47.998,0.0,0.0,0.0,0.0,0.0,0.0,0.0,0.0,0.0,0.0,0.0,0.0,0.0,0.0,0.0,0.0,0.0,0.0,0.0,0.0,0.0,0.0,0.0,0.0,0.0,0.0,0.0,0.0,0.0,0.0
PNG,NewGuineaNewGuineaNewGuineadNewGuineaestimatedNewGuineahPapuaNewGuineaPapuaNewGuineaPapuaNewGuineaPapuaNewGuineaPapuaNewGuineaPapuaNewGuineaPapuaNewGuineaPapuaNewGuineabPapuayearsendedJune30,0.0,0.0,0.0,0.0,0.0,0.0,0.0,0.0,0.0,0,0.0,0.0,0.0,0.0,0.154894093,0.0,0.0,0.0,0.0,0.0,0.0,0.0,2.581568225,3.017013468,2.985910236,3.234736089,0.0,0.0,0.0,0.0,0.0,0.0,0.0,0.0,0.0,0.0,1.303567541,1.125594849,1.199216199,1.959845728,1.8286834,1.52598675,1.390718796,1.323411402,1.185064228,0,0,0,0,0,0,0.721781593,0.611582843,0.561475537,0.534229106,0.564181518,0.0,0.534,0.543,27.9,49.161,50.646,44.638,44.88,45.186,53.126,45.1,37.198,42.388,43.4,47.414,44.4,51.967,57.515,62.871,70.423,93.671,0.0,0.0,0.0,0.0,0.0,65.153,59.036,49.165,59.294,66.542,79.197,69.368,63.349,61.9,53.8,51.125,51.098,48.677,48.062,55.082,83.957,90.055,81.332,89.666,84.302,0.0,0.0,0.0,0.0,0.0
POL,PhilippinesPhilippinesPhilippinesPhilippinesPhilippinesPhilippinesPolandPolandPolandPolandPolandPolandPolandPolandPolandPolandPolandPolandPolandPolandPolandPoland,0.0,0.0,0.0,0.0,0.0,0.0,0.0,0.0,0.0,0,4.069888961,10.56866038,15.93751361,8.410749277,5.906814718,6.936798233,11.71664956,17.45485366,11.35591428,2.154925197,1.286958415,0.655967155,0.995303412,1.897297129,0.0,1.897297129,1.866193898,0.0,0.0,0.0,0.0,0.0,0.0,0.0,0.0,0.0,0.0,0.0,0.0,0.0,0.0,0.0,0.0,0.0,0.0,0,0,0,0,0,0,0.0,0.0,0.0,0.0,0.0,0.0,70.0,80.0,130.0,150.0,170.0,450.0,550.0,644.0,680.0,702.0,766.0,640.0,657.0,678.0,744.0,831.0,829.0,831.0,1063.0,1003.0,879.111,938.069,828.878,947.466,1090.3,1029.483,1131.287,1104.944,1161.91,1178.569,1187.1689999999999,1260.29,1351.81,1341.733,1382.015,1281.5500000000002,1288.6019999999999,1227.254,1175.224,1183.808,1224.004,1212.53,1198.211,1201.157,1407.005,1436.952,1517.186,1521.748,1500.782,1486.267
PRI,PortoRico,0.0,0.0,0.0,0.0,0.0,0.0,0.0,0.0,0.0,0,0.0,0.0,0.0,0.0,0.0,0.0,0.0,0.0,0.0,0.0,0.0,0.0,0.000248826,0.005816304,3.11032e-05,0.0,0.0,0.0,0.0,0.0,0.0,0.0,0.0,0.0,0.0,0.0,0.0,0.0,0.0,0.0,0.0,0.0,0.0,0.0,0.0,0,0,0,0,0,0,0.0,0.0,0.0,0.0,0.0,0.0,0.0,0.0,0.0,0.0,0.0,0.0,0.0,0.0,0.0,0.0,0.0,0.0,0.0,0.0,0.0,0.0,0.0,0.0,0.0,0.0,0.0,0.0,0.0,0.0,0.0,0.0,0.0,0.0,0.0,0.0,0.0,0.0,0.0,0.0,0.0,0.0,0.0,0.0,0.0,0.0,0.0,0.0,0.0,0.0,0.0,0.0,0.0,0.0,0.0,0.0
PRK,"KoreaKoreaKoreaKoreaKoreaKoreaKoreaKoreaKoreaNorthaKorea,Dem.P.R.ofKorea,Dem.P.R.ofKorea,Dem.P.R.ofKorea,Dem.P.R.ofKorea,Dem.P.R.ofKorea,Dem.P.R.ofKorea,Dem.P.R.ofKorea,Dem.P.R.ofKorea,RepublicofKorea,Dem.P.R.of",0.734160679,0.571210849,0.682840347,0.784299089,0.823147025,0.0,0.0,0.0,0.0,0,369.38337844100005,285.750894181,268.6826537,1.57093092,1.617368045,0.0,1.702093247,20.80047277,0.0,19.28400361,23.32742372,32.65839321,39.34558801,58.816211,0.0,93.30969488,93.30969488,0.0,0.0,0.0,0.0,0.0,0.0,0.0,2.082547977,1.197598831,0.589001897,0.0,0.0,0.0,0.0,0.0,0.0,0.0,0.0,0,0,0,0,0,0,15.55161581,15.55161581,18.66193898,21.77226214,21.77226214,24.8825853,71.483,83.005,100.043,91.34,92.161,0.0,0.0,0.0,0.0,0.0,45.0,40.0,45.0,50.0,50.0,270.0,295.0,300.0,310.0,300.0,280.0,300.0,280.0,250.0,200.0,50.0,50.0,50.0,50.0,50.0,50.0,50.0,50.0,50.0,50.0,50.0,50.0,50.0,50.0,50.0,50.0,50.0,50.0,50.0,50.0,50.0,50.0,50.0,50.0,50.0
PRT,PortugalPortugalPortugalPortugalPortugalPortugalPortugalPortugalPortugalPortugalPortugalPortugalPortugalPortugalPortugal,0.0,0.0,0.0,0.0,0.0,0.0,0.0,0.0,0.0,0,0.0,0.0,0.0,0.0,0.0,0.0,0.0,0.0,0.0,0.0,0.0,0.0,0.0,0.401387204,0.005536375,0.543591179,0.870983795,1.076980498,0.0,0.0,0.0,0.0,0.0,0.0,0.230008398,1.09999689,0.993997076,2.123977481,2.034991136,2.417965227,1.84899381,1.719977606,1.831980343,1.78999098,1.937980156,0,0,0,0,0,0,1.516904606,1.960125657,11.02920593,11.81922802,10.17075674,10.26406644,8.703,8.165,7.162,3.914,0.743,0.774,0.881,0.801,0.703,1.0,0.861,0.714,0.732,0.631,0.694,0.624,0.714,0.887,0.877,0.815,0.722,43.82,39.454,36.0,31.8,38.6,33.7,33.9,31.88,26.45,20.43,23.1,19.5,21.1,24.4,23.786,20.078,26.514,28.825,22.472,20.561,28.027,29.89,40.621,43.172,41.337,38.631,40.186,55.706,53.063
ROU,RomaniaRomaniaRomaniaRomaniaRomaniaRomaniaRomaniaRomaniaRomaniaRomaniaRoumaniaRoumaniaRoumaniaRoumaniaRoumaniaRoumaniadRumaniaRumania,0.0,0.0,0.0,0.0,0.0,0.0,0.0,0.0,0.0,0,2.340922522,2.245933252,0.0,2.913906255,4.375851451,2.278933781,2.821902896,4.417871917,0.0,5.807813132,10.99465024,12.06861373,14.67674411,18.49690523,25.28829585,22.1790302,22.07981089,15.55161581,3.950110416,2.799290846,2.457155298,0.0,5.909614009,0.0,14.96687506,0.0,0.0,0.0,0.0,0.0,0.0,0.0,0.0,0.0,0.0,0,0,0,0,0,0,18.66193898,18.66193898,18.66193898,24.8825853,24.8825853,24.8825853,25.0,31.0,31.0,34.0,35.0,47.0,38.0,35.0,32.0,30.0,28.0,0.0,25.0,25.0,23.0,25.0,23.0,20.0,23.0,25.0,24.0,17.0,17.0,18.0,18.0,18.0,18.0,18.0,18.0,18.0,18.0,18.0,18.0,18.0,18.0,18.0,18.0,18.0,18.0,18.0,18.0,18.0,18.0,18.0,18.0,18.0,18.0,18.0,18.0,18.0
RUS,RussiaRussiaRussiaRussiaaRussiaaRussiaaRussiaaRussiaaRussiayearsendedSept.30SovietUnionSovietUnionSovietUnionSovietUnionSovietUnionSovietUnionSovietUnion,0.0,9.330969488,9.330969488,19.85639638,17.10677739,15.55161581,12.44129265,0.0,0.0,0,5.999813381,6.220646325,0.0,13.02758857,18.36944419,0.0,0.0,0.0,0.0,0.0,0.0,0.0,121.3026033,155.5161581,155.5161581,217.7226214,217.7226214,0.0,0.0,0.0,0.0,0.0,0.0,0.0,0.0,0.0,0.0,0.0,0.0,0.0,0.0,0.0,0.0,0.0,0.0,0,0,0,0,0,0,0.0,0.0,0.0,0.0,0.0,0.0,1182.0,1213.0,1244.0,1275.0,1300.0,1340.0,1370.0,1400.0,1430.0,1430.0,1550.0,1580.0,1595.0,1600.0,1600.0,1620.0,1600.0,1550.0,1580.0,1500.0,1380.0,1270.0,800.0,700.0,800.0,480.0,500.0,500.0,400.0,400.0,400.0,400.0,400.0,700.0,1062.0,1350.0,1250.0,1200.0,1300.0,1400.0,1144.6,1134.0,1399.6,1412.1,1334.3,1580.1,1493.0,1373.0,1400.1,1361.1
SAU,SaudiArabiaSaudiArabiaSaudiArabiaSaudiArabiaSaudiArabiaSaudiArabiaSaudiArabiaSaudiArabia,0.0,0.0,0.0,0.0,0.0,0.0,0.0,0.0,0.0,0,0.0,0.0,0.0,0.0,0.0,0.0,0.0,0.0,0.0,0.0,0.0,0.0,0.0,0.0,0.0,0.0,0.556001369,1.17025909,1.409131909,0.72685142,0.0,0.0,0.750956424,0.973748873,1.549096451,2.109390066,2.528537215,3.865727349,3.418618394,3.481882368,4.684955367,1.913781842,0.0,0.0,0.0,0,0,0,0,0,0,0.0,0.0,0.0,0.0,0.0,0.0,0.0,0.0,0.0,0.0,0.0,0.0,0.0,0.0,0.0,0.0,0.0,0.0,0.0,0.0,0.0,0.0,0.0,0.0,0.0,0.0,16.237,16.175,16.41,17.78,17.2,16.9,16.6,16.9,13.844,10.47,9.39,10.0,10.0,11.0,6.0,13.501,9.103,9.028,8.233,6.9,7.67,5.839,5.5,4.158,4.888,0.0,0.0,0.0,0.0,0.0
SDN,SudanSudanSudanSudan,0.0,0.0,0.0,0.0,0.0,0.0,0.0,0.0,0.0,0,0.0,0.0,0.0,0.0,0.0,0.0,0.0,0.0,0.0,0.0,0.0,0.0,0.0,0.0,0.0,0.0,0.0,0.0,0.0,0.0,0.0,0.0,0.0,0.0,0.0,0.0,0.0,0.0,0.0,0.0,0.0,0.0,0.0,0.0,0.0,0,0,0,0,0,0,0.0,0.0,0.0,0.0,0.0,0.0,0.0,0.0,0.0,0.0,0.0,0.0,0.0,0.0,0.0,0.0,0.0,0.0,0.0,0.0,0.0,0.0,0.0,0.0,0.0,0.0,0.0,0.0,0.0,0.0,0.0,0.0,0.0,0.0,0.0,0.0,0.0,1.6,3.3,2.8,2.9,2.6,2.437,2.405,0.0,0.413,0.631,0.7,0.7,0.7,1.0,1.0,1.0,2.0,2.0,2.0
SEN,Senegal,0.0,0.0,0.0,0.0,0.0,0.0,0.0,0.0,0.0,0,0.0,0.0,0.0,0.0,0.0,0.0,0.0,0.0,0.0,0.0,0.0,0.0,0.0,0.0,0.0,0.0,0.0,0.0,0.0,0.0,0.0,0.0,0.0,0.0,0.0,0.0,0.0,0.0,0.0,0.0,0.0,0.0,0.0,0.0,0.0,0,0,0,0,0,0,0.0,0.0,0.0,0.0,0.0,0.0,0.0,0.0,0.0,0.0,0.0,0.0,0.0,0.0,0.0,0.0,0.0,0.0,0.0,0.0,0.0,0.0,0.0,0.0,0.0,0.0,0.0,0.0,0.0,0.0,0.0,0.0,0.0,0.0,0.0,0.0,0.0,0.0,0.0,0.0,0.0,0.0,0.0,0.0,0.0,0.0,0.0,0.0,0.0,0.0,0.0,0.54,0.5,0.7,0.94,0.9
SGP,FederatedMalayStatescFederatedMalayStatescFederatedMalayStatescFederatedMalayStatescFederatedMalayStatescFederatedMalayStatesc,0.0,0.0,0.0,0.0,0.0,0.0,0.0,0.0,0.0,0,265.1925912,268.72865541,0.0,0.0,0.0,0.0,0.073403627,0.080868402,0.080868402,0.074647756,0.080868402,0.083978725,0.080868402,0.102640664,0.093309695,0.0,0.0,0.0,0.0,0.0,0.0,0.0,0.0,0.0,0.0,0.0,0.0,0.0,0.0,0.0,0.0,0.0,0.0,0.0,0.0,0,0,0,0,0,0,0.0,0.0,0.0,0.0,0.0,0.0,0.0,0.0,0.0,0.0,0.0,0.0,0.0,0.0,0.0,0.0,0.0,0.0,0.0,0.0,0.0,0.0,0.0,0.0,0.0,0.0,0.0,0.0,0.0,0.0,0.0,0.0,0.0,0.0,0.0,0.0,0.0,0.0,0.0,0.0,0.0,0.0,0.0,0.0,0.0,0.0,0.0,0.0,0.0,0.0,0.0,0.0,0.0,0.0,0.0,0.0
SLB,SolomonIslandsSolomonIslandsSolomonIslands,0.0,0.0,0.0,0.0,0.0,0.0,0.0,0.0,0.0,0,0.0,0.0,0.0,0.0,0.0,0.0,0.0,0.0,0.0,0.0,0.0,0.0,0.0,0.0,0.0,0.0,0.0,0.0,0.0,0.0,0.0,0.0,0.0,0.0,0.0,0.0,0.0,0.0,0.0,0.0,0.0,0.0,0.0,0.0,0.0,0,0,0,0,0,0,0.0,0.0,0.0,0.0,0.0,0.0,0.0,0.0,0.0,0.0,0.0,0.0,0.0,0.0,0.0,0.0,0.0,0.0,0.0,0.0,0.0,0.0,0.0,0.0,0.0,0.0,0.0,0.0,0.0,0.0,0.0,0.003,0.001,0.0,1.466,2.138,0.7,0.0,0.0,0.0,0.0,0.0,0.0,0.0,0.0,0.0,0.0,0.592,0.902,0.685,0.28,0.0,0.0,0.0,0.0,0.0
SLE,SierraLeoneSierraLeoneSierraLeoneestimated,0.0,0.0,0.0,0.0,0.0,0.0,0.0,0.0,0.0,0,0.0,0.0,0.0,0.0,0.0,0.0,0.0,0.0,0.0,0.093309695,0.124412927,0.203197412,0.052035707,0.047805667,0.048769867,0.040434201,0.0,0.0,0.0,0.0,0.0,0.0,0.0,0.0,0.0,0.0,0.0,0.0,0.0,0.0,0.0,0.0,0.0,0.0,0.0,0,0,0,0,0,0,0.0,0.0,0.0,0.0,0.0,0.0,0.0,0.0,0.0,0.0,0.0,0.0,0.0,0.0,0.0,0.0,0.0,0.0,0.0,0.0,0.0,0.0,0.0,0.0,0.0,0.0,0.0,0.0,0.0,0.0,0.0,0.0,0.0,0.0,0.0,0.0,0.0,0.0,0.0,0.0,0.0,0.0,0.0,0.0,0.0,0.0,0.0,0.0,0.0,0.0,0.0,0.0,0.0,0.0,0.0,0.0
SLV,ElSalvadorElSalvadorElSalvadorSalvadorSalvadorSalvadorSalvadorSalvadorc,0.0,0.0,0.0,0.0,0.0,0.0,0.0,0.0,0.0,0,0.0,0.0,0.0,0.0,0.0,0.0,0.0,0.0,0.0,0.149979783,0.005411962,0.0,0.09278094,0.110167646,0.089141862,0.453018569,3.6390781,191.8758359,7.65139498,7.65139498,193.1510684,192.7467264,6.878293055,9.07247053,8.892196199,6.728935336,7.783863643,14.39581973,0.0,10.86068863,10.83412647,7.986438991,7.155422848,5.217256073,5.359273429,0,0,0,0,0,0,0.0,0.0,0.0,0.0,0.0,0.0,4.775,6.694,5.51,3.816,5.422,5.591,5.088,3.484,5.754,6.22,4.547,4.261,2.666,0.684,0.8,0.0,0.0,0.0,0.0,0.0,0.0,0.0,0.0,0.0,0.0,0.0,0.0,0.0,0.0,0.0,0.0,0.0,0.0,0.0,0.0,0.0,0.0,0.0,0.0,0.0,0.0,0.0,0.0,0.0,0.0,0.0,0.0,0.0,0.0,0.0
SRB,JugoslaviaJugoslaviaJugoslaviaSerbiaSerbiaaSerbiaaSerbiaaYugoslaviaYugoslaviaYugoslaviaYugoslaviaYugoslaviaYugoslaviaYugoslaviaYugoslaviaYugoslaviaYugoslaviaYugoslaviaYugoslavia,0.0,0.894466735,0.373674225,0.0,0.311032316,0.622064633,0.622064633,0.0,0.0,0,0.763957575,0.971975988,0.0,1.399956455,1.673353861,0.0,2.48825853,2.394948835,2.48825853,62.76943174,63.91714099,68.92476128,54.53929893,55.53727722,69.7488414,76.20291748,71.53743274,0.0,0.0,0.0,0.0,0.0,0.0,0.0,0.0,0.0,0.0,74.21231066,94.30499829,80.15436534,94.80324096,88.00329694,92.79925974,85.84532363,80.54934528,0,0,0,0,0,0,106.0131567,132.7649218,114.0010886,107.5461416,94.02824173,107.5091288,106.271,104.307,101.0,106.0,121.0,143.595,144.0,145.5,159.4,162.0,148.791,137.516,103.976,124.0,128.0,156.451,177.446,151.129,138.957,133.018,105.3,0.0,66.42,25.144,18.0,31.054,68.805,42.64,34.474,7.643,0.0,0.0,0.0,0.0,0.0,0.0,2.2,4.2,0.0,4.0,4.384,7.38,8.388,8.4,8.4,7.5,11.3,12.3,9.0,12.0
SUR,GuianaDutchandFrenchandUruguayGuianaFrenchandDutchGuianaFrenchandDutchGuianaFrenchandDutch,1.589717272,0.0,0.0,0.264377469,0.248825853,0.248825853,0.0,0.0,0.0,0,42.73366303,43.53292277,36.08189481,0.0,0.0,0.0,0.0,0.0,0.0,0.130633573,0.18661939,0.0,0.18661939,0.18661939,0.18661939,0.18661939,0.18661939,0.18661939,0.18661939,0.18661939,0.18661939,0.18661939,0.0,0.0,0.0,0.0,0.0,0.0,0.0,0.0,0.0,0.0,0.0,0.0,0.0,0,0,0,0,0,0,0.0,0.0,0.0,0.0,0.0,0.0,0.0,0.0,0.0,0.0,0.0,0.0,0.0,0.0,0.0,0.0,0.0,0.0,0.0,0.0,0.0,0.0,0.0,0.0,0.0,0.0,0.0,0.0,0.0,0.0,0.0,0.0,0.0,0.0,0.0,0.0,0.0,0.0,0.0,0.0,0.0,0.0,0.0,0.0,0.0,0.0,0.0,0.0,0.0,0.0,0.0,0.0,0.0,0.0,0.0,0.0
SVK,CzechoslovakiaCzechoslovakiaCzechoslovakiaCzechoslovakiaCzechoslovakiaCzechoslovakiaCzechoslovakiaCzechoslovakiaCzechoslovakiaCzechoslovakiaCzechoslovakiaCzechoslovakiaCzechoslovakiaCzechoslovakiaSlovakiaSlovakiaSlovakia,0.0,0.0,0.0,0.0,0.0,0.0,0.0,0.0,0.0,0,2824.511151,2844.015552,2889.029144,23.4716494,32.45699978,34.30695779,40.50492986,45.69077167,38.31227645,32.96846132,30.50343691,29.08152157,31.9941837,31.22335231,32.03632857,31.10323163,25.03810146,27.05981151,25.03810146,23.0163914,23.0163914,20.99468135,9.330969488,18.66193898,43.54452428,49.7651706,0.0,0.0,0.0,50.01399645,50.01399645,50.01399645,50.01399645,50.01399645,50.01399645,0,0,0,0,0,0,74.6477559,74.6477559,74.6477559,74.6477559,74.6477559,74.6477559,35.0,35.0,35.0,35.0,35.0,37.0,37.0,37.0,36.0,35.0,5.0,35.0,33.0,30.0,32.0,32.0,33.0,34.0,25.0,20.0,26.0,28.0,20.0,0.0,0.0,0.0,0.0,0.0,0.0,0.0,0.0,0.0,0.0,0.0,0.0,0.065,0.074,0.05,0.198,0.201,0.32,0.33,0.441,0.508,0.437,0.532,0.391,0.41,0.345,0.295
SVN,JugoslaviaJugoslaviaJugoslaviaYugoslaviaYugoslaviaYugoslaviaYugoslaviaYugoslaviaYugoslaviaYugoslaviaYugoslaviaYugoslaviaYugoslaviaYugoslaviaYugoslavia,0.0,0.0,0.0,0.0,0.0,0.0,0.0,0.0,0.0,0,0.763957575,0.971975988,0.0,1.399956455,1.673353861,0.0,2.48825853,2.394948835,2.48825853,62.76943174,63.91714099,68.92476128,54.53929893,55.53727722,69.7488414,76.20291748,71.53743274,0.0,0.0,0.0,0.0,0.0,0.0,0.0,0.0,0.0,0.0,74.21231066,94.30499829,80.15436534,94.80324096,88.00329694,92.79925974,85.84532363,80.54934528,0,0,0,0,0,0,106.0131567,132.7649218,114.0010886,107.5461416,94.02824173,107.5091288,106.271,104.307,101.0,106.0,121.0,143.595,144.0,145.5,159.4,162.0,148.791,137.516,103.976,124.0,128.0,156.451,177.446,151.129,138.957,133.018,105.3,0.0,66.42,25.144,18.0,31.054,68.805,42.64,34.474,7.643,0.0,0.0,0.0,0.0,0.0,0.0,0.0,0.0,0.0,0.0,0.0,0.0,0.0,0.0,0.0,0.0,0.0,0.0,0.0,0.0
SWE,SwedenSwedenSwedenSwedenSwedenSwedenSwedenSwedenSwedenSwedenSwedenSwedenSwedenSwedenSwedenSwedenSwedenSwedenSwedenSweden,0.0,1.037075052,1.074212311,0.756772729,1.179652266,1.783739231,0.979782899,0.620385058,0.0,0,1.046281609,0.0,0.0,2.499922242,5.613822276,2.128922895,4.532860564,5.948804081,7.775807906,20.80336537,28.8701129,23.46726385,25.995179,29.22207707,29.43109079,34.95490031,34.92473018,34.69070946,38.73870175,45.92161986,40.62766321,40.19467513,35.30770427,40.27666325,33.86071973,35.39370471,35.47970514,39.67867251,0.0,68.31146776,48.87760878,68.9124444,74.57740039,79.69935616,78.13638767,0,0,0,0,0,0,97.11362011,106.024696,109.393176,107.4616653,109.6015676,114.5563124,122.836,121.137,132.388,147.397,141.371,140.442,143.617,169.153,263.556,180.0,165.988,184.504,184.511,204.046,180.2,231.483,262.708,254.107,207.804,227.715,242.685,239.321,210.319,255.257,276.042,268.2,271.866,304.048,299.051,341.584,328.737,306.029,320.823,340.701,319.563,309.933,292.255,323.171,293.068,288.59,302.145,301.959,309.337,341.346,382.611,479.686,498.686,467.5,443.624,419.926
SWZ,SwazilandSwazilandSwaziland,0.0,0.0,0.0,0.0,0.0,0.0,0.0,0.0,0.0,0,0.0,0.0,0.0,0.0,0.0,0.0,0.0,0.0,0.0,0.0,0.0,0.0,0.0,0.0,0.0,0.0,0.0,0.0,0.0,0.0,0.0,0.0,0.0,0.0,0.006562782,0.003856801,0.003732388,0.001866194,0.000559858,0.0,0.0,0.0,0.0,0.000435445,0.0,0,0,0,0,0,0,0.00404342,0.00404342,0.00087089,0.0,0.0,0.0,0.0,0.0,0.0,0.0,0.0,0.0,0.0,0.0,0.0,0.0,0.0,0.0,0.0,0.0,0.0,0.0,0.0,0.0,0.0,0.0,0.0,0.0,0.0,0.0,0.0,0.0,0.0,0.0,0.0,0.0,0.0,0.0,0.0,0.0,0.0,0.0,0.0,0.0,0.0,0.0,0.0,0.0,0.0,0.0,0.0,0.0,0.0,0.0,0.0,0.0
THA,TanzaniaThailandThailandThailand,0.0,0.0,0.0,0.0,0.0,0.0,0.0,0.0,0.0,0,0.0,0.0,0.0,0.0,0.0,0.0,0.0,0.0,0.0,0.0,0.0,0.0,0.0,0.0,0.0,0.0,0.0,0.0,0.0,0.0,0.0,0.0,0.0,0.0,0.0,0.0,0.0,0.0,0.0,0.0,0.0,0.0,0.0,0.0,0.0,0,0,0,0,0,0,0.0,0.0,0.0,0.0,0.0,0.0,0.0,0.0,0.0,0.0,0.0,0.0,0.0,0.0,0.0,0.0,0.0,0.0,0.0,0.0,0.0,0.0,0.0,0.0,0.0,0.0,20.5,20.0,10.0,11.0,10.0,0.0,0.0,0.0,0.0,0.0,0.0,0.0,0.0,0.0,0.0,14.013,11.24,7.727,5.465,15.3,15.3,16.423,32.047,32.381,29.216,15.569,17.984,10.911,12.041,12.55
TJK,SovietUnionSovietUnionSovietUnionSovietUnionSovietUnionTajikistanSovietUnionSovietUnion,0.0,0.0,0.0,0.0,0.0,0.0,0.0,0.0,0.0,0,0.0,0.0,0.0,0.0,0.0,0.0,0.0,0.0,0.0,0.0,0.0,0.0,121.3026033,155.5161581,155.5161581,217.7226214,217.7226214,0.0,0.0,0.0,0.0,0.0,0.0,0.0,0.0,0.0,0.0,0.0,0.0,0.0,0.0,0.0,0.0,0.0,0.0,0,0,0,0,0,0,0.0,0.0,0.0,0.0,0.0,0.0,1182.0,1213.0,1244.0,1275.0,1300.0,1340.0,1370.0,1400.0,1430.0,1430.0,1550.0,1580.0,1595.0,1600.0,1600.0,1620.0,1600.0,1550.0,1580.0,1500.0,1380.0,1270.0,0.0,0.0,0.0,0.0,0.0,0.0,0.0,0.0,0.0,0.0,0.0,0.0,0.0,0.0,0.0,0.0,0.0,0.0,3.1,1.8,1.8,1.8,1.7,0.0,0.0,0.0,0.0,0.0
TKM,SovietUnionSovietUnionSovietUnionSovietUnionSovietUnionSovietUnionSovietUnion,0.0,0.0,0.0,0.0,0.0,0.0,0.0,0.0,0.0,0,0.0,0.0,0.0,0.0,0.0,0.0,0.0,0.0,0.0,0.0,0.0,0.0,121.3026033,155.5161581,155.5161581,217.7226214,217.7226214,0.0,0.0,0.0,0.0,0.0,0.0,0.0,0.0,0.0,0.0,0.0,0.0,0.0,0.0,0.0,0.0,0.0,0.0,0,0,0,0,0,0,0.0,0.0,0.0,0.0,0.0,0.0,1182.0,1213.0,1244.0,1275.0,1300.0,1340.0,1370.0,1400.0,1430.0,1430.0,1550.0,1580.0,1595.0,1600.0,1600.0,1620.0,1600.0,1550.0,1580.0,1500.0,1380.0,1270.0,0.0,0.0,0.0,0.0,0.0,0.0,0.0,0.0,0.0,0.0,0.0,0.0,0.0,0.0,0.0,0.0,0.0,0.0,0.0,0.0,0.0,0.0,0.0,0.0,0.0,0.0,0.0,0.0
TUN,TunisTunisTunisTunisTunisTunisTunisiaTunisiaTunisiaTunisiaTunisiaTunisiaTunisiaTunisiaTunisia,0.0,0.0,0.0,0.0,0.0,0.0,0.0,0.0,0.0,0,0.0,0.0,0.0,0.0,0.0,0.0,3.079219931,2.86149731,0.0,0.182233834,0.119996268,0.68999409,0.52897266,1.33743896,5.431806165,1.929986626,1.670990016,1.289975428,1.70134677,1.598706106,0.277005381,1.094989269,1.068986968,1.869988492,1.67497123,0.497993842,2.124972785,2.233989612,1.900998414,5.206960903,3.888961463,3.300052875,2.852975024,2.689962987,2.643774688,0,0,0,0,0,0,0.391900718,1.051289229,1.181922802,1.390314454,1.107275046,1.461851886,1.8,3.287,7.258,5.924,4.233,9.095,7.85,7.351,1.962,3.17,7.332,2.621,3.562,2.803,1.66,0.804,0.809,0.7,0.0,0.0,1.0,1.0,1.0,1.0,1.0,2.5,1.5,0.1,0.4,0.4,3.7,3.65,3.0,3.0,3.0,4.0,0.0,0.0,0.0,0.0,0.0,0.0,0.0,0.0,0.0,0.0,0.0,0.0,0.0,0.0
TUR,TurkeyTurkeyTurkeyTurkeyTurkeyTurkeyTurkeyTurkeyTurkeyTurkeyTurkeyTurkeyb,0.0,46.93891325,46.65484744,46.65484744,15.55161581,12.44129265,12.44129265,0.0,0.0,0,0.0,0.0,0.0,6.999782277,7.001337439,0.0,6.842710958,6.842710958,6.842710958,0.0,0.0,0.0,0.0,0.0,0.0,0.0,0.0,0.0,0.0,0.0,0.0,0.0,0.0,0.0,0.0,0.0,18.03987434,0.0,0.0,0.0,0.0,0.0,0.0,0.0,0.0,0,0,0,0,0,0,0.0,0.0,0.0,0.0,0.0,0.0,0.0,0.0,0.0,0.0,0.0,0.0,0.0,0.0,0.0,0.0,6.5,8.6,8.7,6.8,7.0,16.8,8.9,8.8,16.0,21.7,26.5,48.0,92.0,64.0,60.0,53.0,71.0,90.0,87.0,90.0,193.0,188.0,124.0,149.0,150.0,219.0,266.0,315.0,286.0,286.0,363.52,246.5,193.89,189.6,205.0,190.55,376.64,151.49,197.32,99.5
TWN,FormosaFormosaFormosaFormosaFormosaFormosaFormosaFormosaTaiwanTaiwanTaiwanTaiwanTaiwan,1.614071102,1.598799415,1.481820161,1.190942739,1.231097011,0.0,0.0,0.0,0.0,0,0.60066561,0.342384374,0.0,0.448197568,0.562284221,0.0,0.36689372,0.0,0.0,5.415072626,5.287549376,0.0,0.0,0.0,0.0,0.0,0.0,0.0,0.0,0.0,0.0,0.0,0.0,0.0,0.0,0.226089391,0.086404777,0.06525458,0.0510093,0.209013717,1.264999533,1.248981369,1.988989456,1.678330379,2.580479612,0,0,0,0,0,0,1.884855837,2.715312121,2.472706914,3.601754222,2.7930702,2.516251439,2.973,2.26,2.302,2.898,1.021,0.193,3.109,2.112,2.343,2.656,2.957,6.683,15.679,10.739,11.33,11.386,12.613,9.856,8.388,6.491,3.926,0.0,0.0,0.0,0.0,0.0,0.0,0.0,0.0,0.0,0.0,0.0,0.0,0.0,0.0,0.0,0.0,0.0,0.0,0.0,0.0,0.0,0.0,0.0,0.0,0.0,0.0,0.0,0.0,0.0
TZA,TanganyikaTanganyikaeTanganyikaTerritoryTanganyikaTerritoryTanganyikaTerritoryTanganyikaTerritoryTanganyikaTerritoryTanganyikaTerritoryTanzaniaTanzaniaTanzaniaTanzaniaTanzania,0.0,0.0,0.0,0.0,0.0,0.0,0.0,0.0,0.0,0,12.7997885,12.26297782,16.33964729,0.024758172,0.028552767,0.048583248,0.031943019,0.03974993,0.0,0.103045006,0.121022674,0.151659357,0.190787223,0.287829305,0.363783397,0.512363535,0.85023794,1.133121831,1.23243445,0.827314858,0.581785948,0.532487325,0.674597991,0.674380268,0.657242387,0.788155889,0.836241485,1.607228391,3.531585332,5.352337408,8.237753103,6.577649218,10.68296476,17.47528848,16.22416099,0,0,0,0,0,0,0.786756244,0.711175391,0.328823365,0.071350813,0.074243414,0.062921838,0.034,0.001,0.001,0.0,0.0,0.0,0.0,0.0,0.0,0.0,0.0,0.0,0.0,0.0,0.0,0.0,0.0,0.0,0.0,0.0,0.0,0.0,0.0,0.0,0.0,0.0,0.0,0.0,0.0,0.0,0.0,6.861,6.69,7.986,13.216,12.891,14.906,12.381,10.388,8.231,12.04,13.524,11.227,11.014,14.493,0.0,0.0,0.0,0.0,0.0
UGA,UgandaUgandaaUgandabUgandabUgandab,0.0,0.0,0.0,0.0,0.0,0.0,0.0,0.0,0.0,0,0.0,0.0,0.0,0.0,0.0,0.0,0.0,0.0,0.0,0.0,0.0,0.0,0.010761718,0.028739386,0.042891356,0.061615502,0.043544524,0.03156978,0.031289851,0.035053342,0.014556312,0.009517589,0.008553389,0.006376162,0.002705981,0.001741781,0.001306336,0.001088613,0.000435445,0.000435445,0.001710678,0.002643775,0.002177226,0.001617368,0.000653168,0,0,0,0,0,0,0.0,6.22065e-05,0.0,0.0,0.0,0.0,0.0,0.0,0.0,0.0,0.0,0.0,0.0,0.0,0.0,0.0,0.0,0.0,0.0,0.0,0.0,0.0,0.0,0.0,0.0,0.0,0.0,0.0,0.0,0.0,0.0,0.0,0.0,0.0,0.0,0.0,0.0,0.0,0.0,0.0,0.0,0.0,0.0,0.0,0.0,0.0,0.0,0.0,0.0,0.0,0.0,0.0,0.0,0.0,0.0,0.0
UKR,SovietUnionSovietUnionSovietUnionSovietUnionSovietUnionSovietUnionSovietUnion,0.0,0.0,0.0,0.0,0.0,0.0,0.0,0.0,0.0,0,0.0,0.0,0.0,0.0,0.0,0.0,0.0,0.0,0.0,0.0,0.0,0.0,121.3026033,155.5161581,155.5161581,217.7226214,217.7226214,0.0,0.0,0.0,0.0,0.0,0.0,0.0,0.0,0.0,0.0,0.0,0.0,0.0,0.0,0.0,0.0,0.0,0.0,0,0,0,0,0,0,0.0,0.0,0.0,0.0,0.0,0.0,1182.0,1213.0,1244.0,1275.0,1300.0,1340.0,1370.0,1400.0,1430.0,1430.0,1550.0,1580.0,1595.0,1600.0,1600.0,1620.0,1600.0,1550.0,1580.0,1500.0,1380.0,1270.0,0.0,0.0,0.0,0.0,0.0,0.0,0.0,0.0,0.0,0.0,0.0,0.0,0.0,0.0,0.0,0.0,0.0,0.0,0.0,0.0,0.0,0.0,0.0,0.0,0.0,0.0,0.0,0.0
URY,GuianaandUruguayaGuianaDutchandFrenchandUruguay,1.589717272,0.0,0.0,0.264377469,0.248825853,0.248825853,0.0,0.0,0.0,0,42.998040499000005,43.803520885,36.08189481,0.0,0.0,0.0,0.0,0.0,0.0,0.0,0.0,0.0,0.0,0.0,0.0,0.0,0.0,0.0,0.0,0.0,0.0,0.0,0.0,0.0,0.0,0.0,0.0,0.0,0.0,0.0,0.0,0.0,0.0,0.0,0.0,0,0,0,0,0,0,0.0,0.0,0.0,0.0,0.0,0.0,0.0,0.0,0.0,0.0,0.0,0.0,0.0,0.0,0.0,0.0,0.0,0.0,0.0,0.0,0.0,0.0,0.0,0.0,0.0,0.0,0.0,0.0,0.0,0.0,0.0,0.0,0.0,0.0,0.0,0.0,0.0,0.0,0.0,0.0,0.0,0.0,0.0,0.0,0.0,0.0,0.0,0.0,0.0,0.0,0.0,0.0,0.0,0.0,0.0,0.0
USA,UnitedStatesUnitedStatesUnitedStatesUnitedStatesUnitedStatesUnitedStatesUnitedStatesUnitedStatesUnitedStatesUnitedStatesUSAUSAUSAUSAUSAUSAUSAUSAUSAUSA,0.0,2077.742527,2253.587758,2331.531679,2314.540823,2231.357096,2109.11446,1719.548257,1759.33887,0,2188.294548,1992.807533,2056.138907,1943.554446,1854.551398,1761.07331,1892.943019,1484.398712,958.8518553,707.2775652,719.3798949,1011.294143,1509.086467,1902.04143,2207.896271,1919.250941,2002.217069,2194.313147,2091.972163,1682.397593,1289.565674,1072.2385,902.746322,712.7182358,1114.228578,1184.909676,1078.503064,1320.612547,1227.447389,1227.094958,1168.574477,1148.996423,1156.969985,1211.412429,1187.052191,0,0,0,0,0,0,1130.104818,1238.096265,1358.246649,1006.029735,1017.977015,1263.879817,1399.831,1292.79,1158.039,1176.583,1051.3,1086.706,1067.752,1187.123,1225.05,1152.97,1005.579,1265.418,1251.895,1350.397,1382.28,1226.531,1073.838,1240.95,1661.0,2007.0,2121.0,1855.0,1804.0,1645.0,1480.5,1564.9,1570.2,2181.6,2064.6,1951.0,1980.1,1740.0,1354.0,1239.4,1246.1,1225.8,1155.3,1281.0,1250.0,1238.8,1275.9,1122.3,1055.3,1037.0,1183.9,1090.0,1150.0,1030.0,934.0,971.0
UZB,SovietUnionSovietUnionSovietUnionSovietUnionSovietUnionSovietUnionSovietUnionUzbekistanUzbekistanUzbekistanUzbekistan,0.0,0.0,0.0,0.0,0.0,0.0,0.0,0.0,0.0,0,0.0,0.0,0.0,0.0,0.0,0.0,0.0,0.0,0.0,0.0,0.0,0.0,121.3026033,155.5161581,155.5161581,217.7226214,217.7226214,0.0,0.0,0.0,0.0,0.0,0.0,0.0,0.0,0.0,0.0,0.0,0.0,0.0,0.0,0.0,0.0,0.0,0.0,0,0,0,0,0,0,0.0,0.0,0.0,0.0,0.0,0.0,1182.0,1213.0,1244.0,1275.0,1300.0,1340.0,1370.0,1400.0,1430.0,1430.0,1550.0,1580.0,1595.0,1600.0,1600.0,1620.0,1600.0,1550.0,1580.0,1500.0,1380.0,1270.0,0.0,0.0,0.0,50.0,50.0,50.0,50.5,61.1,60.0,60.0,60.0,60.0,60.0,60.0,60.0,60.0,60.0,60.0,59.1,60.0,60.0,60.0,60.0,0.0,0.0,0.0,0.0,0.0
VEN,VenezuelaVenezuelaaVenezuelabVenezuelabVenezuelacVenezuelaestimatedVenezuelaestimated,0.0,0.0,0.0,0.0,0.102640664,0.093309695,0.0,0.0,0.0,0,0.083978725,0.148828963,0.083978725,0.099530341,0.099530341,0.0,0.124412927,0.124412927,0.124412927,0.18661939,0.18661939,0.0,0.217722621,0.217722621,0.217722621,0.217722621,0.217722621,0.217722621,0.217722621,0.217722621,0.217722621,0.217722621,0.0,0.0,0.0,0.0,0.0,0.0,0.0,0.0,0.0,0.0,0.0,0.0,0.0,0,0,0,0,0,0,0.0,0.0,0.0,0.0,0.0,0.0,0.0,0.0,0.0,0.0,0.0,0.0,0.0,0.0,0.0,0.0,0.0,0.0,0.0,0.0,0.0,0.0,0.0,0.0,0.0,0.0,0.0,0.0,0.0,0.0,0.0,0.0,0.0,0.0,0.0,0.0,0.0,0.0,0.0,0.0,0.0,0.0,0.0,0.0,0.0,0.0,0.0,0.0,0.0,0.0,0.0,0.0,0.0,0.0,0.0,0.0
VNM,FrenchIndo-ChinaFrenchIndo-ChinaFrenchIndo-ChinaFrenchIndo-ChinaFrenchIndo-China,0.0,0.0,0.0,0.0,0.0,0.0,0.0,0.0,0.0,0,0.0,0.0,0.0,0.379988181,0.31597773,1.653945445,0.098503935,0.121302603,0.0,0.0,0.0,0.108861311,0.11299804,0.173991478,0.11001213,0.074989891,0.052004603,0.054399552,0.026406644,0.001399645,0.0,0.0,0.0,0.0,0.0,0.0,0.0,0.0,0.0,0.0,0.0,0.0,0.0,0.0,0.0,0,0,0,0,0,0,0.0,0.0,0.0,0.0,0.0,0.0,0.0,0.0,0.0,0.0,0.0,0.0,0.0,0.0,0.0,0.0,0.0,0.0,0.0,0.0,0.0,0.0,0.0,0.0,0.0,0.0,0.0,0.0,0.0,0.0,0.0,0.0,0.0,0.0,0.0,0.0,0.0,0.0,0.0,0.0,0.0,0.0,0.0,0.0,0.0,0.0,0.0,0.0,0.0,0.0,0.0,0.0,0.0,0.0,0.0,0.0
ZAF,NatalSouthAfricaSouthAfricaSouthAfricaSouthAfricaSouthAfricaSouthAfricaSouthAfricaSouthAfricaSouthAfricaSouthAfricaSouthAfricaSouthWestAfricaSouthWestAfricabSouthWestAfricacSouthWestAfricacSouthWestAfricacSouthWestAfricadSouthWestAfricafSouthWestAfricacTransvaalUnionofSouthAfricaUnionofSouthAfricaUnionofSouthAfricaUnionofSouthAfricaUnionofSouthAfricaUnionofSouthAfricaUnionofSouthAfricaUnionofSouthAfricaUnionofSouthAfrica:,29.641504156,27.706167768,30.050978201,30.136076642,29.179372333,27.293801123,27.722434759,0.0,0.0,0,0.763957575,0.971975988,0.0,30.5226276,31.46825915,32.07912662,59.83574383,63.85611645,52.93925539,39.988429598,33.12528382,31.17175205,32.41588131,33.45541352,45.384000500000006,55.107772690000004,54.14469223,40.19420858,46.12307549,45.95679761,41.49301732,37.72980623,38.67456689,37.55320208,47.82725265,48.861652830000004,56.4042798,62.84858947,63.12668346,65.37298995,63.08957731,65.02777519,85.23993032999999,108.18742807000001,54.97409101,0,0,0,0,0,0,126.83524618,148.33547945,144.64968431,140.37721999000001,145.77428386,143.31168546,147.701,158.814,144.65,162.206,164.81,95.923,87.736,97.364,96.559,100.664,232.0,236.963,218.943,203.211,219.529,209.367,223.59,210.366,201.215,181.698,160.719,171.555,182.723,192.418,195.754,174.316,168.689,144.005,144.481,151.96,144.1,109.6,113.108,87.325,73.124,89.023,86.951,70.089,75.199,77.78,79.315,73.18,67.304,68.777,37.268,51.9,55.6,62.536,46.467,55.903
ZMB,NorthernRhodesiaNorthernRhodesiaNorthernRhodesiaNorthernRhodesiaNorthernRhodesiaNorthernRhodesiaNorthernRhodesiaNorthernRhodesiacZambiaZambiaZambiaZambiaZambiaZambiaZambiaZambiabZambiad,0.0,0.0,0.0,0.0,0.0,0.0,0.0,0.0,0.0,0,116.7303661,138.3386831,148.6853908,1.367453578,0.570557681,0.002737084,0.069951168,0.019812759,0.017044571,0.010543996,0.000777581,0.005816304,0.004696588,7.12733663,2.608348107,2.744362539,2.492519673,0.009673105,1.421386582,0.003234736,0.001275232,0.0,0.070573233,19.73164132,2.279151504,4.536872881,4.196448011,5.390314454,3.132157631,10.85359709,15.32807689,12.53674847,12.82047215,18.98447949,17.72725576,0,0,0,0,0,0,31.14263942,26.40101397,25.34913377,25.66016609,25.81568225,25.81568225,47.845,39.39,3.403,0.062,2.916,31.1,33.1,45.0,32.0,31.1,23.752,22.219,27.599,29.027,24.736,18.873,26.78,29.879,29.333,19.802,18.5,14.2,18.3,18.1,14.0,7.875,9.643,7.219,6.936,6.076,6.0,0.0,0.0,0.0,0.0,0.0,0.0,0.0,0.0,0.0,0.0,0.0,0.0,0.0,0.0,0.0,0.0,0.0,0.093,7.212
ZWE,RhodesiaRhodesiaRhodesiabSouthernRhodesiaSouthernRhodesiaSouthernRhodesiaSouthernRhodesiaSouthernRhodesiaSouthernRhodesiaSouthernRhodesiaSouthernRhodesiaSouth-WestAfricadZimbabweZimbabweZimbabweZimbabweZimbabweZimbabweZimbabwe,4.428789151,4.690149607,5.761344904,6.24167211,6.593542969,5.465522068,5.34975584,5.119063171,0.0,0,7.464309042,0.0,0.0,11.955180243000001,15.211190943,10.688221206,2.713228204,2.261827004,2.362601474,3.563030699,3.497060745,3.993063979,4.108332556,4.512208018,4.72887313,5.176106497,5.398152468,5.787689341,5.298870953,5.093962863,3.711299804,3.227768965,2.985132655,2.960032347,2.85841809,2.531927467,2.628067556,2.660850362,2.479891761,2.530434512,2.630275886,2.539796585,2.389879008,2.390905415,2.307206619,0,0,0,0,0,0,2.751485179,2.590432646,2.954807004,0.0,0.0,0.0,2.686,3.333,4.416,5.8,5.266,7.533,6.228,6.442,34.505,30.418,29.681,26.913,28.708,29.186,27.783,24.851,26.126,25.348,21.896,22.332,21.151,19.38,16.93,12.004,10.942,15.64,9.982,5.923,6.681,5.396,3.799,3.449,3.219,2.483,3.216,3.4,1.0,1.1,0.5,0.0,0.0,0.0,0.0,0.0,0.0,0.0,0.0,0.0,0.0,0.0
